content_id,name,address,content_type_id,city,lat,lng,image_url,overview,tel,homepage,pet_acmpy_type,pet_acmpy_animal,pet_need,pet_etc_info,pet_facility,open_hours,closed_days,parking
3015170,참샘허브나라,경상남도 밀양시 초동면 방동길 129,12,경상남도,35.452414343774834,128.70527589160244,https://tong.visitkorea.or.kr/cms/resource/69/3533869_image2_1.jpg,"참샘허브나라가 있는 꽃새미마을은 꽃이 샘처럼 피어나라는 의미에서 꽃새미마을로 이름이 붙여졌다. 2005년에 농촌체험마을로 지정받아 다양한 체험활동도 즐길 수 있고, 아름다운 숲은 도시의 높은 빌딩 숲을 떠나 자연과 나무 숲속에서 작은 정원을 돌아보며 힐링할 수 있는 시간을 가져보기 좋은 곳이다. 참샘허브나라에는 다양한 테마의 꽃과 식물로 어우러진 정원이 있고, 허브향 가득한 온실 및 허브 관련 다양한 체험을 할 수 있으며, 맑은 공기와 숲으로 어우러진 휴식 공간을 제공한다.",,https://chamsamherb.com/,전구역 동반가능,전 견종 동반 가능,목줄 착용,"- 맹견의 경우, 입마개 착용 필수- 배변봉투 지참 및 배변처리 필수",,09:00~17:00,"매주 월요일※ 강풍 및 우천 시, 안전 상의 이유로 휴장",가능
662268,피나클랜드 수목원,충청남도 아산시 영인면 월선길 20-42,12,충청남도,36.8724691971755,126.926329288305,https://tong.visitkorea.or.kr/cms/resource/25/3485925_image2_1.jpg,"피나클랜드 수목원은 사계절마다 다른 매력을 지닌 13개의 테마정원과 산책길로 이루어져 있다. 봄에는 수선화와 튤립, 여름에는 수국, 가을에는 국화, 겨울에는 눈꽃이 수놓아져 자연의 아름다움을 만끽할 수 있다. 계절에 따라 계절 꽃 축제, 물놀이, 불꽃놀이 등 다양한 행사가 열리며, 화분 체험과 함께 알파카·유산양·사슴·비단잉어 먹이 주기, 스탬프 북 체험도 즐길 수 있다.",,https://pinnacleland.co.kr/,일부구역 동반가능,15kg 미만 중소형견만 입장 가능(맹견 및 대형견 입장 불가),"반려동물 유모차 탑승,이동장(켄넬)사용","반려동물 동반여행지 시범운영 중으로 주중 및 주말 입장 여부 상의(입장 전 문의 필요) / 현재, 여름 비수기는 주중, 주말 모두 입장 가능 / 봄, 가을 축제 기간에는 주중에만 입장 가능 / 이동 시, 이동가방 및 유모차 필수 (사진 촬영 및 배변 시에는 잠시 외출 가능) / 내부 실내 시설 입장 불가 / 야외 좌석 착석은 가능(잔디 진입 불가) / 배변봉투 지참 및 수거 필수",,※ 이용 시기 및 축제 상황에 따라 변동되므로 홈페이지 참조 또는 전화 문의 요망,연중무휴,가능
3018216,강천섬유원지,경기도 여주시 강천면 강천리길 88-60,12,경기도,37.2339,127.6956,https://tong.visitkorea.or.kr/cms/resource/38/3547138_image2_1.jpg,"남한강(여강) 상류에 위치한 강천섬은 가을 은행나무와 봄 목련과 한때 2급 멸종 위기 야생식물인 단양쑥부쟁이 군락이 있는 생태섬이다. 강천섬은 본래 섬이 아니라 장마철이면 물이 불어 섬이 되던 곳으로 4대강 사업을 거치며 육지와 완전히 분리되어 섬이 되었다.
강천섬유원지에 길게 직선으로 펼쳐진 가로수길은 마치 멜로 영화의 주인공이 된 듯한 기분이 들게 한다. 강천섬 곳곳을 이어주는 산책길을 여유롭게 걸어도 좋고, 걷다가 마음에 드는 풍경을 배경으로 앉아 강천섬이 주는 쉼을 느껴도 좋다. 
강천섬유원지에는 다양한 문화 관광 프로그램이 있는 강천섬 힐링센터와 남한강을 조망하며 낭만을 즐길 수 있는 캠핑장이 조성되어 있다. 힐링센터 1층엔 친환경 놀이터가 있어 아이들이 신나게 뛰어놀 수 있고, 2층엔 다양한 프로그램을 운영하는 강의실과 다목적실 등이 있다. 센터 옥상에는 강천섬을 좀 더 높은 곳에서 바라볼 수 있는 정원과 휴게 공간이 있다. 강천섬은 친환경 자연형 캠핑장으로 자연환경 보호를 위해 캠핑장 내 차량 출입이 제한되어 있다. 전기 제공 또한 불가하다. 캠핑장 예약은 홈페이지를 통해 이루어지고 있다.
주차장을 포함한 강천섬 일원에서는 낚시, 야영(숙영), 취사가 금지되어 있다. 단, 주간에 그늘막(텐트 포함) 설치 및 조리된 음식 섭취는 가능하다.",,https://camp.yjcf.or.kr,전구역 동반가능,,목줄 착용,,,[캠핑장]- 입실 14:00- 퇴실 12:00,매주 화요일,가능
3018384,노동 저수지,전북특별자치도 고창군 고창읍 노동로 252,12,전북특별자치도,35.420148522507624,126.70806566473787,https://tong.visitkorea.or.kr/cms/resource/17/3033717_image2_1.jpg,"노동 저수지는 도시 생활권의 훼손되고 방치된 공간을 복원하여 습지, 개울, 초지, 숲 등 다양한 생물서식처를 조성함으로써 도시의 생물 다양성을 증진하면서 시민에게 쾌적한 생태 휴식공간을 제공하기 위해 추진된 고창 자연마당 조성 사업의 일환으로 2016년~2018년에 사업면적 66.11㎡로 조성되었다. 수목원, 유아체험원, 관찰데크, 탐조테크, 숲 체험원, 자연마당데크 등 다양한 공간으로 자연을 느낄 수 있으며 제19회 자연환경대상 공모전에서 대상인 환경부장관상을 수상하였다. 수상길은 저수지 물 위에 떠 있는 데크로 수위 변동에 따라 뜨거나 가라앉는 구조로 되어있어 시작점 도교는 수위가 낮을 때는 경사가 급해진다. 탐방길은 노동수상길 0.44㎞, 자연마당 0.3㎞, 전불길 3.6㎞로 중간에 부위 분수, 조망 다리, 휴게 공간 등이 있어 아름다운 자연과 함께 힐링 산책을 즐길 수 있다.",,,일부구역 동반가능,전 견종 동반 가능,목줄 착용,"- 맹견의 경우, 입마개 착용 필수- 배변봉투 지참 및 배변처리 필수",,상시 개방,연중무휴,가능
2758212,병술만어촌체험마을,충청남도 태안군 안면읍 중장리 1655-2,12,충청남도,36.4733211884261,126.344315703056,https://tong.visitkorea.or.kr/cms/resource/46/3572946_image2_1.jpg,"충청남도 태안군 안면읍 중장리에 위치한 병술만어촌체험마을은 안면도의 정중앙부에 위치한 마을이다. 안면송과 병술만해변, 일몰을 감상할 수 있는 수변테크를 가지고 있는 아름다운 어촌마을이다. 2012년 전국 농어촌 체험 마을 경진대회에서 최우수상을 받았으며, 마을에서는 맛조개와 바지락을 캐는 체험을 진행한다. 비용을 지불하면 장화, 호미, 바구니, 장갑을 빌려준다. 마을 인근으로는 11개의 해수욕장이 위치하고 있으며, 안면암과 일몰이 유명하다. 또한 꽃지해수욕장과 안면도자연휴양림이 있어 함께 방문하기 좋다.",,https://cms.seantour.com,일부구역 동반가능,모든 견종 동반 가능,목줄 착용,반려인/비반려인 체험공간 분리운영,세면 / 건조시설,※ 체험 일정에 따라 상이하므로 전화 문의 요망,※ 체험 일정에 따라 상이하므로 전화 문의 요망,가능
3018842,갈멜정원,전라남도 보성군 웅치면 일림로 530-26,12,전라남도,34.70156,127.053593,https://tong.visitkorea.or.kr/cms/resource/14/3018814_image2_1.jpg,"전라남도 민간정원 6호인 갈멜정원은 신의 정원이라는 뜻으로 황무지를 개간하여 1984년부터 갈멜농원을 운영하면서 사슴 사육과 조경수와 녹차를 재배하고 가족들이 좋아하는 나무와 꽃을 직접 가꿨다고 한다. 2,600여 평의 잘 가꾸어진 잔디밭으로 이루어진 아름다운 정원은 사계절이 함께 하는 소나무, 향나무, 미산딸나무 등 정원수가 잘 가꿔져 있고 한반도를 연상하게 하는 연못과 분수대, 새소리, 바람 소리도 아름다운 곳이다.
아름다운 수목과 조형물이 과하지 않아 편안한 마음으로 산책할 수 있다. 경희궁, 덕수궁, 경복궁, 창경궁 등 5대 궁궐의 이름을 딴 독채 펜션이 있어 힐링과 웰빙의 명소로 부상하고 있어 정원의 조경수를 즐기고 편안한 하룻밤을 묵으며 휴식의 시간을 가질 수 있다.",,,일부구역 동반가능,전 견종 동반 가능,목줄 착용,"- 정원 혼잡도에 따라 동반 여부가 상이할 수 있어 방문 전 사전 문의 필수- 카페 내부는 동반 불가- 맹견의 경우, 입마개 착용 필수- 배변봉투 지참 및 배변처리 필수",,상시 개방,연중무휴,가능
3035114,죽산수변공원,전라남도 나주시 다시면 영산강자전거길 7549 일원,12,전라남도,34.970736497197706,126.62729322459649,https://tong.visitkorea.or.kr/cms/resource/04/3035104_image2_1.jpg,"죽산보는 영산강에 설치된 보로 나주평야 일대 농업용수 확보 및 홍수와 가뭄을 대비하기 위한 목적으로 설치되었으며 2009년 12월에 착공하여 2011년에 완공되었다. 보의 길이는 184m이고 보의 교각 상부에는 공도교와 관리용 전망대가 설치되어 있다. 죽산보 인근의 죽산수변공원은 가을이면 영산강 양쪽으로 자라는 갈대를 보기 위해서 찾아오는 명소이기도 하며 일몰시간에 와서 휴식을 즐길 수 있는 조용한 힐링 장소이다. 해가 지고 밤이 되면 죽산보의 조명이 켜지며 자전거 체인을 형상화한 곡선이 유려한 죽산보 전망대 건물은 야경 명소로 탈바꿈한다. 죽산수변공원과 자전거길 주변으로 사계절 야생화 꽃길이 조성되어 있어 자전거를 타면서 아름다운 영산강을 온몸으로 느낄 수 있다.
인근에 죽산보오토캠핑장이 있어서 캠핑이 가능하며 죽산보를 건너 강 양옆의 자전거길을 이용할 수 있어 다양한 시각으로 풍광을 즐길 수 있다.",,,일부구역 동반가능,전 견종 동반 가능,,"- 맹견의 경우, 입마개 착용 필수- 배변봉투 지참 및 배변처리 필수",,상시 개방,연중무휴,가능
2714659,보롬왓,제주특별자치도 서귀포시 번영로 2350-104,12,제주특별자치도,33.4134934171129,126.752493951494,https://tong.visitkorea.or.kr/cms/resource/38/3551438_image2_1.jpg,"보롬왓은 서귀포 표선면에 위치한 농장으로, 바람이 부는 밭이라는 뜻의 제주 방언이다. 밭이라는 명칭이 있는 만큼 청보리, 메밀 등 밭작물을 만날 수 있으며, 튤립, 유채꽃, 수국, 라벤더 등 아름다운 꽃들도 만나볼 수 있다. 꽃뿐만 아니라 닭, 소, 양, 염소 등 다양한 동물도 볼 수 있어 아이들과 함께 방문하기에도 좋다. 보롬왓 농장 내부에 있는 카페는 식물들을 감상하며 차를 마시며 여유를 즐길 수 있다.",,https://www.instagram.com/boromwat_/,전구역 동반가능,6kg 이하 동반 가능,목줄 착용,배변봉투 지참 및 배변처리 필수,,09:00~18:00,연중무휴,가능 요금 (무료)
2718736,코리아플라워파크,충청남도 태안군 안면읍 꽃지해안로 400,12,충청남도,36.501131590395,126.336790699792,https://tong.visitkorea.or.kr/cms/resource/67/3090767_image2_1.jpg,"코리아플라워파크는 태안의 아름다운 낙조를 품은 꽃지 해수욕장에 위치해 있다. 항상 꽃을 볼 수 있는 하훼 테마공원으로 튤립, 여름꽃, 가을꽃들을 전시하며 겨울을 제외한 계절별로 운영을 하고 있다. 공원 내에는 색깔, 모양, 이름도 제각각인 전 세계 꽃들을 한눈에 볼 수 있도록 조성했다. 2006년부터 쌓아온 꽃 축제 관련 기술, 서비스 등의 노하우를 바탕으로 관람객들에게 안락함과 편안함을 물론 아름다운 추억을 만들어준다. 

(출처 : 코리아플라워파크 홈페이지)",,https://www.koreaflowerpark.com/,전구역 동반가능,,목줄 착용,"- 네이처월드로 장소이동 개최- 맹견의 경우, 입마개 착용 필수- 배변봉투 지참 및 배변처리 필수",산책로,- 09:00~18:00- 입장마감 17:00,행사 기간에만 운영,"가능 (승용 2,667대 / 버스 150대)"
127644,울산대공원,울산광역시 남구 대공원로 94 (옥동),12,울산광역시,35.53165662544364,129.29351903251052,https://tong.visitkorea.or.kr/cms/resource/24/3072324_image2_1.jpg,"1960년 이후 중화학공업을 위주로 한 공업도시로서 울산의 이미지는 ‘성장’이라는 긍정적인 면이 있지만 공해도시 그리고 삶의 질이 열악한 도시라는 부정적인 측면이 더 부각되기 시작하였고, 이러한 상황 속에서 청정제 역할을 할 공원이 절실히 요구되었다. 이에 따라 1986년부터 울산광역시는 남구 공업탑 로터리 주변 신정동과 옥동 일대 364만여㎡의 부지를 매입ㆍ제공하였고, SK주식회사는 1996년부터 10년 동안 울산대공원 시설을 조성한 후 이를 울산광역시에 무상 기부하였다.
이렇게 설립된 울산 대공원은 시민 삶의 질 향상에 기여함은 물론, 도시의 균형적 성장의 시작점이 되고 있으며, 산업도시 울산이 산업과 자연이 조화를 이루는 도시로 전환하는 기폭제가 되었다. 울산대공원은 시민들이 이용하기 편리하며, 풍부한 산업환경과 울산의 문화를 그대로 느낄 수 있도록 설계되었다. 남녀노소 다양한 계층을 위한 체험의 장이자 문화와 휴식의 공간이며, 공원의 효율적인 관리를 통하여 생동감 넘치는 다양한 프로그램을 진행한다. 주민들에게 부담 없이, 지속적해서 방문할 수 있는 공간이 되고자 자연생태에 관한 교육 및 체험 학습도 제공하고 있다.",,http://www.uic.or.kr/ulsanpark/,일부구역 동반가능,전 견종 동반 가능,목줄 착용,"- 산책만가능, 시설이용은 동반불가- 맹견의 경우, 입마개 착용 필수- 배변봉투 지참 및 배변처리 필수",,05:00~23:00※ 일몰 이후 안전사고 예방을 위해 자전거 출입 제한,매주 월요일 휴무※ 성수기(6~9월) 탄력적 운영,가능
2714222,스누피가든,제주특별자치도 제주시 구좌읍 금백조로 930,12,제주특별자치도,33.44337164886826,126.77860501008234,https://tong.visitkorea.or.kr/cms/resource/87/3354387_image2_1.jpg,"스누피 가든 하우스는 감정에 솔직하고 개성 있는 피너츠 친구들을 만나 그들 간의 상호 관계를 통한 공감과 위로의 메시지를 얻는 곳이다. 가든 하우스의 테마홀은 피너츠 에피소드에 담긴 일상의 이야기와 ‘Peanuts, Nature & Life’를 주제로 나의 일상을 연결할 수 있는 공간이다. 5개의 테마홀과 카페 스누피, 피너츠 스토어에서 걷고, 보고, 먹고 쉬면서 피너츠 캐릭터를 통해 지금의 나에게 휴식과 위로의 메시지를 건네어보길 바란다. 매주 수요일은 반려동물데이로, 반려동물과 동반입장이 가능하다. 반려동물과 동반 시야 외 가든에선 목줄을 착용해야 하며, 실내(전시관, 카페, 스토어)에선 케이지/슬링백/반려동물 유모차 탑승이 필수이다.",,https://www.instagram.com/snoopygardenkorea,일부구역 동반가능,전 견종 동반 가능,"목줄 착용,반려동물 유모차 탑승",- 매주 수요일만 반려동물 동반 데이로 동반 가능- 실내의 경우 이동장 필수- 배변봉투 지참 및 배변처리 필수,,09:00~19:00 (입장마감 : 종료 1시간 전),연중무휴,가능
3026443,나주 우습제,전라남도 나주시 공산면 나주서부로 1362 일원,12,전라남도,34.937586686759474,126.58270997711348,https://tong.visitkorea.or.kr/cms/resource/94/3346694_image2_1.JPG,"우습제는 나주시 공산면 동촌리와 동강면 인동리에 걸쳐 있는 저수지로 국도 23호선과 인접해 있어 찾아가기 쉽다. 우습제는 약 300년 전에 조성한 것으로 알려지는데 현재의 모습으로 재 축조된 것은 1943년이다. 주민들에게는 ‘소소리 방죽’이라는 이름으로 불리고 있는데, 제방에 소들을 맸던 데서 유래한다고 하며 한자로 풀어 우습제(牛拾提)라는 이름이 붙었다. 약 43만㎡에 이르는 면적에 국내 최대 규모로 분홍색의 홍련이 자생하는 연못으로, 백련으로 유명한 무안의 회산 백련지보다 더 큰 규모를 자랑하지만 외부에 덜 알려져 있다. 7월 하순부터 8월 말까지 만개하는 귀한 홍련을 우습제 데크길을 이용하여 마음껏 즐길 수 있는 곳이다. 또한 생태 환경이 우수해 큰고니와 다양한 철새들이 찾아든다. 주변의 우습제 둘레길에는 능소화와 백일홍 등 여러 종류의 꽃들이 식재되어 있어 또 다른 느낌의 우습제를 감상할 수 있다. 옛 지도에는 우습교제(牛十橋堤)라고 적혀 있으며 둘레 7,000척(약 2.1㎞), 깊이 7척(약 2.1m)에 이르렀다고 한다. 겨울철에는 조류인플루엔자 차단을 위해 출입 자제를 권고하고 있다.",,https://www.naju.go.kr,일부구역 동반가능,전 견종 동반 가능,,"- 맹견의 경우, 입마개 착용 필수- 배변봉투 지참 및 배변처리 필수",,상시 개방,연중무휴,가능
128611,서울숲,서울특별시 성동구 뚝섬로 273,12,서울특별시,37.543071581483325,127.04179844597822,,"서울숲은 1908년 설치된 서울 최초의 상수원 수원지였으며, 2005년에 뚝섬체육공원 일대를 대규모 도시 숲으로 만들기 위해 새롭게 개원하였다. 현재는 문화예술공원, 체험학습원, 생태숲, 습지생태원 네 가지의 특색 있는 공간들로 구성되어 있으며, 한강과 맞닿아 있는 다양한 문화여가공간을 제공한다. 또한 서울숲공원은 조성부터 프로그램 운영까지 시민의 참여로 이루어진 최초의 공원이다.",,https://parks.seoul.go.kr/,일부구역 동반가능,전 견종 동반 가능,"입마개 착용,목줄 착용","- 실내시설 동반불가- 맹견의 경우, 입마개 착용 필수- 배변봉투 지참 및 배변처리 필수",,[서울숲]상시 개방[생태숲]05:30~21:30[곤충식물원] - 하절기(3월~10월) 10:00~17:00 (입장마감 16:30)- 동절기(11월~2월) 10:00~16:00 (입장마감 15:30)[나비정원]10:00~17:00 (입장마감 16:30)※ 나비정원은 5월~10월에만 운영,- 서울숲/생태숲 : 연중무휴- 곤충식물원/나비정원 : 매주 월요일,가능 (211대)
1919548,순천만국가정원,전라남도 순천시 국가정원1호길 47 (오천동),12,전라남도,34.92860320639828,127.4996986297289,,"세계 5대 연안습지 중 하나인 대한민국 제1호 국가정원이다. 순천만을 보호하기 위하여 조성한 순천만국가정원의 순천 도사동 일대 정원 부지 112만㎡(34만 평)에는 나무 505종 79만 주와 꽃 113종 315만 본이 식재되어 있다. 봄이 되면 튤립과 철쭉 등이 꽃망울을 터뜨려 장관을 이룬다. 또 나눔의 숲 주변 3만㎡는 유채꽃 단지로 조성했는데, 5월 중순 일제히 만개해 노란 물결이 일렁인다. 시는 주요 동선에 팽나무와 느티나무 등 5만 주를 심어 자연 그늘막을 만들었다. 순천만 정원과 순천문학관 구간(4.64㎞)을 오가는 소형 무인궤도 열차(PRT)도 운행을 하고 있다. 정원을 충분히 둘러본 탐방객은 PRT를 타고 문학관으로 이동해 하차한 뒤 순천만 초입 무진교까지 1.2㎞거리를 갈대열차로 옮겨 타 이동하면 된다. 순천만국가정원과 습지를 이어주는 하늘택시 스카이큐브 등 친환경 교통수단도 운영한다.

◎ 한류의 매력을 만나는 여행 정보 - 예능 
동갑내기 친구 ‘구구단’ 미나와 ‘위키미키’ 유정이 스무 살 봄꽃 여행을 테마로 떠난 장소다. 순천 여행을 직접 계획했던 유정은 튤립, 유채꽃이 가득한 정원을 거닐다 소품으로 준비해간 비누방울을 불며 인생사진을 남겼다.",,https://scbay.suncheon.go.kr/garden,일부구역 동반가능,"맹견 제외 체중 12kg 미만, 체고 40cm 미만, 4개월령 이상 10세 미만의 동물등록을 마친 전 견종 동반 가능",목줄 착용,반려견놀이터 외 순천만국가정원 주요 관광지는 동반 불가,반려견놀이터,[10월~6월]- 09:00~20:00- 입장마감 19:00[7월~9월]- 09:00~21:00- 입장마감 19:00,매월 마지막 주 월요일,가능
127197,일산호수공원,경기도 고양시 일산동구 호수로 595 (장항동),12,경기도,37.657058,126.763855,,"일산호수공원은 일산신도시 택지개발사업과 연계하여 조성한 근린공원이다. 국내 최대의 인공호수를 만들어 도시인이 접할 수 없는 자연생태계를 재현하고 다양한 주변경관 및 호수를 이용한 레크레이션 공간을 제공하고 있다. 특히 호수를 중심으로 한 4.7㎞의 자전거도로와 메타세쿼이아길 등 9.1㎞의 산책로는 시민들이 특별히 좋아하는 장소이다. 이외에도 생태자연학습장, 조형예술품, 선인장전시관 등이 다양한 생태문화시설이 조성되어 있다. 또한 매년 고양국제꽃박람회, 가을꽃축제, 호수예술축제 등이 개최되는 등 국내는 물론 세계적인 명소로 자리 잡아가고 있는 공원이다.

◎ 한류의 매력을 만나는 여행 정보 - 드라마 
도시인들이 접하기 어려운 자연을 인공적으로 만든 공원으로 동양 최대의 인공 호수, 인공섬, 잔디광장 등을 비롯해 100여 종의 야생화와 20만여 그루의 수목이 있어 휴식을 취하기 좋다. 고아인이 복잡한 마음을 가라앉히며 산책하다 정재훈을 만나 기운을 차린 곳이다.",,http://www.goyang.go.kr/park,전구역 동반가능,전 견종 동반 가능,목줄 착용,"- 맹견의 경우, 입마개 착용 필수- 배변봉투 지참 및 배변처리 필수",,상시 개방,연중무휴,가능
2606236,옥연지 송해공원,대구 달성군 옥포읍 기세리 306,12,대구,35.7803311880836,128.480280558023,,"옥연지 송해공원은 달성군 명예군민인 방송인 송해 선생님의 이름을 따 명칭한 공원이다. 계절마다 다양한 꽃을 볼 수 있는 이곳은 다양한 꽃과 식물뿐만 아니라, 둘레길 데크, 백년수중다리, 바람개비 쉼터, 전망대, 금동굴, 얼음빙벽 등 다양한 볼거리로 조성되어 있다. 특히 봄에 방문한다면 만개하는 벚꽃길로 유명하고 호수와 풍차, 튤립이 어우러진 이색적인 풍경을 감상할 수 있다. 인근에는 송해기념관이 자리하여 함께 관광하기 좋다.",,,일부구역 동반가능,전 견종 동반 가능,목줄 착용,"- 백세정주변 호수가, 데크길은 동반 불가- 맹견의 경우, 입마개 착용 필수- 배변봉투 지참 및 배변처리 필수",,상시 개방,연중무휴,가능
1624755,설봉공원,경기도 이천시 경충대로2709번길 128 (관고동),12,경기도,37.27966828086488,127.4278678614609,https://tong.visitkorea.or.kr/cms/resource/76/3541476_image2_1.jpg,"이천의 대표적인 공원인 설봉공원에서는 세계도자비엔날레와 이천도자기축제, 이천쌀문화축제가 개최된다. 
공원 내에는 이천시립박물관, 이천시립월전미술관, 이천무형유산전수교육관 등의 문화시설이 있어 둘러보기 좋다. 또한, 인공암벽장 및 썰매장 같은 레포츠시설도 이용할 수 있다. 
봄에는 만개한 벚꽃 및 튤립과 가을에는 울긋불긋한 단풍이 아름다워 산책하기 좋다. 
제1주차장 쪽에 이천종합관광안내소가 있어 필요시 관광 정보를 얻을 수 있다.",,https://www.icheon.go.kr/tour,전구역 동반가능,전 견종 동반 가능,목줄 착용,"- 맹견의 경우, 입마개 착용 필수- 배변봉투 지참 및 배변처리 필수",,상시 개방,연중무휴,가능
3022743,화정중앙공원,경기도 고양시 덕양구 화신로 266-1 (화정동),12,경기도,37.6309452000956,126.8318110416474,https://tong.visitkorea.or.kr/cms/resource/27/3022727_image2_1.jpg,화정중앙공원은 3호선 화정역에서 도보 5분 거리 이내에 있는 공원으로 하마 마켓이라는 플리마켓도 열리고 공원 안에 하마 동상도 있어서 하마공원이라고도 한다. 4월부터 11월까지 격 주로 화정중앙공원과 덕양구청 가로수길에서 총 4일간 하마 마켓이 열린다. 핸드메이드 마켓의 줄임말이라고 한다. 평상시에는 사람들이 많지 않아 한적하고 분수 놀이터가 있어 아이들이 더위를 식히며 신나게 놀 수 있다. 산책길도 잘 조성되어 있어 차분히 걸으며 여유를 즐길 수 있다. 그늘도 많아 중간중간 쉬어갈 수 있고 가벼운 산책을 하기 좋다. 물놀이터인 바닥분수는 운영시간이 정해져 있어서 확인하고 가는 것이 좋다. 어느 방향에서나 출입할 수 있게 트여있고 가운데에 분수 놀이터인 바닥분수가 있다. 바닥분수 근처에 그늘막(벤치)과 화장실이 있지만 샤워실은 없으니 보호자가 집에서 수건과 옷가지를 챙겨 가는 걸 추천한다. 또한 깊이가 조금씩 다르니 보호자가 곁에서 살펴주는 것이 안전사고 예방에 도움이 되고 위나 아래에서 갑자기 나오는 물줄기에 영유아가 놀라지 않게 살펴야 한다. 수질 관리는 잘 되어있는 편이며 근처에 편의점이나 대형마트가 있어서 장을 보거나 간식을 먹기 좋다.,,,일부구역 동반가능,전 견종 동반 가능,목줄 착용,"- 맹견의 경우, 입마개 착용 필수- 배변봉투 지참 및 배변처리 필수",,상시 개방,연중무휴,불가능
3022888,양지파인펫파크,경기도 용인시 처인구 양지면 남평로 112,12,경기도,37.214323,127.295876,https://tong.visitkorea.or.kr/cms/resource/13/3040713_image2_1.jpg,"양지파인리조트 스키장 내 위치한 양지파인펫파크는 1,300여 평의 천연 잔디 운동장이 있는 애견카페이다. 양지파인리조트 스키장에서 운영하며 반려견 동반 객실 펫룸과 리조트 내 시설을 연계 이용할 수 있다. 넓은 천연 잔디 운동장과 애견과 견주가 편히 쉴 수 있는 대형 파라솔 및 캠핑 의자, 테이블, 해먹이 마련돼 있다. 동절기에는 몸을 녹일 수 있는 실내 애견 운동장을 추가 운영하며, 양지파인펫파크 내부에 펫 카페 ‘따추’에 음료와 간단한 간식 등을 먹을 수 있다. 외부 음식 반입은 허용되지 않는다.",,https://www.instagram.com/yangji_petpark,일부구역 동반가능,- 맹견 제외 전 견종 동반가능,"자유이용,목줄 착용","- 펫파크만 동반 가능하며 리조트 동반 입실 불가- (월~수) 대형견 입장 가능_40cm, 10kg 이상- (목~일) 소형견 입장 가능_40cm, 10kg 미만",,10:00~18:00※ 월요일~화요일에는 대형견 입장 가능※ 수요일~일요일에는 소형견 입장 가능,연중무휴,가능
3078282,비비하우스,경기도 고양시 일산동구 백마로 508 (풍동) 1-2층,39,경기도,37.662248,126.804463,,"일산에 있는 비비하우스는 브런치와 베이커리를 취급하는 대형카페이다. 다양한 색감을 과감하게 사용하여 비비드 한 느낌을 주며, 다채로운 색상의 통창이 채광을 만들어내 카페의 분위기를 더욱 독특하고 이색적으로 만들어준다. 알록달록한 실내 인테리어 덕분에 사진을 감각적인 사진을 찍기 좋다.
1층부터 3층까지의 공간이 마련되어 있으며 대형카페답게 자리와 주차 모두 여유로워 주말에도 편안하게 찾을 수 있다는 장점이 있다. 커피는 물론 프라페, 칵테일, 에이드 등의 음료 그리고 파스타, 샐러드, 애피타이저 등 다양한 음식을 1만 원 중후반대의 가격으로 만나볼 수 있다. 빵 나오는 시간이 맞으면 바로 구워져 나오는 따뜻한 빵들도 만나볼 수 있으며, 유아용 의자가 준비되어 있어 아이들과 함께 방문하기에도 좋다.",,,일부구역 동반가능,,,"동반가능 (단, 개목줄 착용, 배설물 처리를 위한 비닐봉지 등을 구비한 이용객에 한하여 허용), 불가(안내견만 가능) 등 기재",,10:00~22:00,연중무휴※ 전시 준비 기간에는 휴무이므로 전화 문의 후 방문 요망,가능
126313,우수영관광지,전라남도 해남군 문내면 관광레저로 12,12,전라남도,34.5726489138229,126.3101440031,,"1597년 충무공이 이룩한 명량대첩을 기념하기 위해 옛 성지의 모습이 그대로 보존된 곳으로 1986년 국민관광지와 1991년 명량대첩 기념 공원으로 조성하여 명량대첩의 역사적 산 교육장으로 활용되고 있다. 울돌목이 바라다 보이는 위치에 거북배 등 다양한 체험 공간을 활용해 10월에는 전라남도 축제로 명량대첩 축제와 주말에는 명량역사 체험마당 등 다양한 볼거리와 체험 프로그램을 운영하고 있다.
공원 곳곳에는 임진왜란 당시 의병과 관군들의 전투 모습을 조각한 상들이 배치되어 생생한 감동을  공원 내 전망대에 서면 명량해협과 진도대교를 비롯하여 명량대첩 탑, 명량대첩비 탁본, 어록비, 충무공 유물전시관 등의 시설물들이 보인다.",,해남군 문화관광 http://tour.haenam.go.kr,일부구역 동반가능,전 견종 동반 가능,목줄 착용,"- 실외는 목줄 착용 시 자유롭게 이동 가능- 실내는 동반 불가- 맹견의 경우, 입마개 착용 필수- 배변봉투 지참 및 배변처리 필수",,09:00~17:30,연중무휴,가능
128074,안흥찐빵마을,강원특별자치도 횡성군 안흥면 서동로 1088,12,강원특별자치도,37.4090665582075,128.1526685784584,https://tong.visitkorea.or.kr/cms/resource/51/3577651_image2_1.jpg,"강원도 횡성 안흥면에 위치한 안흥찐빵마을은 전통 방식으로 만든 찐빵으로 유명한 아담한 시골마을이다. 마을 곳곳에는 개성 있는 찐빵 가게들이 모여 있으며, 질 좋은 팥을 사용한 담백하고 부드러운 맛으로 지역을 대표하는 먹거리로 자리 잡았다. 마을 내에 있는 안흥찐빵모락모락마을이라는 복합문화공간에서는 찐빵을 직접 만들어보는 체험 프로그램이 운영되어, 보고 먹는 것을 넘어 만드는 즐거움까지 경험할 수 있다. 이외에도 감자떡과 감자만두 등 전통 방식을 살린 다양한 향토 음식이 어우러져, 소박한 정취 속에서 옛 손맛을 느낄 수 있는 곳이다.",,,전구역 동반가능,전 견종 동반 가능,목줄 착용,"- 맹견의 경우, 입마개 착용 필수- 배변봉투 지참 및 배변처리 필수",,점포별로 상이함,점포별로 상이함,
3083766,가평카페109,경기도 가평군 상면 축령로 109,39,경기도,37.77466508920391,127.36007330767164,https://tong.visitkorea.or.kr/cms/resource/44/3083744_image2_1.JPG,가평카페109는 야자수를 비롯한 다양한 식물들이 많은 플라워 카페이다. 꽃과 나무들이 자연스럽게 배치되어 있어 마치 숲속을 산책하는 듯한 분위기의 카페이며 사진 스폿이 많은 곳이다. 매장 안 입구에는 한옥 분위기의 매대가 있어 커피류를 비롯해서 다양한 종류의 음료와 간단한 디저트를 주문하면 된다. 건물은 1층과 2층으로 이루어져 있다. 1층 식물원에도 좌석이 있고 분수대 위쪽 2층에는 가운데에 정원이 예쁘게 꾸며져 있고 그 가장자리에는 마루와 테이블이 놓인 좌석도 있다. 그 외에도 단체 손님을 위한 테이블이나 데이트하기 좋은 창가 쪽 테이블도 있다. 천창을 통해 들어오는 햇살 속에서 부지런히 자라는 여러 식물들과 시원한 분수대 물소리를 들으며 차분히 쉴 수 있는 곳이다.,,,일부구역 동반가능,,,"동반가능(단, 개목줄 착용, 배설물 처리를 위한 비닐봉지 등을 구비한 이용객에 한하여 허용) 야외 테라스존만 허용",,10:00~17:00,매주 월요일~금요일,가능
3023316,양성계곡,경기도 안성시 양성면 양성로 659-25,12,경기도,37.10993041129547,127.2176169854348,https://tong.visitkorea.or.kr/cms/resource/67/3023267_image2_1.jpg,양성계곡은 안성시 양성 이동교 아래 계곡이다. 계곡이라기 보다 냇가에 가깝다. 주펜스가 쳐진 곳을 따라 내려가면 제법 넓은 하천이 나온다. 근처에 경동택배사가 있고 편의점 하나가 있다. 이동교 아래 그늘이 생겨서 그곳 가장자리에 돗자리나 캠핑의자를 놓고 시원한 바람을 맞을 수 있는 곳이며 사유지가 아니라 누구나 무료로 사용할 수 있는 곳이다. 양성계곡은 수심이 얕고 폭이 적당히 넓은 편이지만 비가 온 후에는 수심이 깊어질 수 있으니 주의해야 한다. 돌다리가 있어 정겹고 위쪽 둑 근처에는 제법 물이 많아 물고기도 잡고 물놀이하기도 적당하지만 정비된 계곡이 아니기 때문에 둑 주변이 이끼로 미끄러울 수 있어 안전에 유의하며 물놀이를 해야 한다. 주차장이 편의시설은 별도로 없다.,,,일부구역 동반가능,전 견종 동반 가능,,"- 맹견의 경우, 입마개 착용 필수- 배변봉투 지참 및 배변처리 필수",,상시 개방,연중무휴,
3025977,익산산림조합산림문화체험관,전북특별자치도 익산시 웅포면 녹차마을길 83-36,12,전북특별자치도,36.0586205187259,126.88945973580338,https://tong.visitkorea.or.kr/cms/resource/61/3025961_image2_1.JPG,"익산산림조합 산림문화체험관은 최북단 차나무 군락지가 위치한 익산시 웅포면 입점리에 위치한 산림체험관이다. 차나무를 통해 ‘웅포차’의 우수성을 알리는 한편, 산림자원을 이용한 공연과 체험 프로그램 등을 진행하고 있어 많은 관광객들이 찾는 관광명소이다. 함라산에 위치한 체험관 주변에는 최북단 차나무 군락지가 있는데 이 군락지는 기존 야생차 북방한계지로 알려진 김제시 금산사보다 약 30㎞ 위쪽에 위치하고 있어 주목을 받고 있다. 이를 기반으로 익산시는 웅포차의 우수성을 활용한 상품개발과 산림의 활용가치를 통한 녹차 재배를 확대하였다. 숲생태체험, 다도체험, 제다 체험, 목공체험 등의 다양한 체험을 상담을 통해 전화 예약을 받아 운영하고 있다. 해설사를 통해 무료로 ‘숲 이야기를 들려드립니다’ 프로그램을 이용할 수 있다. 녹차 만들기 체험인 제다 체험은 녹차밭 안내, 찻잎 따기, 살청 유념 건조, 건조 맛내기, 녹차 포장 및 품평 등의 과정이다. 
카페 숲속의 쉼터에서는 녹차를 비롯한 다양한 차를 즐길 수 있고 체험관 맞은편에는 유아숲체험원이 조성되어 있다.",,,일부구역 동반가능,전 견종 동반 가능,목줄 착용,"- 맹견의 경우, 입마개 착용 필수- 배변봉투 지참 및 배변처리 필수",,10:00~17:00,매주 월요일,가능
3025007,비룡담 저수지,충청북도 제천시 모산동 산3-1,12,충청북도,37.1874,128.2027,https://tong.visitkorea.or.kr/cms/resource/84/3024984_image2_1.JPG,"제천 비룡담 저수지는 숲속에 둘러싸인 비밀의 성과 같은 모습으로 ‘마법의 성’이라고도 불린다. 아름다운 경치와 성 형태의 구조물이 어우러져 멋진 장관을 이루어 마치 유럽에 온 듯한 느낌이 든다. 저수지 주변에는 수변데크길이 조성되어 있어 산책을 즐기며 제천의 풍경을 담을 수 있다. 탁 트인 풍경과 성 구조물, 저수지가 만나 아름답고 선명한 반영을 볼 수 있어 포토존 명소로도 자리 잡고 있다. 저수지를 둘러싼 길을 걸으면 몸과 마음이 치유된다 하여 ‘제천 의림지 한방 치유숲길’이라 불리며 한방 치유숲길은 솔향기길과 물안개길로 이루어져 있다. 비룡담 저수지 가운데에 위치한 비룡담 쉼터에는 동물 포토존과 의자 등이 마련되어 있어 휴식 공간으로 활용되고 있다.",,충북나드리 https://tour.chungbuk.go.kr,전구역 동반가능,전 견종 동반 가능,목줄 착용,"- 맹견의 경우, 입마개 착용 필수- 배변봉투 지참 및 배변처리 필수",,상시 개방,연중무휴,가능
3026041,신흥근린공원,전북특별자치도 익산시 신흥동,12,전북특별자치도,35.945674,126.990476,https://tong.visitkorea.or.kr/cms/resource/19/3026019_image2_1.JPG,"신흥근린공원은 익산시 장자산 옆 신흥저수지를 중심으로 2.1㎞의 순환형  둘레길로 조성된 공원으로 계절별 색다른 매력을 발산하는 도심 속 대표 힐링공간이다.
봄엔 매화와 철쭉이 예쁘게 피어 따듯한 봄햇살을 받으며 아이들과 나들이하기에 좋은 곳이다. 특히 가을철엔 아름다운 핑크뮬리정원이 있어 익산시민들의 사랑을 받고 있다. 핑크뮬리도 유명하지만 매년 국화축제가 열릴 만큼 꽃바람정원의 국화꽃도 아름답다.
곳곳에 마련된 포토존에서 인생샷도 건져보고 아름다운 자연 속에서 마음껏 힐링의 기분을 만끽할 수 있는 장소이다.",,,일부구역 동반가능,전 견종 동반 가능,목줄 착용,"- 근린공원 내 상수원 동반 불가- 맹견의 경우, 입마개 착용 필수- 배변봉투 지참 및 배변처리 필수",,상시 개방,연중무휴,
125447,넓은들 학원농장,전북특별자치도 고창군 공음면 학원농장길 150,12,전북특별자치도,35.3753540233603,126.543300591485,https://tong.visitkorea.or.kr/cms/resource/94/3585794_image2_1.jpg,"15만 평 넓은 들녘을 보리밭 하나로 일궈놓은 보기 드문 대농원이다. 봄에는 국내 최대 규모의 보리밭을, 가을에는 메밀밭을 만나볼 수 있다. 농장이 관광농원으로 인가되고 이와 같은 볼거리가 세상에 알려지면서 많은 관광객과 사진작가들이 찾고 있는 관광지로 자리 잡게 되었으며 다양한 드라마, 영화, CF 등의 촬영지로도 주목받게 되었다. 이에 따라 학원농장은 경관 농업에 전념하며 더욱 아름다운 풍경을 제공하기 위해 노력하고 있다. 또한 주 생산물인 보리와 메밀이 가장 아름답게 피어나는 시기에는 청보리밭 축제, 메밀꽃 축제 등 다양한 축제와 이벤트를 개최하고 있으며 농장을 찾는 관광객을 위하여 보리와 메밀을 원재료로 하는 다양한 음식을 판매하는 식당, 차·음료·디저트 등을 판매하는 카페 등 다양한 부대시설을 운영하고 있다.",,http://www.borinara.co.kr,전구역 동반가능,전 견종 동반 가능,목줄 착용,"- 맹견의 경우, 입마개 착용 필수- 배변봉투 지참 및 배변처리 필수",,09:00~18:00 (입장 마감 17:20),연중무휴,가능
126515,서울 방이동 고분군,서울특별시 송파구 오금로 219 (방이동),12,서울특별시,37.50735283165549,127.11815001582504,https://tong.visitkorea.or.kr/cms/resource/06/3454106_image2_1.jpg,"방이동 고분군은 방이동 일대 낮은 구릉의 능선부에 축조된 백제시대의 무덤들이다. 1970년대에 발굴 조사한 뒤 고분 및 외형에 대한 수차례의 발굴 및 정비공사를 거쳐 지금 모습의 공원으로 조성되었다. 현재 남아 있는 무덤은 8기로 서쪽 높은 지대의 4기와 동쪽 낮은 지대의 4기이다.
제1호분과 제4호분, 제6호분 등은 깬돌로 쌓은 궁륭식 천장의 굴식돌방무덤으로 백제 전기의 무덤으로 추정되며, 제5호분은 구덩식 돌덧널무덤으로 조사되었다. 도시 개발로 사라진 제4·5호분을 포함하여 지금까지 조사된 것은 10기 중에 4기(1·4·5·6호분)뿐이므로 나머지 무덤들(2·3, 7~10호분)의 구조는 자세히 알 수 없다.
이 고분군은 발굴 조사하기 전에 이미 도굴되어 유물이 많이 출토되지는 않았으며, 제6호분에서 회청색 굽다리 접시를 비롯한 전형적인 신라 토기들이 출토되어 신라시대의 무덤으로 보기도 하였다. 그러나 한성백제지역이었던 서울 우면동, 하남 광암동, 성남 판교 등지에서 백제의 굴식돌방무덤이 잇따라 발견됨에 따라 이곳 고분군이 백제시대의 것이라는 주장이 힘을 얻고 있다.",,https://www.songpa.go.kr,일부구역 동반가능,전 견종 동반 가능,목줄 착용,배변봉투 지참 및 배변처리 필수,,08:00~18:00,연중무휴,가능
129489,남해독일마을,경상남도 남해군 독일로 89-7,12,경상남도,34.8000474598227,128.038340182584,https://tong.visitkorea.or.kr/cms/resource/79/3304479_image2_1.jpg,"남해 독일마을은 경상남도 남해군에 위치한 독특한 테마 마을로, 1960~70년대 독일로 파견되었던 파독 광부와 간호사들이 귀국한 뒤 정착하면서 형성된 곳이다. 이들의 삶과 문화를 기념하고 생활 기반을 마련하기 위해 조성된 마을로, 실제로 독일식 건축 양식의 주택들이 언덕을 따라 자리하고 있어 한국 속 작은 유럽 같은 풍경을 보여준다. 마을에는 붉은 지붕과 알록달록한 외벽을 가진 집들이 이어져 있으며, 일부는 실제 거주 공간이자 동시에 민박이나 게스트하우스로 운영되어 여행객들이 숙박 체험도 할 수 있다. 독일식 소시지, 맥주 등을 판매하는 카페와 음식점도 있어 현지 분위기를 간접적으로 느낄 수 있다.",,http://남해독일마을.com,일부구역 동반가능,전 견종 동반 가능,목줄 착용,"- 실내 시설은 동반 불가- 맹견의 경우, 입마개 착용 필수- 배변봉투 지참 및 배변처리 필수",,점포별로 상이함,점포별로 상이함,가능
2633903,젊은달 와이파크,강원특별자치도 영월군 주천면 송학주천로 1467-9,14,강원특별자치도,37.273961958413,128.269115966933,https://tong.visitkorea.or.kr/cms/resource/77/4059177_image2_1.jpg,"젊은달 와이파크는 기존에 있던 술샘박물관을 재생공간으로 재탄생시킨 복합예술공간이다. 다양한 현대미술 작품들과 여러 박물관, 공방이 합쳐진 복합예술공간으로서 조각가 최옥영의 공간 기획으로 새롭게 탄생한 현대미술공간이다. 영월 주천면에 위치한 자연 속의 젊은달 와이파크는 최옥영의 시그니처 컬러인 붉은색을 사용한 작품인 붉은 대나무, 붉은 파빌리온, 목성(木星) 등으로 공간을 구성하였으며, 방문하는 사람들로 하여금 작가의 의도처럼 ‘우주’ 속을 거니는 것 같이 느끼게 한다. 최옥영의 공간작업을 통하여 재생공간으로 탄생시킨 곳이 이곳 ‘젊은달 와이파크’ 이며 거대한 미술관이자 대지미술 공간이다.",,https://ypark.kr/,일부구역 동반가능,전 견종 동반 가능,"목줄 착용,기타","- 맹견의 경우, 입마개 착용 필수- 배변봉투 지참 및 배변처리 필수",,10:00~18:00 (입장 마감 17:00),연중무휴,
126084,상주은모래비치,경상남도 남해군 상주면 상주로 17,12,경상남도,34.720841,127.988094,https://tong.visitkorea.or.kr/cms/resource/01/3583201_image2_1.jpg,"금산의 절경을 긴 병풍으로 삼은 상주은모래비치는 은빛 고운 모래로 이루어진 넓은 백사장과 울창한 송림으로 둘러싸여 전국에서 몇 안 되는 아름다운 자연경관을 간직한 해수욕장이다. 남해읍에서 남쪽으로 21㎞ 떨어진 이곳은 맨발로 닿는 모래의 감촉이 좋아 해마다 여름이면 많은 피서객들이 찾아온다. 2㎞에 이르는 반달형 백사장 경사도 완만한 데다 수온도 높아 가족들의 피서지로도 최적의 조건을 갖추고 있다. 또한, 여름 페스티벌, 겨울 해맞이 축제가 열리고 있으며, 이곳에서만 맛볼 수 있는 긴 전통의 야채핫도그, SNS 명소로 자리 잡은 감성 카페, 주민들이 운영하는 식당 등이 자리하고 있어 볼거리, 즐길거리가 풍성하다.",,https://www.namhae.go.kr/tour,전구역 동반가능,전 견종 동반 가능,목줄 착용,"- 해수욕장 개장 기간에는 안전상의 이유로 입수가 제한될 수 있음- 맹견의 경우, 입마개 착용 필수- 배변봉투 지참 및 배변처리 필수",,상시 개방,연중무휴,가능
127804,제천 의림지와 제림,충청북도 제천시 의림지로 33,12,충청북도,37.1741062116035,128.208074805571,https://tong.visitkorea.or.kr/cms/resource/09/3309809_image2_1.JPG,"충청도를 호수의 서쪽이라 하여 호서지방이라고도 부르는데, 여기서 말하는 호수가 바로 의림지를 가리킨다. 그만큼 의림지는 오래되고 유명한 저수지이다. 충청북도 기념물인 의림지는 삼한시대에 축조된 저수지로, 본래 임지라고 했다. 신라 진흥왕 때 악성(樂聖) 우륵(于勒)이 개울물을 막아 둑을 쌓았다는 이야기가 전하고, 그로부터 700년 뒤 이곳에 온 현감 박의림(朴義林)이 좀 더 견고하게 새로 쌓은 것이라고도 한다. 호반 둘레 1.8㎞, 만수면적 151,470㎡, 저수량 6,611,891㎡, 수심 8~13m의 대수원지로 289.4 정보의 농지를 관개한다. 김제의 벽골제, 밀양의 수산제와 함께 삼한시대 수리 시설 가운데 하나로, 수구를 옹기로 축조하여 당시의 농업기술을 연구하는데 귀중한 자료가 되고 있다. 현재는 제천 지방의 경승지로, 호수 주변에는 순조 7년(1807년)에 세워진 영호정과 1948년에 건립된 경호루, 그리고 수백 년을 자란 소나무와 수양버들, 30m의 자연폭포 등이 어우러져 풍치를 더하고 있다.",,휴윗제천 https://tour.jecheon.go.kr/,전구역 동반가능,전 견종 동반 가능,목줄 착용,"- 맹견의 경우, 입마개 착용 필수- 배변봉투 지참 및 배변처리 필수",,상시 개방,연중무휴,가능
128992,마량미항,전라남도 강진군 미항로 152 마량놀토수산시장,12,전라남도,34.448933,126.818986,https://tong.visitkorea.or.kr/cms/resource/76/3538076_image2_1.jpg,"마량미항은 광주에서 강진을 지나 우리나라 서남부 최남단에 위치하였으며 최근 들어 새롭게 부각되고 있는 아름다운 항구이다. 마량(馬良)은 ‘말을 건너 주는 다리’라는 뜻이다. 마량항에서 제일 먼저 눈에 띄는 것은 방파제를 따라 가꿔진 산책로이다. 이곳 바다는 완도 다도해 및 제주도를 연결하는 청정해역으로 돔, 농어, 우럭 등 바다낚시의 보고이기도 하다. 가을에는 전어축제가 열려 많은 관광객들이 방문하고 있으며 바다낚시가 잘 되기로 이름난 섬으로 가기 위해 마량항을 이용하기도 한다. 역사적으로 조선 초기 태종조 1417년 마두진이 설치되어 만호절제도위가 관장하였고 임진왜란, 정유재란을 겪을 당시 거북선 1척이 상시 대기하는 전략적 요충지였다. 마량항 입구에서 바다 위 검은 섬을 볼 수 있는데, 이 섬의 숲이 푸르다 못해 검게 보인다 하여 가막섬 또는 까막섬이라 불린다. 풍요로운 먹거리와 다양한 볼거리, 즐길 거리가 가득한 마량미항에는 토요음악회가 4월부터 10월까지 매주 토요일 마량항 중방파제 일원에서 개최된다.
마량미항에서 주변 관광지 가우도까지 차량 이동 14분, 11㎞ 거리이며 가우도에서 모노레일과 집라인 체험을 할 수 있다.",,https://www.gangjin.go.kr/culture,일부구역 동반가능,전 견종 동반 가능,목줄 착용,"- 북카페 내부는 동반 불가- 맹견의 경우, 입마개 착용 필수- 배변봉투 지참 및 배변처리 필수",,상시 개방,연중무휴,가능
127664,최참판댁,경상남도 하동군 악양면 평사리길 66-7,12,경상남도,35.155594,127.68809,https://tong.visitkorea.or.kr/cms/resource/77/3305577_image2_1.jpg,"박경리 선생의 대하소설 『토지』의 무대로 유명한 악양 평사리는 섬진강이 주는 혜택을 한몸에 받은 땅이다. 평사리 논길을 따라 들어가면 들판 가운데에 소나무 두 그루가 우뚝 서서 정겹게 맞이하고 지리산 자락에는 초가들이 한 폭의 그림처럼 펼쳐진다. 그 중턱에 고래등 같은 기와집이 박경리 선생의 대하소설 『토지』의 배경이 된 최참판댁이다.
동학혁명에서 근대사까지 우리 한민족의 대서사시인 박경리의 대하소설 『토지』의 배경인 이곳 평사리에 소설 속의 최참판댁이 한옥 14동으로 구현되어 있으며, 조선 후기 우리 민족의 생활 모습을 재현해 놓은 드라마  세트장도 조성되어 있다. 매년 가을이면 전국 문인들의 문학축제인 토지문학제가 이곳에서 개최되고 있으며 문학마을로써 자리매김하고 있다.",,https://www.hadong.go.kr,전구역 동반가능,"전 견종 출입 가능(맹견의 경우, 입마개 착용 필수)",목줄 착용,별도의 쓰레기 처리 시설이 없으므로 배변봉투 지참 및 수거 필수,,09:00~18:00,연중무휴,가능
125973,진천 농다리,충청북도 진천군 문백면 구산동리 601-32,12,충청북도,36.826,127.4934,https://tong.visitkorea.or.kr/cms/resource/38/3535438_image2_1.jpg,"진천 농다리는 사력 암질의 붉은 돌을 쌓아서 만들어진 다리로, 28칸의 교각이다. 지방유형문화재로서 길이는 93.6m, 폭 3.6m, 교각 1.2m 정도이며, 교각 사이의 내폭은 80cm 내외이다. 석회 등을 바르지 않고 그대로 쌓았는데도 견고하며 장마가 져도 유실됨이 없이 원형을 유지하고 있다. 이 다리는 고려 초엽 시대의 권신, 임 장군이 놓았다는 돌다리로 규모도 크고 축조술도 특이하다. 정자, 산책로, 초평저수지까지 연결된 수변데크 등이 조성되어 새로운 관광명소로 자리 잡았으며, 신비로운 다리 모양과 주변 풍경이 잘 어우러져 드라마 촬영지로도 등장한다.",,http://www.heritage.go.kr,전구역 동반가능,전 견종 동반 가능,목줄 착용,"- 맹견의 경우, 입마개 착용 필수- 배변봉투 지참 및 배변처리 필수",,상시 개방,연중무휴,
231895,김제 벽골제,전북특별자치도 김제시 부량면 벽골제로 442,12,전북특별자치도,35.7546246020237,126.853102287643,https://tong.visitkorea.or.kr/cms/resource/48/3457948_image2_1.jpg,"김제 벽골제는 우리나라에서 처음으로 쌓아 만든 옛 저수지의 중수비와 둑이다. 「삼국사기」에는 신라 흘해왕 21년(330)에 ‘처음으로 벽골제를 만들었는데, 둘레가 1천8 백보’라는 기록이 있다. 그러나 이 시기는 이 지역이 신라 땅이 아닌 백제의 땅이었으므로 나중에 연도를 고쳐서 신라가 만든 것처럼 보이도록 해놓았을 가능성이 크다. 그러므로 실제로 만들어진 때는 백제 11대 비류왕 27년(330)으로 보아야 할 것이다. 그 이후 신라 원성왕 6년(790)과 고려 현종 및 인종 21년(1143)에 고쳐 쌓은 후, 조선 태종 15년(1415)에 다시 쌓았다. 1420년(세종 2년)에 큰 폭우로 유실되었다.
지금 유적에는 일직선으로 약 3㎞ 정도의 둑만이 남아있는데, 1925년 ‘동진토지개량조합’에서 이 둑을 농사짓는데 필요한 물을 대는 통로로 고쳐 이용하면서 그 원래의 모습을 많이 잃어버리게 되었다. 둑의 북쪽에는 조선 시대에 벽골제를 다시 쌓고 이것을 기념하기 위해 만들어 세운 비석이 있는데, 닳아서 글을 알아보기 어렵다. 1975년에는 저수지 물의 양을 조절하던 수문이 있던 자리 2곳을 발굴 조사하였는데, 그 결과 대규모의 높은 수준의 측량 기술이 이용된 공사였던 것이 밝혀졌다. 벽골제는 단순히 우리나라 최초의 저수지라는데 의미가 있을 뿐 아니라, 당시에 이미 이러한 저수지 축조가 가능할 정도의 고도로 발달된 토목 기술을 보유하고 있었음을 입증해 준다는 점에서, 우리나라 과학기술사에서도 획기적인 사실을 제공해 주는 유적이다.",,https://www.gimje.go.kr/,일부구역 동반가능,전 견종 동반 가능,목줄 착용,"- 맹견의 경우, 입마개 착용 필수- 배변봉투 지참 및 배변처리 필수",,- 하절기(3월~10월) 09:00~18:00 - 동절기(11월~2월) 09:00~17:00,매주 월요일 / 1월 1일,"가능 (1,700대)"
2545984,위양지(위양지 이팝나무),경상남도 밀양시 부북면 위양로 273-36,12,경상남도,35.5465688723355,128.716773147344,https://tong.visitkorea.or.kr/cms/resource/81/3337681_image2_1.jpg,"위양지(位良池)는 선량한 백성들을 위해 축조했다고 하여 붙여진 이름이다. 이 이름은 근래에 바뀐 이름으로 본래 이름은 양양지이다. 신라 때 축조됐다는 양양지는 논에 물을 대던 수리 저수지였지만 인근에 거대한 가산저수지가 들어서 본래의 기능을 잃었다. 그러나 논에 물을 대는 대신 그림처럼 아름다운 풍경으로 많은 관광객들을 불러 모으고 있다.
또한 밀양 팔경의 하나로 꼽힐 만큼 인기 여행지로 저수지 둘레를 따라 웅장한 기둥을 자랑하는 이팝나무 군락이 사계절 멋스러운 풍광을 뽐낸다. 하얀 눈이 내린 것처럼 이팝나무 꽃이 흐드러지게 피는 봄날은 위양지의 절정이다. 맑은 날에는 못에 비친 이팝나무 꽃이 한 폭의 수채화처럼 아름답다. 예부터 이팝나무는 한 해의 풍년을 점치는 나무로도 알려져 있는데 만발한 꽃송이가 마치 하얀 쌀밥처럼 보이기 때문이다. 아름드리 왕 버드나무와 소나무들로 울창한 숲을 두르고 있어 사시사철 아름다운 운치를 즐길 수 있고 연못에 떠 있는 섬 하나에 1900년에 지어진 안동 권씨 문중 소유의 정자 완재정은 동양적인 아름다움을 더한다.",,http://www.miryang.go.kr,전구역 동반가능,전 견종 동반 가능,목줄 착용,"- 맹견의 경우, 입마개 착용 필수- 배변봉투 지참 및 배변처리 필수",,상시 개방,연중무휴,가능
2606199,예당호 출렁다리(음악분수),충청남도 예산군 응봉면 예당관광로 161,12,충청남도,36.6395229490074,126.802322618329,https://tong.visitkorea.or.kr/cms/resource/59/3481159_image2_1.JPG,"우리나라에서 가장 큰 저수지인 예당호에 위치한 예당호 출렁다리는 예산군의 새로운 대표 관광지 중 하나로 402m의 길이를 자랑하고 있다. 하늘로 곧게 솟은 64m 주탑을 중심으로 양옆으로 펼쳐진 케이블은 아름다운 자태의 거대한 황새가 길고 흰 날개를 펼쳐 호수 위를 비상하듯 환상적인 풍경을 자아낸다. 음악 분수는 길이 96m, 폭 16m, 최대 분사 높이 110m에 다다르는 부력식 분수이며 그러데이션 기법을 적용한 형형색색 LED 불빛을 이용한 공연이 몽환적인 분위기를 자아낸다. 출렁다리 주변에는 야영장, 공연장, 족구장 등 각종 부대시설이 있으며 조각공원과 저수지 경관을 즐기며 거닐 수 있는 산책로가 있어 많은 관광객에게 주목받고 있다.",,http://www.yesan.go.kr/bridge.do,일부구역 동반가능,중소형견 동반 가능,"반려동물 유모차 탑승,이동장(켄넬)사용","- 소형견의 경우 다리끼임 주의- 맹견의 경우, 입마개 착용 필수- 배변봉투 지참 및 배변처리 필수",,[출렁다리]- 하절기(3월 1일~12월 첫째 주 일요일) 09:00~22:00- 동절기(12월 둘째 주 화요일~2월 말일) 09:00~20:00[음악분수]- 하절기(5월~9월) 평일 11:00 / 14:00 / 17:00 / 20:00 / 21:00- 하절기(5월~9월) 주말 및 공휴일 11:00 / 14:00 / 17:00 / 19:00 / 20:00 / 21:00- 춘·추·동절기(3월~4월 / 10월~12월) 평일 11:00 / 14:00 / 17:00 / 19:30 / 20:30- 춘·추·동절기(3월~4월 / 10월~12월) 주말·공휴일 11:00 / 14:00 / 17:00 / 18:30 / 19:30 / 20:30,"[출렁다리]매월 첫째주 월요일 (단, 월요일이 공휴일인 경우 그 다음 평일 휴무)[음악분수]매주 월요일",가능
2590796,해피초원목장,강원특별자치도 춘천시 사북면 춘화로 330-48,12,강원특별자치도,37.9791931278918,127.695728245723,,"춘천 사북면의 산 중턱에 자리한 해피초원목장은 체험 목장이자 SNS 인생 사진 명소로 유명하다. 약 23만 1,400㎡(7만 평) 초지에 펼쳐지는 목장은 한우를 방목하는 강원 한우 체험 농장으로, 소, 양, 토끼, 염소 등 다양한 동물들에게 직접 먹이를 주며 교감할 수 있다. 동물들에게 먹이를 주는 체험장에서 15~20분 정도 산길을 따라 올라가면 해피초원목장의 그 유명한 포토존이 등장한다. 끝없이 이어지는 산줄기와 그 품에 폭 안긴 춘천호가 몽환적인 풍경을 연출한다. 방목하는 소 떼도 보인다. 목장에는 식음료를 판매하는 카페가 있는데 한우 버거가 특히 유명하다. 1등급 이상의 강원 한우로 매일 패티를 직접 만들어 사용한다. 이곳의 한우 버거는 2020년 방영한 TV 프로그램 〈인더숲〉 에서 BTS 멤버들이 먹는 장면이 등장하면서 더욱 유명해졌다.",,https://happy-chowon.imweb.me/,일부구역 동반가능,전견종 동반 가능,"목줄 착용,반려동물 유모차 탑승,이동장(켄넬)사용","- 평일(사람이 많지안을떄)에만 동반가능- 맹견의 경우, 입마개 착용 필수- 배변봉투 지참 및 배변처리 필수- 주중만 입장 가능",,10:00~18:00,연중무휴,가능
2524188,영남 알프스,울산광역시 울주군 상북면 알프스온천5길 103-8 (영남알프스 복합웰컴센터),12,울산광역시,35.5563159617477,129.06760107865,,"영남 알프스는 울산, 밀양, 양산, 청도, 경주의 접경지에 형성된 가지산을 중심으로 해발 1,000m 이상의 산들이 수려한 산세와 풍광을 자랑하며 유럽의 알프스와 견줄만하다 하여 붙여진 이름이다. 본래 가지산, 간월산, 신불산, 영축산, 천황산, 재약산, 고헌산 7개의 산을 지칭하나, 운문산, 문복산을 포함시키기도 한다. 영남 알프스는 전체 면적이 약 255㎢이며, 한국 100대 명산에 포함된 신불산 등 9개의 산으로 연결된 산악관광지이다. 사계 모두 아름답기로 유명하지만 가을이면 산 곳곳이 억새로 가득한 환상적인 풍경을 자랑하여 전국 등산객들의 발길이 끊이지 않고 있다. 또한 통도사, 운문사, 석남사, 표충사 등 역사 깊은 문화 유적지가 있고, 아름다운 기암절벽이 조화를 이루고 있으며, 다양한 동식물이 살고 있어 자연이 만든 거대한 동·식물원이라고 불리기도 한다. 영남알프스에는 아름다운 자연만큼이나 즐길거리가 가득한데, 산길, 계곡, 자갈길, 덤불숲을 거침없이 달리는 산악자전거 MTB나 영남알프스의 풍경을 한눈에 담을 수 있는 패러글라이딩 등이 있다. 기존 등산로를 최대한 활용한 하늘억새길 조성사업과 억새복원사업을 추진하고 있으며, 영남알프스 산악마라톤대회, MTB 챌린지 대회 등 저탄소 스포츠 이벤트를 개최한다.",,,전구역 동반가능,전 견종 동반 가능,목줄 착용,"- 맹견의 경우, 입마개 착용 필수- 배변봉투 지참 및 배변처리 필수",,상시 개방,연중무휴,가능
3034236,해바라기올래정원,충청남도 태안군 남면 당암리 694,12,충청남도,36.620136,126.317258,https://tong.visitkorea.or.kr/cms/resource/33/3034233_image2_1.jpg,"해바라기올래정원은 도시의 소음이 없는 고요한 숲속에 위치하여 자연의 품에서 꽃들을 심고 가꾸는 체험 카페이다. 올래정원에서는 해바라기를 포함한 다양한 꽃들이 저마다의 아름다움을 뽐내고 있으며 숲속에 있는 글램핑 텐트와 잔디밭 피크닉 텐트가 꽃밭이 있는 정원에서 이색적인 풍경을 자아내며 포토존 맛집이다. 입장료에는 간단한 음료가 포함되어 있으며 계절별로 다양한 체험을 진행하여 자신과 가족, 친구, 연인에게 오롯이 집중할 수 있는 프로그램을 제공하고 있다. 그림을 전공한 사장님이 운영하는 정원답게 카페 안 곳곳에 해바라기 관련 그림과 작품이 많다.
또한 천일홍 꽃다발 만들기, 해바라기 모자 그리기, 천연 염색 등 다양한 체험을 예약할 수 있다. 다양한 꽃과 나비가 있고 고양이가 있어 아이들과 함께 뛰어놀고 넓은 잔디밭에서 반려동물과 함께하기도 좋은 곳이다.",,공식 블로그 https://blog.naver.com/ariers공식 인스타그램 https://www.instagram.com/allrae_garden_official/,전구역 동반가능,25Kg 이하 동반 가능,목줄 착용,- 11월~2월 동절기 휴장- 배변봉투 지참 및 배변처리 필수,,10:00~17:00 (입장 마감 16:30),연중무휴※ 비정기적 휴무가 있으므로 홈페이지 참조 및 전화 문의 요망,가능요금 (무료)
2639965,물미해안전망대,경상남도 남해군 삼동면 동부대로 720,12,경상남도,34.76982935938249,128.05332437123863,https://tong.visitkorea.or.kr/cms/resource/44/3338144_image2_1.jpg,"한 점 쉬어가는 공간이 되어주는 물미해안전망대는 자유로운 여행객들의 또 다른 벙커로 인기 만점이다. 삼동면 대지포 마을 인근에 조성되었다 하여 지역민들에게는 대지포 전망대라는 별칭으로도 불리기도 한다. 2016년 착공해 2019년 12월 개장했다. 남해바다를 밝히는 등대 콘셉트로 지어진 이곳은 360도 조망이 가능한 원통형으로 ‘하늘 위에 떠 있는 기분’을 만끽할 수 있게 해 준다. 2층으로 구성돼 있으며 1층에는 다양한 품목을 살 수 있는 남해군 특산품 판매장, 2층에는 베이커리 카페와 옥상 전망대로 꾸며져 있다.",,https://www.namhae.go.kr/tour/,일부구역 동반가능,맹견 제외 24kg 이하 동반 가능,목줄 착용,1층 이외 시설 동반 불가,,09:00~18:00,매주 화요일,가능 (승용차 45대 / 버스 4대)
2606226,바람새마을 소풍정원,경기 평택시 고덕면 궁리 476-20,12,경기,37.011685050533,127.01968471635864,,"소풍정원은 2013년 평택시 고덕면 궁리에 조성된 수변공원이다. 소풍정원은 ‘미소바람(미소 笑, 바람 風)이 머무는 정원(庭園)’이라는 의미로 자연과 사람이 함께 어우러져 진위천변 자연을 체험하고 쉴 수 있는 공간이다. 2018년 기존 방치된 섬지역을 이화의 섬, 빛의 정원 등 4개의 주제를 담은 테마섬을 조성하여 특색 있는 경관과 야간에는 경관조명을 통한 색다른 야경을 감상할 수 있다. 수변데크와 산책로를 따라 곳곳에 설치된 솟대, 바람개비를 보는 재미와, 놀이터, 다양한 휴게공간에서 자연을 체험하고 느낄 수 있다.

(출처: 소풍정원 공식 홈페이지)",,https://www.pyeongtaek.go.kr/camp/,전구역 동반가능,전 견종 동반 가능,목줄 착용,"- 캠핑장은 동반불가- 맹견의 경우, 입마개 착용 필수- 배변봉투 지참 및 배변처리 필수",,[공원]- 상시 개방[캠핑장]- 14:00~11:00,연중무휴,가능
2755874,거창창포원,경상남도 거창군 남상면 창포원길 21-1,12,경상남도,35.6549556524805,127.939571188524,https://tong.visitkorea.or.kr/cms/resource/03/4007903_image2_1.jpg,"거창 창포원은 공원면적 424,823㎡ 규모로 축구장 66배 크기의 대규모 수변생태공원이다. 합천댐을 조성하면서 생겨난 수몰지역이지만 국가하천인 황강의 수변경관과 어울리는 생태공원을 조성하여 하천 수질도 보호하고 관광자원을 만들어 지역 경제 활성화에 도움을 주자는 취지에서 거창 창포원을 조성하게 되었다. 지금은 친환경 생태공원으로 사계절 관람이 가능한 거창의 새로운 명소가 되어 많은 관광객들이 찾고 있는 곳으로 봄에는 100만 본 이상의 꽃창포가 아름다운 군락을 이루고 여름철에는 연꽃, 수련, 수국이 절정을 이룬다. 가을엔 국화와 단풍을 찾는 사람이 많고 겨울에는 열대식물원과 145,200㎡의 습지 주변으로 억새와 갈대밭이 펼쳐져 있어 4계절 내내 색다른 볼거리를 제공하고 있다.",,https://www.geochang.go.kr/,일부구역 동반가능,전 견종 동반 가능,"목줄 착용,반려동물 유모차 탑승,이동장(켄넬)사용","- 맹견의 경우, 입마개 착용 필수- 배변봉투 지참 및 배변처리 필수",,09:00~18:00,매주 수요일,가능
3075321,새들러하우스(SADDLER HAUS),서울특별시 강남구 도산대로17길 10 (신사동) B1,39,서울특별시,37.51938252820271,127.02492102238904,,"새들러하우스는 신사 가로수길에 위치한 와플과 크로플을 중점으로 만들어 판매하는 카페 겸 베이커리이다. 기본적인 크로플에 깨, 치즈, 바질 등을 추가하여 다채로운 맛의 특별한 와플을 즐길 수 있다. 와플 뿐만 아니라 패스트리 바게트, 젤라토, 아인슈페너 등의 디저트도 맛볼 수 있다. 새들러하우스만의 특별한 디저트를 감성적인 분위기에서 즐길 수 있어 많은 사랑을 받고 있다.",,,일부구역 동반가능,,,,,09:30~18:30 (마지막 주문 17:00),연중무휴,가능
3385851,개운포성지,울산광역시 남구 성암동 308,12,울산광역시,35.4763,129.3426,https://tong.visitkorea.or.kr/cms/resource/56/3385656_image2_1.jpg,"개운포는 조선시대 전기부터 수군의 만호가 주둔하였으며, 세조에서 중종시기까지 경상좌수영(慶尙左水營) 소속으로 낙동강 이동지역 동남해안을 방어하는 수군의 기지였다.
개운포성은 외황강과 울산만이 만나는 곳에 위치하고 있으며, 둘레는 약 1,264m이며 남북으로 긴 타원형의 성곽이다. 평지와 산지의 특성을 모두 갖춘 평산성(平山城)으로 성내에 골짜기를 가지고 있는 포곡성(抱谷城)이기도 하다.

1459년(세조 5) 동래 부산포의 수영이 개운포로 옮겨와서 1592년(선조 25)까지 개운포는 경상좌도수군절도사영(慶尙左道 水軍節度使營)이었다. 수영이 동래 해운포로 이전된 이후 개운포에 다시 만호진이 운영되었는지는 알 수 없다. 그러나 임진왜란 시기 개운포에서 3차례 정도의 전투가 있었다는 점에서 개운포가 지속적으로 전략적 군사 거점지역으로 운영되고 있었음을 알 수 있다.

수영이 옮겨간 이후, 1656년(효종 7)부터는 현재 중구의 학성공원 아래에 있던 전선창이 옮겨왔다. 전선창은 전쟁에 쓰이는 선박을 만드는 곳으로 일명 ‘선소(船所)’라 하였으며, 성안의 마을이 철거되기 이전에 이곳을 ‘선수마을’이라 불리기도 했다. 전선창은 1895년 수군이 해산할 때 폐지되었다.

(출처 : 국가유산청)",,https://www.ulsannamgu.go.kr,일부구역 동반가능,전 견종 동반 가능,목줄 착용,"- 맹견의 경우, 입마개 착용 필수- 배변봉투 지참 및 배변처리 필수",,상시 개방,연중무휴,가능
1039170,옥토끼우주센터,인천광역시 강화군 불은면 강화동로 403,12,인천광역시,37.674199983825,126.48715533881,https://tong.visitkorea.or.kr/cms/resource/51/4057151_image2_1.jpg,"옥토끼우주센터는 국내 최초의 항공우주과학 테마파크이다. 항공우주 관련 자료를 수집, 보존하여 일반 대중들의 항공우주과학에 대한 이해를 돕기 위한 전시 및 교육을 실시하고 있다. 특히 어린이들의 체험교육에 중점을 두어 항공우주 관련 체험기구와 체험교육 프로그램을 개발, 운영하고 있다. 또한 과학, 예술, 탐험, 놀이가 결합된 복합문화공간으로 사계절 내내 방문할 수 있는 곳이다. 
옥토끼우주센터는 우주공항과 공룡의 몸통이라는 두 가지의 콘셉트를 가지고 노출콘크리트와 스테인리스 그물망으로 지어진 나선형태의 건축물이다. 건물은 내부와 외부공간으로 구분되는데, 내부공간은 관람 동선을 따라 과학전시물 체험을 하며 우주센터를 관람하게 되어 있다. 외부공간은 넓은 옥토끼우주센터 전체를 한눈에 조망할 수 있는 전망 탑을 중심으로 공룡의 숲, 물대포 공원, 로봇 공원, 천체영상관, 사계절 썰매장, 로고스 가든 등으로 구성되어 있다. 건물의 뛰어난 조형성을 보여주는 상층부와 공룡의 뼈대를 형상화한 주차장을 잇는 경관 램프는 아이들에게 공룡 뱃속을 탐험하는 느낌을 줄 것이다.",,http://www.oktokki.com,전구역 동반가능,이동장(켄넬)에 들어가는 전 견종 동반 가능,"반려동물 유모차 탑승,이동장(켄넬)사용",반려동물의 몸이 외부에 노출되면 동반 불가,,- 평일 10:00~17:30- 주말 09:30~19:00,연중무휴,가능 (약 450대)요금 (무료)
2763775,이천도자예술마을 (이천 예스파크),경기도 이천시 신둔면 도자예술로5번길 109,12,경기도,37.29309768198148,127.38568496349652,https://tong.visitkorea.or.kr/cms/resource/82/4056982_image2_1.jpg,"경기도 이천시 신둔면에 위치한 이천도자예술마을은 공방마다 특색이 있어 구경삼아 둘러보다가 마음에 드는 것이 있으면 구매할 수 있으며, 걷다가 잠시 카페에 들러 휴식을 취할 수도 있다. 도자기 만들기 체험 프로그램이 있는 공방도 있어 참여할 수 있다. 매년 시즌마다 다양한 축제를 진행하고 있어 지역 주민뿐만 아니라 관광객들도 많이 방문하고 있다.",,공식 홈페이지 https://2000yespark.or.kr/공식 인스타그램 https://www.instagram.com/2000yespark.official/,전구역 동반가능,전 견종 동반 가능,목줄 착용,"- 맹견의 경우, 입마개 착용 필수- 배변봉투 지참 및 배변처리 필수",,상시 개방,연중무휴 (점포별 상이함),가능 (40여대)
126010,서천 마량리 동백나무 숲,충청남도 서천군 서면 마량리 275-48,12,충청남도,36.1375,126.4935,,"서천 팔경 중의 한 곳인 서면 마랑리 동백나무 숲은 천연기념물로 지정되어 있다. 이곳에는 5백여 년 수령의 동백나무 85주가 8,265㎡에 울창한 숲을 이루고 있다. 동백나무 숲에 가면 3월 하순부터 5월 초순까지 푸른 잎 사이에 수줍은 듯 피어있는 붉은 동백꽃을 마음껏 감상할 수 있으며, 정상에 있는 동백정에 올라가면 서해의 푸른 바다와 낙조의 아름다움을 한눈에 볼 수 있다. 특히, 바로 앞에 있는 섬인 오력도의 풍경과 어울린 바다의 모습은 한 폭의 동양화를 감상하는 듯한 즐거움을 준다.마량리 동백나무 숲 서쪽은 바람이 강하여 몇 그루만이 남아있고, 동쪽에는 70여 그루가 분포하고 있다. 차나무과에 속하는 동백나무는 키가 7m 까지 자라는 난대성 상록활엽수이지만 이곳의 동백나무는 강한 바람 때문에 키가 2m 내외이며, 옆으로 퍼져있다.
전설에 의하면 약 500년 전 마량의 수군첨사가 꿈에 바닷가에 있는 꽃뭉치를 많이 증식시키면 마을에 항상 웃음꽃이 피고 번영할 것이라는 계시를 받고 바닷가에 가보니 정말 꽃이 있어 증식시킨 것이라고 전해져 온다. 그 뒤 마을 사람들은 매년 음력 정월에 이곳에 모여서 고기가 많이 잡히고, 바다에서 무사하게 해달라고 비는 제사를 지내왔다고 한다. 현재 이 숲은 마을의 방풍림구실을 하고 있다. 또한 이 지역은 지구의 자전 공전과 함께 지리적 특수성으로 인해 서해안에서 일출과 일몰을 동시에 볼 수 있어 많은 인기를 얻고 있다. 마량리에는 큰 규모의 발전소가 있고 발전소의 뒷길을 따라 가다가 언덕 돌계단을 지나 잠시 올라가면 언덕 위에 동백정이란 누정(樓亭)이 있다. 이 언덕에 나는 동백나무는 그 사이에 약간의 거리를 두고 있고 나무모양은 원형에 가깝다. 이 동백나무숲은 방풍의 목적으로 심어졌다 하나 방풍의 기능을 찾아보기 어렵다.
마량리 동백나무숲은 서도초등학교에서 4.5㎞정도 떨어진 바닷가의 낮은 언덕에 위치하고 있다. 언덕에서 조금 더 올라가면 동백정(冬栢亭)이라는 아담한 정자가 있는데, 이곳에 80여 그루의 동백 나무가 흩어져 자라고 있다. 한편, 마량리 동백나무숲은 우리나라에서 몇 안되는 동백 나무숲으로서 동백나무가 자랄 수 있는 북쪽 한계선상에 위치하고 있어 식물 분포학적 가치가 높다. 또한 풍어제 및 전설을 간직하고 있는 숲으로서 문화적 가치도 높아 천연기념물로 지정·보호하고 있다. 동백나무는 차나무과에 속하는 나무로 우리나라를 비롯하여 일본·중국 등의 따뜻한 지방에 분포하고 있다. 우리나라에서는 남쪽해안이나 섬에서 자란다. 꽃은 이른 봄에 피는데, 매우 아름다우며 꽃이 피는 시기에따라 춘백(春栢), 추백(秋栢), 동백(冬栢)으로 부른다. 마량리 동백나무는 춘백(春栢) 상록활엽 교목으로, 잎이 두텁고 표면이 진한 녹색으로 광택이 있고 잎이 많이 빽빽하게 붙어 있어서 아름답게 보인다. 그 뿐만 아니라 늦겨울철부터 피어나는 붉은 꽃은 늦은 봄까지 만발하여 그 아름다움을 더해준다. 

500여 년 전 이 마을 사람들은 뗏목을 타고, 바다에 나가 고기잡이를 하였는데 바다에 휩쓸려 돌아오지 못하는 일이 많았다. 그러던 중 남편과 자식을 잃은 한 노파가 그 앞바다에서 용이 승천하는 것을 보고 용왕을 잘 위해야 화를 면하리라 생각하게 되었다. 백발노인의 현몽으로 해안사장에서 널에 들어있는 선황 다섯 분과 동백나무 씨앗을 얻어 선황은 신당에 모시고 동백나무 씨앗을 주변에 심었다. 동백나무 숲 85주가 무성하며, 매년 정월 초하룻날 당에 올라 초사흘날까지 제사를 지내온 것이 지금까지 전승되고 있으며, 그 후부터 고기잡이에서 화를 입지 않았다고 전해진다. 내용으로 제사는 선창제, 독경, 대잡이 , 마당제, 용와제, 거리제로 이어져 제사가 시작되기 수일전에 경비로 호당 쌀 한되씩 거두어 드리고 신당부근에 수십개의 어선깃발 풍어, 만선을 꽂고, 화주, 화장(선주의일을 도와주는사람), 당굴(대잡는 사람) 2~3명 등의 의상 준비 등 제반 준비가 끝낸다.",,http://www.seocheon.go.kr/tour,전구역 동반가능,맹견 제외 전 견종 동반 가능,목줄 착용,"- 맹견과 대형견의 경우, 입마개 착용 필수- 배변봉투 지참 및 배변처리 필수",,09:00~18:00,매주 월요일 / 1월 1일 / 설·추석 연휴※ 개화기 3월~5월 무휴운영,가능
2020690,소래포구,인천광역시 남동구 포구로 2-6,12,인천광역시,37.3988547472195,126.74004666263,,"소래포구는 인천 남동구에 위치해 있으며, 수도권에 가장 쉽게 바다를 느낄 수 있는 여행지 중 하나이다. 소래포구는 아픈 과거를 가지고 있고 또한 그 아픈 과거가 만들어낸 관광지다. 1930년 후반 화약의 원료인 양질의 소금을 이 지역에서 수탈하기 위해 철도를 건설하면서 소래포구의 발전사가 시작되었다. 해방 후에는 실향민들이 모여들어 무동력선 한 두 척으로 새우를 잡고 젓갈을 만들어 수인선 열차를 타고 인천, 수원, 부평, 서울 등지로 새벽부터 새우젓을 이고, 지고 나가 팔면서 소래사람들의 삶은 꾸려졌다. 어시장에는 새우와 젓갈 그리고 꽃게로 유명하다. 신선한 해산물과 상인들의 푸짐한 덤, 그리고 고기잡이 어선을 따라서 파란 하늘에 포물선을 그리는 갈매기 소리는 진한 여운으로 남는다. 특히 대하나 꽃게 철이 되면 축제를 열 정도로 그 싱싱함과 맛이 일품이고 바다내음과 싱싱한 해산물이 필요할 땐 소래포구를 찾게 된다. 새로 단장한 어시장은 지하 1층부터 지상 2층에 이르는 규모에, 300여 개 횟집을 비롯해 젓갈 가게 등 약 340곳의 상점이 모여 있다. 특히 2층은 어시장에서 구입한 생선을 회로 맛볼 수 있는 식당이고, 육아 카페 등 편의 시설도 있다. 최근 출현한 새우타워 전망대는 높이 21m로, 소수의 인원이 오붓하게 경치를 감상하기에 좋다.",,http://sorae-pogu.co.kr/,일부구역 동반가능,전 견종 동반 가능,목줄 착용,"- 실내시설은 동반 불가- 맹견의 경우, 입마개 착용 필수- 배변봉투 지참 및 배변처리 필수",,상시 개방,연중무휴,가능요금 (무료)
2706717,킹카누 나루터,강원특별자치도 춘천시 송암동 684,28,강원특별자치도,37.856,127.6854,https://tong.visitkorea.or.kr/cms/resource/53/4046253_image2_1.jpg,"국내 유일의 캐나디안 카누 체험인 킹카누 나루터는 사단법인 물길로 장목순 대표가 최초로 12인승 캐나디안 카누를 설계, 제작했으며, 기름 냄새나 소음이 없는 무동력 친환경 레포츠다. 고요한 호수 위 카누에 앉으면 수면과 시야가 수평에 가까워지기 때문에 땅에서 보는 것과 또 다른 세상을 만날 수 있다. 2019 열린 관광지로 선정되어, 휠체어 탑승 가능 카누와 진입로 확보, 장애인 화장실 및 음성 안내판 등 누구나 카누를 즐길 수 있도록 열린 관광지 시설을 완비했다. 킹카누 체험은 의암댐, 붕어섬, 하중도, 의암호 등 네 가지 대표 코스로 운영되며, 안전교육을 포함해 1시간 30분 남짓 소요된다. 

◎ 한류의 매력을 만나는 여행 정보 - 예능 
대학생이 된 아이브의 낭만 여행 코스로 북한강이 흐르다가 잠시 머무는 호반의 도시 춘천에서 노를 저으며 아름다운 풍경에 빠져보는 것을 추천한다. 의암호의 자연, 역사, 문화를 설명해 주는 가이드가 동승해 안전하고 편안하게 카누 투어를 할 수 있다.",,http://www.물길로.org/,일부구역 동반가능,대형견 4~5마리까지 가능,,대형 카누로 대형견 4~5마리까지 탑승 가능합니다. 나루터에 반려견 동반 및 산책 가능합니다.*반려견 동반 운영 정책은 현지 사정에 따라 변동 될 수 있습니다.,장애인 편의시설,10:00~18:00,연중무휴,
128834,죽녹원,전라남도 담양군 담양읍 죽녹원로 119,12,전라남도,35.327758323916,126.985559013142,https://tong.visitkorea.or.kr/cms/resource/36/4017136_image2_1.jpg,"죽녹원은 관방제림과 영산강의 시원인 담양천을 끼고 있는 향교를 지나면 바로 왼편에 보이는 대숲이다. 약 16만㎡의 울창한 대숲으로 담양군이 성안산 일대를 조성하여 2003년 5월 개원했다. 죽녹원 입구에서 돌계단을 하나씩 하나씩 밟고 오르며 굳어있던 몸을 풀리고 대나무 사이로 불어오는 댓바람이 일상에 지쳐있는 심신에 청량감을 불어넣어 준다. 또한 댓잎의 사각거리는 소리를 들으며 빽빽이 들어서 있는 대나무 숲길을 걷노라면 푸른 댓잎을 통과해 쏟아지는 햇살의 기운을 온몸으로 받아내는 기분 또한 신선하다. 죽녹원 안에는 대나무 잎에서 떨어지는 이슬을 먹고 자란다는 죽로차(竹露)가 자생하고 있다. 죽림욕을 즐기고 난 후 죽로차 한 잔으로 마음의 여유까지 느껴볼 수 있는 곳이다.
또한 죽녹원에는 죽림욕을 즐길 수 있는 총 2.2km의 산책로가 조성되어 있다. 운수대통길, 죽마고우길, 철학자의 길 등 8가지 주제의 길로 구성되어 있는데, 죽녹원전망대로부터 산책로가 시작된다. 전망대에서는 담양천을 비롯하여 수령 300년이 넘은 고목들로 조성된 담양 관방제림과 담양의 명물인 메타세쿼이아 가로수길 등이 한눈에 내려다보인다. 생태전시관, 인공폭포, 생태연못, 야외공연장이 있으며 밤에도 산책을 할 수 있도록 대숲에 조명을 설치했다.",,https://www.juknokwon.go.kr,일부구역 동반가능,몸 전체가 유모차 및 이동장(켄넬) 안에 들어가는 전 견종 동반 가능,"반려동물 유모차 탑승,이동장(켄넬)사용",배변봉투 지참 및 배변처리 필수,,- 하절기(3월~10월) 09:00~19:00 (입장마감 18:00)- 동절기(11월~2월) 09:00~18:00 (입장마감 17:30)※ 관람시간 이외에는 전면통제되오니 관람시간 이후 퇴장시에는 이이남아트센터를 이용하여 퇴장,연중무휴,가능
2385666,국립부산과학관,부산광역시 기장군 기장읍 동부산관광6로 59,14,부산광역시,35.2045740978071,129.212686302171,https://tong.visitkorea.or.kr/cms/resource/21/3511021_image2_1.jpg,"오시리아 관광단지(부산시 기장군)에 위치한 국립부산과학관은 2015년 12월 개관 이후 누적관람객 700만 명을 넘어섰으며 2025년 개관 10주년을 맞이하였다. 또한, 연평균 관람객 100만여 명, 교육참가자 약 10만 명으로 부울경 지역의 과학적 사고력 함양에 기여하는 과학문화 확산의 거점기관으로 역할을 하고 있다. 자동차, 항공, 조선, 에너지, 의과학 등 부울경 과학산업기술 전시와 4차 산업혁명 이후 맞이하게 된 미래 기술과 문화를 직접 체험하고 배울 수 있도록 인공지능, 로봇, 메이커 등 교육 및 문화행사 프로그램을 지속적으로 개발 및 보급하고 있다. 국립부산과학관에는 자동차, 항공우주, 선박, 에너지, 의과학 등 지역산업의 과학기술을 체험형 전시물로 담은 상설전시관, 영유아를 위한 우주과학놀이터 새싹누리관, 기초과학원리와 미래기술을 직접 느껴볼 수 있는 어린이과학관과 항상 새로운 주제의 특별전시로 관람객을 맞는 기획전시실 김진재홀이 있다. 이외에도 한낮의 밤하늘 여행을 떠나는 천체투영관, 굴절망원경이 있는 천체관측소, 뛰어놀면서 배우는 사이언스파크, 산업혁명 증기기관차를 상징하는 꼬마기차, 1박 2일 숙박형 과학교육캠프관 등 국립부산과학관에는 과학을 즐길거리가 무궁무진하다.",,http://www.sciport.or.kr,일부구역 동반가능,전 견종 동반 가능,목줄 착용,"- 야외 공간만 동반 가능- 맹견의 경우, 입마개 착용 필수- 배변봉투 지참 및 배변처리 필수",,09:30~17:30 (입장 마감 16:30),"매주 월요일 (단, 월요일이 공휴일인 경우 그 다음날 휴관) / 1월 1일 / 설·추석 당일",
2776859,청초호 호수공원,강원특별자치도 속초시 엑스포로 140 (교동),12,강원특별자치도,38.1958,128.5825,https://tong.visitkorea.or.kr/cms/resource/75/4041475_image2_1.jpg,"자연석호인 청초호변에 있는 호수공원으로 1999년 국제관광 엑스포가 개최된 곳이다. 호수를 바라보며 잘 조성된 공원은 테마별로 다양한 모습을 보여준다. 나무 그늘 밑에서 잠시 쉬어갈 수 있도록 벤치가 놓여 있는 휴식공간도 잘 마련되어 있다. 호변 테크길을 따라 산책하기 좋고, 봄에는 튤립, 여름에는 마리나, 가을에는 국화, 겨울에는 설경을 볼 수 있는 아름다운 호수이다. 공원 내에 있는 속초 엑스포타워 위로 올라가면 청초호, 청초호 호수공원 그리고 동해 바다와 조도까지 볼 수 있다. 반대편으로는 설악산의 울산바위와 달마봉을 볼 수 있다.",,https://www.sokcho.go.kr/ct/tour/attraction/nature,일부구역 동반가능,전 견종 동반 가능,목줄 착용,"- 맹견의 경우, 입마개 착용 필수- 배변봉투 지참 및 배변처리 필수",,상시 개방,연중무휴,가능
126887,선돌 (강원고생대 국가지질공원),강원특별자치도 영월군 남면 영월로 1472,12,강원특별자치도,37.20648850006299,128.4346588960602,https://tong.visitkorea.or.kr/cms/resource/82/3588482_image2_1.jpg,"선돌에 가면 거대한 기암괴석이 ㄱ자로 굽은 강줄기와 함께 나타난다. 선돌은 일명 신선암이라고도 하는데 선돌은 푸른 강과 층암절벽이 어우러져 마치 한폭의 그림을 보는 듯한 느낌을 준다. 선돌은 영월읍 방절리 서강 안에 절벽을 이룬 곳에 위치해있는데 마치 큰 칼로 절벽을 쪼개 내리다 그친 듯한 형상을 이룬 입석을 말한다. 선돌은 기반암인 석회암이 물에 의한 용식작용으로 절리틈이 녹아서 형성된 지형으로 추측되고 있다.
(출처 : 강원고생대 국가지질공원)",,http://www.paleozoicgp.com/,일부구역 동반가능,전 견종 동반 가능,"입마개 착용,목줄 착용,기타","- 맹견의 경우, 입마개 착용 필수- 배변봉투 지참 및 배변처리 필수",,상시 개방,연중무휴,가능
3079931,태화강억새군락지,울산광역시 북구 명촌동,12,울산광역시,35.547128,129.359777,https://tong.visitkorea.or.kr/cms/resource/08/3079908_image2_1.jpg,"태화강을 따라 울산 남구, 북구, 중구에 걸쳐 조성된 태화강 억새군락지는 가을이면 온통 은빛 물결이 출렁이는 가을 산책코스로 변모한다. 특히, 북구 명촌교 아래에서 아산로 양정 1교 부근의 억새밭은 12만 6,055㎡로 가장 넓은 면적을 자랑한다. 보통 억새군락지들은 산에 올라 볼 수 있는데 태화강 억새군락지는 자전거도로와 산책로를 따라 평지를 걸으며 즐길 수 있다. 산 위의 억새군락지는 해가 지기 전에 하산을 서둘러야 해서 그 진가를 보기 어렵지만 이곳에서는 강변의 넓게 펼쳐진 은빛 억새가 황금색으로 물들어 반짝이는 광경을 눈앞에서 감상할 수 있다. 도심에 위치해 있어서 접근성이 좋으며 억새군락지 데크길 곳곳에 조형물과 벤치가 있어 편리하다.",,,전구역 동반가능,전 견종 동반 가능,목줄 착용,"- 맹견의 경우, 입마개 착용 필수- 배변봉투 지참 및 배변처리 필수",,상시 개방,연중무휴,가능요금 (무료)
127131,호미곶 해맞이광장,경북 포항시 남구 호미곶면 대보리,12,경북,36.076781,129.56797,https://tong.visitkorea.or.kr/cms/resource/52/4056752_image2_1.jpg,"호미곶은 한반도의 최동단에 위치, 한반도 지형상 호랑이 꼬리에 해당하는 곳이다. 또한, 가장 먼저 해가 뜨는 곳으로 두 차례에 걸쳐 국가지정 해맞이 축전이 개최되었으며 해마다 한민족 해맞이 축전이 열리고 있다. 이곳에 조성된 해맞이 광장에는 영원의 불로 간직하고 있는 영원의 불씨함이 있으며 바다와 육지에 각각 오른손과 왼손의 형상을 하고 화합과 상생을 뜻하고 있는 대형 청동 조형물 상생의 손과 삼국유사에 전해 내려오는 이 지방 설화의 주인공 연오랑세오녀상이 있다. 상생의 손은 국가행사인 호미곶 해맞이 축전을 기리는 상징물이다. 육지에선 왼손, 바다에선 오른손인 상생의 손은 새천년을 맞아 모든 국민이 서로를 도우며 살자는 뜻에서 만든 조형물인 상생의 손은 두 손이 상생을 의미한다. 성화대의 화반은 해의 이미지이며, 두 개의 원형고리는 화합을 의미한다.",호미곶 해맞이광장 관리사무소 054-270-5806,https://www.pohang.go.kr/,일부구역 동반가능,전 견종 동반 가능,목줄 착용,"- 기념관 내부 시설은 시각 안내견만 동반 가능- 맹견의 경우, 입마개 착용 필수- 배변봉투 지참 및 배변처리 필수",,상시 개방,연중무휴,가능
129413,청송 얼음골,경상북도 청송군 주왕산면 팔각산로 228,12,경상북도,36.31693305976604,129.22397120442116,https://tong.visitkorea.or.kr/cms/resource/42/4056742_image2_1.jpg,"겨울철에는 따뜻한 바람이 불어 나오고, 여름철에는 차가운 바람이 불어 나오는 특이한 기상현상으로 인해 계절이 거꾸로 가는 곳을 얼음골이라 한다. 청송 얼음골은 응회암 바위들이 절벽 아래 쌓인 곳에 나타나는데 이처럼 절벽 아래나 산 사면에 암석들이 쌓여 있는 지형을 애추(너덜지대)라고 한다. 비교적 두껍게 쌓여있는 크고 작은 바위들의 틈새로 들어간 공기는 온도가 낮고 습한 지하의 영향을 받으며 바위틈을 따라 아래쪽으로 내려가게 된다. 애추지형의 아래쪽에서는 차갑고 습기가 많은 공기가 바깥쪽으로 빠져나오면서 따뜻하고 건조한 공기와 만나는데, 이때 공기 중의 습기가 기화하면서 온도가 낮아져 얼음골이 형성된다. 또한 얼음골의 경사면이 북쪽을 향하고 있어 태양 빛이 잘 들지 않는 것도 얼음골이 만들어지는 데 중요한 역할을 한다.",,https://csgeop.cs.go.kr,전구역 동반가능,전 견종 동반 가능,목줄 착용,"- 맹견의 경우, 입마개 착용 필수- 배변봉투 지참 및 배변처리 필수",,상시 개방,연중무휴,가능
126419,다산초당,전라남도 강진군 도암면 다산초당길 68-35,12,전라남도,34.58064974606685,126.74507297037698,https://tong.visitkorea.or.kr/cms/resource/63/3537763_image2_1.jpg,"다산초당은 조선 후기 실학자 정약용이 강진 유배 시기 머물며 학문 활동을 이어간 대표적인 유적지다. 그는 1801년 신유사옥 이후 유배되어 여러 곳을 거쳐 1808년부터 이곳에 정착했으며, 해배될 때까지 약 10여 년 동안 제자들을 가르치고 연구와 저술에 전념했다. 이 시기에 『목민심서』, 『경세유표』 등 조선 실학을 대표하는 방대한 저술을 완성하며 실학 사상을 집대성한 장소로 평가된다. 다산초당은 단순한 거처가 아니라 학문적 성과가 집중적으로 이루어진 공간으로, 정약용이 실용적이고 현실 중심적인 학문 체계를 정립하는 데 중요한 역할을 했다. 현재는 복원된 유적지로 동암과 서암, 제자들이 머물던 공간이 재현되어 있으며, 정약용이 직접 글자를 새겼다고 전해지는 ‘정석(丁石)’, 차를 끓이던 약천, 다조, 연지석가산, 천일각 등 다양한 유적 요소들이 함께 보존되어 있어 그의 생활과 사상을 엿볼 수 있는 역사 공간으로 남아 있다.",,https://www.gangjin.go.kr/culture,전구역 동반가능,전 견종 동반 가능,목줄 착용,"- 맹견의 경우, 입마개 착용 필수- 배변봉투 지참 및 배변처리 필수",,09:00~18:00,연중무휴,가능
127778,가천 다랭이마을,경상남도 남해군 남면 홍현리 남면로 679번길 21,12,경상남도,34.7279422887628,127.894374961446,https://tong.visitkorea.or.kr/cms/resource/96/2703896_image2_1.jpg,"다랭이마을은 경남 남해군에 위치한 마을이다. 이 마을은 선조들이 농토를 한 뼘이라도 더 넓히려고 산비탈을 깎아 곧추 석출을 쌓고 계단식 다랭이 논을 만들었다고 한다. 바다에서 시작된 좁고 긴 논들은 계단처럼 이어져 있고, 남해 최고의 산행길로 사랑받는 응봉산과 설흘산을 향하고 있다. 들쭉날쭉 제 멋대로 생긴 논들이지만 그 사이사이로 산뜻한 산책로와 전망대가 마련돼 있어 편안히 돌아볼 수 있다. 다랭이의 명물인 암수바위와 밥무덤, 구름다리, 몽돌해변 등을 돌아보는 데 1시간 남짓 시간이 소요된다.",,남해군여행 https://www.namhae.go.kr/,전구역 동반가능,"전 견종 출입 가능(맹견의 경우, 입마개 착용 필수)",목줄 착용,"- 맹견의 경우, 입마개 착용 필수- 배변봉투 지참 및 배변처리 필수",,,연중무휴,가능
128829,부산 암남공원,부산광역시 서구 암남공원로 185 (암남동),12,부산광역시,35.0589,129.0158,https://tong.visitkorea.or.kr/cms/resource/84/3498484_image2_1.jpg,해안절경을 자랑하는 암남공원은 진정산 일대의 자연공원이다. 해안의 소나무 숲 사이로 바라다 보이는 바다풍경과 그 위에 유유히 떠 있는 배들의 모습으로 한 폭의 그림을 선사한다. 산책로를 따라 공원을 한 바퀴 둘러보는데 소요되는 시간은 1시간 정도 걸린다. 중간중간에 전망대와 벤치가 있는 휴게광장에 이르면 탁 트인 바다를 내려다볼 수 있다. 작은 섬 두도와 그곳에 우뚝 선 하얀 등대가 그림처럼 시야에 들어온다.,,http://culture.bsseogu.go.kr,전구역 동반가능,전 견종 동반 가능,목줄 착용,"- 맹견의 경우, 입마개 착용 필수- 배변봉투 지참 및 배변처리 필수",,상시 개방,연중무휴,가능요금 (무료)
3061636,초암 정원,전라남도 보성군 득량면 득량초암길 50-5,12,전라남도,34.76862,127.190787,https://tong.visitkorea.or.kr/cms/resource/13/3061613_image2_1.jpg,"대대손손 260년을 살아온 명당 터에 광산 김씨 문숙공파 8대 종손 청람 김재기 씨가 손수 가꾼 전라남도 민간 정원이다. 일찍이 어머니를 여의고 어린 누이마저 세상을 등지자 그 그리움과 자신을 정성껏 길러준 조부모님, 사랑으로 감싸준 어머니에 대한 감사의 마음으로 69,000㎡의 넓은 땅에 묘목을 심어 가꾸었다. 60여 년간 가꾼 200여 종의 나무들이 숲을 이루고 꽃을 피우며 보성의 명필가 송설주 선생 등 시인 묵객들이 즐겨 찾는 장소가 되었다. 가족 묘원으로 오르는 400m 잔디길은 선령님이 버선발로도 오가시라는 깊은 뜻이 담긴 길이라 한다. 잔디밭을 지나 편백나무 숲과 대나무 숲이 우거져 있고 편백나무 숲 위쪽의 초암정을 지나면 풍요로운 예당 들판과 득량만의 푸른 바다, 신령스러운 팔영산 풍광이 눈앞에 그림처럼 펼쳐지는 전망대가 있다. 정원 입구의 안채는 주인이 거주하는 살림집이고 한옥은 갤러리로 전통 기구와 그림, 글씨 등이 전시된 사랑채가 있다. 초암정원 안내도를 보면 조성 내력을 기록해 이해를 돕고 있으니 시설 안내도를 보고 관람 동선을 체크하는 것이 좋다.",,보성 문화관광 https://www.boseong.go.kr/tour,전구역 동반가능,전 견종 동반 가능,목줄 착용,"- 맹견의 경우, 입마개 착용 필수- 배변봉투 지참 및 배변처리 필수",,09:00~18:00,연중무휴,가능
3062105,탐매마을,전라남도 순천시 공마당길 155 (매곡동),12,전라남도,34.959837,127.483062,https://tong.visitkorea.or.kr/cms/resource/56/4054656_image2_1.jpg,"탐매마을은 탐하고 싶을 만큼 아름다운 홍매화, 보기 좋고 먹고 싶은 홍매화라는 뜻을 담고 있다. 1500년대 배숙이라는 사람이 골짜기에 집을 짓고 살다가 이른 봄에 홍매화 꽃이 활짝 피어 집과 어우러져 있는 모습이 아름다워 매곡(홍매화 골짜기)이라고 동네 이름을 짓고 자신의 호를 매곡이라 하였다고 한다.
전국에서 홍매화가 제일 먼저 피는 곳으로 광양의 매화꽃보다 먼저 개화를 하여 언론에서 개화 소식을 알릴 때 오래전부터 탐매마을 홍매화 나무를 확인하러 온다고 한다. 매년 3월 초 경 열리는 탐매축제에서 홍매화를 소재로 한 다양한 체험과 즐길 거리를 선사하고 있다. 탐매마을 길목의 집 담장은 매화꽃을 소재로 한 벽화들과 우편함, 문패로 꾸며져 있다. 탐매희망센터는 탐매마을 관광 프로그램을 총괄하는 곳으로 마을 여행 가이드가 시작되는 지점이다. 이 마을은 매화 외에도 1900년대 초 선교사들이 모여 살았던 곳으로 기독교 역사박물관과 매산여고 프레스톤 주택과 코잇 가옥, 조지 왓츠 기념관들이 매산동 언덕에 남아 있다. 마을을 즐길 수 있는 방법은 홍매화 거리 코스와 역사문화 예술 코스가 있다.",,https://www.suncheon.go.kr/tour,전구역 동반가능,전 견종 동반 가능,목줄 착용,"- 맹견의 경우, 입마개 착용 필수- 배변봉투 지참 및 배변처리 필수",,상시 개방,연중무휴,가능
3046988,구절산 폭포암,경상남도 고성군 동해면 외곡1길 535,12,경상남도,35.0146504945953,128.420128469627,https://tong.visitkorea.or.kr/cms/resource/53/3538653_image2_1.jpg,"구절산은 아홉 번 절을 하고 아홉 번을 불러야 만날 수 있다는 구절 도사가 살았던 산이라고 한다. 구절산 아래 폭포암은 의령 일붕사를 창건한 일붕 선사의 가르침을 받은 현각 스님에 의해 구절폭포 옆에 창건되었다. 절벽에 바짝 기댄 폭포암과 구절 폭포, 출렁다리의 아름다운 풍광은 신비롭게 느껴지기도 한다. 이러한 탓에 폭포암은 많은 이들이 방문하는 고성의 관광 명소로 자리매김하였다.
폭포암의 대웅전 옆 암벽에는 황금 약사여래마애불이 있고, 각종 매스컴에도 소개된 명소인 흔들바위가 있다. 구절폭포에 살던 용이 승천하려다가 목욕하는 아낙네들을 훔쳐보게 되었는데, 수행이 제대로 되지 못한 행위에 하늘에서 내려치는 번개를 맞아 산산조각이 나면서 몸통은 구절폭포를 두른 암반으로 변하고 잘려간 꼬리는 흔들바위가 되었다는 전설이 내려온다. 
구절폭포는 보통 수량이 많지 않다가 비가 내린 후 장관을 연출한다. 구절폭포 협곡 사이에 출렁다리가 놓여 있는데, 높이가 상당해 보는 이와 즐기는 이로 하여금 아찔함을 느끼게 한다.",,,일부구역 동반가능,중소형견 동반 가능,"목줄 착용,이동장(켄넬)사용",이동장(켄넬) 또는 목줄 착용 후 보호자가 안고서만 동반 가능,,09:00~18:00,연중무휴,가능
2612261,대동하늘공원,대전광역시 동구 동대전로110번길 182 (대동),12,대전광역시,36.3317158535251,127.451566217741,https://tong.visitkorea.or.kr/cms/resource/67/4055767_image2_1.png,"대전 동구 8경에 선정된 대동하늘공원은 2009년 12월 대동마을쉼터사업에 의해 달동네의 언덕마루에 공원이 조성되었다. 공원에 세워진 풍차와 공원 남서쪽에 위치한 사랑바위는 사람들이 많이 찾는 장소 중 하나이다. 벤치와 정자를 설치해 놓아 휴식을 취하며 도심의 풍광을 즐길 수 있도록 편의시설도 설치되어 있다. 이 공원이 일반에게 개방되면서 대동의 달동네는 더 이상 도심 속의 적막한 소외지역이 아닌 시민 소통의 장이 되었다. 대전의 대표 전망대로써 대전 시내 전경이 한눈에 들어와 등산객들이 즐겨 찾는 휴식처이다. 특히 야간에는 시가지의 아름다운 야경을 즐길 수 있어 많은 사람들에게 사랑받는 곳으로, 동북쪽 계족산 끝자락부터 남서쪽 보문산 자락 사이에 시원하게 펼쳐진 도시 전경을 감상할 수 있다.",,https://www.donggu.go.kr/dg/tour,전구역 동반가능,전 견종 동반 가능,목줄 착용,"- 맹견의 경우, 입마개 착용 필수- 배변봉투 지참 및 배변처리 필수",,상시 개방,연중무휴,가능
3074308,정부대전청사 자연마당,대전광역시 서구 둔산동 930,12,대전광역시,36.3588,127.385,https://tong.visitkorea.or.kr/cms/resource/83/3051683_image2_1.JPG,"정부대전청사 자연마당은 대전정부청사 남쪽에 조성된 도시공원이다. 이곳은 원래 1998년에 광장으로 조성했으나, 2014년부터 2016년까지 생태계 보전 차원에서 자연으로의 복원 작업을 통해 도심 속 생태숲으로 거듭났다. 그리하여 참나무복원숲, 야생초화원, 조류유인숲, 소생물 서식 습지, 습지 관찰데크, 암석초화원, 체험놀이마당, 휴게쉼터, 휴게마당이 들어섰다. 자연마당은 잔디광장을 중심으로 사계절을 온전히 느낄 수 있는 산책로가 연결되어 있어 산책로 주변으로 조성된 나무와 풀, 꽃, 조형물들을 즐기며 휴식을 취할 수 있다. 또한, 정부청사가 들어선 도심 가운데에 있는 이 공간은 시민들의 휴식과 함께 도시의 열을 조절하는 데에도 큰 역할을 하고 있다. 이러한 역할에 더욱 충실하기 위해 야영 및 취사, 식물채집, 소음 및 빛 공해, 오물 투기를 금지하고 있다. 대중교통을 이용해 이곳을 방문할 경우 대전 도시철도 1호선 정부청사역을 이용하면 된다. 주변에는 정부대전청사 외에 샘머리공원, 둔산대공원 등이 있다.",,,일부구역 동반가능,전 견종 동반 가능,목줄 착용,"- 맹견의 경우, 입마개 착용 필수- 배변봉투 지참 및 배변처리 필수",,상시 개방,연중무휴,가능
2469441,합천 영상테마파크,경상남도 합천군 용주면 합천호수로 757,12,경상남도,35.548453176636144,128.07305627094257,https://tong.visitkorea.or.kr/cms/resource/45/3527645_image2_1.jpg,"2004년도에 건립한 합천영상테마파크는 1920년대에서 1980년대를 배경으로 하는 국내 최고의 특화된 시대물 오픈세트장이다. 
드라마 「정년이」, 「수사반장 더 비기닝」, 「폭싹 속았수다」, 「구미호뎐 1938」, 「미스터션샤인」, 「비밀의 숲」, 「경성크리처」, 「경성스캔들」, 「각시탈」, 영화 「태극기 휘날리며」, 「암살」, 「택시운전사」, 「써니」, 「밀정」, 「박열」, 「대장 김창수」, 「강철비」, 「인천상륙작전」, 「해어화」 등 300여 편의 영화, 드라마, 광고, 뮤직비디오 등 각종 영상작품이 촬영된 촬영세트장이다. 
영상테마파크 뒤편으로는 150,000㎡ 규모의 전국 최고의 분재공원과 정원테마파크가 개장되었다. 메인 건물인 청와대 촬영세트장과 함께 분재온실, 생태숲 체험장, 목재 문화체험장 등이 조성되어 있어 자연 속에서 어른, 아이 모두 즐길 수 있다.",,https://hcmoviethemepark.com/,일부구역 동반가능,전 견종 동반 가능,목줄 착용,"- 맹견의 경우, 입마개 착용 필수- 배변봉투 지참 및 배변처리 필수",,[하절기 (3월~10월)] - 09:00~18:00 - 입장 마감 17:00[동절기 (11~2월)] - 09:00~17:00 - 입장 마감 16:00,"매주 월요일 (단, 휴무일이 공휴일인 경우 그 다음날 휴무)",가능 (350대)
2705409,강아지숲,강원특별자치도 춘천시 남산면 충효로 437,12,강원특별자치도,37.7364332304084,127.66201933849,https://tong.visitkorea.or.kr/cms/resource/84/3082584_image2_1.jpg,"국내 최대 규모의 반려견 테마파크. 춘천 남산면 일대 약 99,173㎡(약 3만 평) 대지에 조성한 강아지숲은 ‘강아지가 말하는 숲’이라는 상상에서 출발한다. 반려견과 사람이 행복한 추억을 만들 수 있도록 박물관, 운동장, 수영장(여름 한정 운영) 등 다채로운 시설을 갖췄다.

박물관에서는 인간과 강아지가 조화롭게 공존하는 반려견 문화 공유라는 주제의 전시가 이뤄진다. 상설전시 외에, 개에 대한 현시대 작가들의 작품활동을 감상할 수 있는 특별전시도 마련되어 있다. 반려견과 동반 입장하여 전시 관람 및 시설 이용이 가능하다. (단, 반드시 산책줄과 매너벨트 착용 후 입장 가능)

연못과 자작나무 숲길을 따라 이어지는 산책로는 아장 코스, 총총 코스, 성큼 코스 등 5~30분 코스로 이뤄져 반려견의 나이, 건강 상태에 따라 선택해서 이용 가능하다. 반려견이 신나게 뛰어놀 수 있는 널찍한 공간들도 마련되어 있다. 그중 동산과 운동장(큰 운동장, 작은 운동장, 네이처풀 운동장)은 산책줄을 풀어도 되는 공간으로 반려견 몸무게에 따라 입장을 구분하여 운영되며, 월별 로테이션 일정을 사전에 공식 홈페이지나 인스타그램을 통해 확인할 수 있다.

여름 시즌에는 예약제로 운영되는, 강아지 동반 수영장인 네이처풀을 이용할 수 있다. 그 밖에도 반려견과 함께 식사를 할 수 있는 네이처 푸드테라스, 반려견 음료를 갖춘 카페(봄과 여름(시즌 한정 운영) / 가을(내부 정비로 인한 운영 임시 중단) / 겨울), 반려견 관련 상품을 판매하는 마켓 같은 편의시설이 있다. 동물보호법에 근거한 맹견 품종, 위압감을 주거나 공격 성향이 강한 반려견 등 일부 반려견은 입장이 제한되니 방문 전 확인하자.",,http://dforest.co.kr,전구역 동반가능,맹견 제외 예방접종 완료한 3개월 이상의 전 견종 동반 가능,기타,"- 오프리시 공간 외 산책줄 착용 (※ 박물관동 동반 입장 시, 강아지 매너벨트 필수 착용) - 현장 관리자 판단 하에 강아지 상태에 따라 입마개 착용을 요청 받을 수 있음 - 배변봉투 지참 및 배변처리 필수 - 강아지숲 박물관 : 강아지 동반 입장이 가능하나, 반드시 산책줄과 매너벨트 착용 필수 - 강아지숲 동산 : 도그 스포츠 등 다양한 행사 진행, 가능 - 강아지숲 운동장 : 강아지가 마음껏 뛰어놀 수 있는 공간. 산책줄 없이 이용 가능한 오프리쉬 공간 - 네이처풀 : 여름 시즌 운영되는 강아지 동반 실외 수영장으로, 사전 예약제로 이용 가능, 방갈로, 썬베드, 파라솔 등 대여시설 및 강아지 동반 식당인 네이처 푸드테라스, 카페 여름, 샤워실, 라커룸&탈의실, 강아지 목욕실&드라이실, 등 편의시설 운영 - 강아지숲 마켓 : 강아지 전문 용품과 다양한 캐릭터 상품 및 굿즈 판매 - 강아지 의무실 : 가벼운 외상 치료 등 응급 상황에 대한 초기 대처 (운영시간 내 상시운영)","펜스, 안전문, 샤워실, 수영장, 운동장, 산책로, 드라이룸, 펫카페",10:00~18:00 (발권마감 17:00)※ 예방접종이 완료된 3개월 이상의 반려견만 입장 가능,"매주 월요일, 화요일 (단, 공휴일 및 대체 휴무일인 경우 정상 운영) / 설·추석 당일",가능 (234대)
2714545,등대해수욕장,강원특별자치도 속초시 영랑동,12,강원특별자치도,38.214644,128.598332,https://tong.visitkorea.or.kr/cms/resource/91/4052091_image2_1.jpg,"등대해수욕장은 2004년 여름에 처음으로 개방되었다. 등대해수욕장은 동명항과 영금정, 등대전망대와 영랑호 등의 관광명소들을 주변에 두고 있어 관광지들을 둘러보다가 해변을 찾고자 할 때 들르기에 좋다. 여름에 찾으면 해수욕을 하기 좋도록 급수대와 망루대, 텐트와 튜브를 대여할 수 있는 대여소와 샤워탈의장, 수상레저관광을 이용할 수 있도록 운영하고 있어 편리하다.

(출처: 속초관광 홈페이지)",,http://deungdaebeach.co.kr/,일부구역 동반가능,전 견종 동반 가능,목줄 착용,"- 해수욕장 개장 기간에는 동반이 제한될 수 있음- 맹견의 경우, 입마개 착용 필수- 배변봉투 지참 및 배변처리 필수",,상시 개방,연중무휴,가능
3112053,파로호꽃섬,강원특별자치도 양구군 양구읍 함춘로 102,12,강원특별자치도,38.11671863878059,127.988461066585,,"파로호 상류에 위치한 파로호꽃섬은 한반도섬과 마찬가지로 갈대와 버드나무가 무성하던 곳을 계절마다 절기를 느낄 수 있는 꽃과 여가 시간을 즐길 수 있는 산책코스를 조성해 양구 군민들과 양구를 찾은 관광객들에게 새로운 쉼터로 주목받고 있다. 봄과 여름 사이에는 노란 유채꽃과 붉게 물든 꽃양귀비, 보랏빛 아이리스 등 다채로운 꽃들의 향연이 펼쳐지고, 가을이 되면 백일홍과 코스모스, 해바라기, 메밀꽃을 볼 수 있다. 초겨울에는 억새가 장관을 이루기도 한다. 꽃섬은 메타세쿼이아 길, 아이리스원, 계절원, 중앙정원 총 네 개 테마 정원으로 조성되어 있다. 천천히 걷다 보면 곳곳에 사진 명소와 쉬어갈 수 있는 벤치, 정자 등이 마련되어 있어 보다 편안한 쉼을 제공한다.",033-480-7384,,전구역 동반가능,전 견종 동반 가능,목줄 착용,"- 맹견의 경우, 입마개 착용 필수- 배변봉투 지참 및 배변처리 필수",산책로,상시 개방,연중무휴,가능
3112126,드림서프라운지,부산광역시 수영구 남천동로 108번길 40 4층,28,부산광역시,35.14661876772848,129.11325348812275,,"드림서프라운지는 부산 광안리해수욕장에서 다양한 해양 스포츠를 즐길 수 있는 공간이다. 드림서프라운지에서 운영하는 드림스코프 스포츠클럽을 통해 SUP, 서핑, SUP 서핑, 노르딕, DOG SUP 등 여러 종목을 동호회원들과 함께 체험할 수 있다. SUP 체험존과 반려견 동반 패들보드 프로그램도 마련되어 있으며, 광안리 해변에서 도보 3분 거리에 위치한 드림서프라운지의 쾌적한 시설을 이용할 수 있다.",,공식 홈페이지 https://dreamsurf.kr/공식 인스타그램  https://www.instagram.com/dream_surflounge/,일부구역 동반가능,전 견종 동반 가능,"목줄 착용,매너벨트 착용",,"샤워실, 드라이룸, 광안리해수욕장내 드림서프라운지 SUP 체험존",09:00~19:00,연중무휴,
3112168,아우아우,제주특별자치도 제주시 조천읍 와산3길 13-105,14,제주특별자치도,33.48783967329499,126.69318766424068,,"제주 동쪽 숲 속에 위치한 마음을 치유하는 안식처, 제주도 내 유일 한옥 스타일의 반려동물 복합문화공간이다. 아우아우는 1천여 평의 공간으로 실내·외 공간 모두 보유하고 있어 날씨에 구애받지 않고 반려견과 함께할 수 있는 공간으로 반려견이 눈치 보지 않고 뛰어놀 수 있는 천연 잔디 운동장을 비롯한 제주 화산송이 운동장, 실내 반려견 전용 공간을 보유하고 있다. 반려동물을 위한 제주 특산품으로 만든 화식과 간식부터 반려인의 입맛을 사로잡을 메뉴까지 준비되어 있다. 여행의 추억을 위해 반려견과 함께하실 수 있는 사진 공간도 별도로 보유하고 있으며 시즌마다 바뀌는 포토존과 맞춤 이벤트, 다양한 반려견 의상도 체험할 수 있다.",064-803-0060,https://www.instagram.com/awooawoo.jeju,일부구역 동반가능,15kg 미만 까지만 가능,"자유이용,매너벨트 착용",주문 공간에서는 반려견을 안고 주문해주시길 바랍니다.,"안전문, 울타리, 반려견 전용 UV 살균기, 사진공간, 반려견 전용 실내 공간, 화산송이 운동장, 야외 오두막",12:00~19:00,매주 수요일~목요일,
3114506,다송무지개매화마을,전북특별자치도 익산시 함열읍 익산대로 1324-21,12,전북특별자치도,36.03740473615863,126.95575466456047,https://tong.visitkorea.or.kr/cms/resource/30/3563830_image2_1.jpg,"익산 다송리의 와야, 방교, 박전, 상마, 소지, 대지, 매교 7개의 마을이 모인 곳이다. 7개의 마을을 무지개에 빗대어 다송무지개매화마을이 되었다. 약 8천여 평 대지에 숙박시설과 체험시설, 카페가 조성되어 있고 특히 반려동물과 함께 즐길 수 있는 놀이터와 동반 가능한 숙박시설이 인기가 있다. 소형견과 대형견 놀이터가 구분되어 있어 안전하게 즐길 수 있다는 장점이 있으며, 단체 이용객들을 대상으로 다양한 체험 프로그램을 운영하고 있다. 체험 내용으로 지역 특산품인 고구마를 재료로 고구마빵 만들기, 반려동물 캐릭터 마스크 걸이, 반려식물 수경재배 등을 진행하고 있다. 주변 관광지로는 익산 교도소 세트장, 웅폼관광지곰개나루 등이 있다.",,,일부구역 동반가능,일부 견종 동반 가능,목줄 착용,"- 동물 인식표 착용 필수 - 13세 이상의 보호자 동반 시 반려동물 놀이터 입장 가능 - 입,퇴장 시 리드줄 필수 착용- 맹견, 발정이 심한 개, 미등록 개, 전염성 질병이 있는 개, 상해를 입힐 수 있는 개 동반 불가 - 배변봉투 지참 및 배변처리 필수",반려견 전용 놀이터 내 안전문,10:00~17:00 (휴게시간 12:00~13:00),매주 토요일~일요일,가능
3330180,행땅,경기도 고양시 덕양구 흥도로 317-122 (성사동),12,경기도,37.63374436540531,126.85163731694888,https://tong.visitkorea.or.kr/cms/resource/62/3527662_image2_1.jpg,"행땅은 서울 근교에 위치한 반려견 동반 체험농원이다. 400평 천연 잔디 운동장과 100평 체험농장, 40평 농막을 보유하고 있다. 견종 제한 없이 이용이 가능하며, 전면 울타리(1.7m) 시공으로 안전하다. 단체 및 견종 모임도 가능하다. 
이곳은 100% 예약제로 운영하고 있다. 3시간 단위로 이용이 가능하며, 모든 공간은 해당 시간을 예약한 사람만 이용할 수 있는 독립적인 공간으로 운영되고 있다. 또한, 다양한 촬영 소품이 구비되어 있어 추억을 위한 사진을 찍기에도 좋다.",,https://www.instagram.com/hang._.ddang_farm,전구역 동반가능,전 견종 동반 가능,목줄 착용,- 대관만 가능- 개별방문은 안됨,"안전문, 울타리, 샤워장",10:00~21:00 (휴게시간 13:00~14:00),연중무휴,가능
3331534,나무와열매 체험농장,제주특별자치도 서귀포시 안덕면 덕수동로25번길 42-8,12,제주특별자치도,33.25819487104735,126.30800722797906,https://tong.visitkorea.or.kr/cms/resource/76/3331576_image2_1.jpg,"제주에서 재배되는 로컬 과일을 이용한 수제청 원데이 클래스와 감귤 시즌에는 귤 따기와 한라봉 체험을 중점으로 하는 서귀포에 위치한 체험 농장이다. 깔끔한 시설에 농장 내부를 아기자기하게 꾸며 놓아 모든 곳이 포토스폿이 되어 인생샷을 남기기에 좋다. 10월부터 2월까지는 감귤 따기 체험, 2월부터 3월까지는 한라봉 따기 체험, 6월부터 9월까지는 수제 과일청 만들기 체험이 진행되어 가족단위나 친구들끼리 방문해 체험을 즐기기 좋다. 예약 없이 방문해도 자유롭게 체험이 가능하다.",,https://www.instagram.com/jeju_dsr2180/,일부구역 동반가능,,,,,11:00~17:00※ 시기 별로 상이함으로 홈페이지 참조 및 전화 문의 요망,매주 화요일~목요일※ 시기 별로 상이함으로 홈페이지 참조 및 전화 문의 요망,가능
3335782,동양염전베이커리카페,인천광역시 중구 용유서로 32 (남북동),39,인천광역시,37.44439997577268,126.40315305305776,https://tong.visitkorea.or.kr/cms/resource/74/3335774_image2_1.jpg,"동양염전베이커리카페는 인천 최대 규모의 풍부한 관광 인프라를 겸비한 카페로 250여 종의 다양한 베이커리로 가득 차 있다. 매일 신선한 재료로 정성껏 구워낸 빵과 디저트를 제공하며 넓고 아늑한 공간에서 향긋한 커피와 함께 다채로운 맛을 즐길 수 있다. 또한 파스타, 필라프 등 다양한 식사 메뉴도 준비되어 있어 더욱 풍성한 식사 경험을 제공한다.
인천 최대규모 베이커리존(285평형)과 스튜디오, 갤러리존(210평형)까지 복합문화공간카페로 워터가든, 동백나무 꽃길 등 다양한 외부 부대시설을 보유하고 있다.",,,일부구역 동반가능,베이커리존 제외갤러리&스튜디오동&야외테라스만,,,,- 평일 10:00~19:00 (마지막 주문 18:30)- 주말 10:00~21:00 (마지막 주문 20:30),연중무휴,가능
3336122,순천 오천그린광장,전라남도 순천시 오천동 702-1,12,전라남도,34.933198,127.497971,,"오천그린광장은 국내에서 처음으로 대규모 홍수를 예방하는 기능에 머물던 저류지를 정원으로 바꿔낸 곳이다. 저류지에 사계절 잔디를 깔고 어싱길과 경관조명, 바닥분수 등을 연출해 모든 시민들이 모여 만남과 소통을 이어가며 순천의 새로운 광장문화를 꽃피운 곳이다. 대규모 마로니에 숲을 비롯하여 다양한 수목들이 어싱길, 잔디밭과 어우러져 시민들이 많이 찾고 사랑하는 공간으로 자리매김하여 방문객들의 감탄이 끊이지 않는 곳이다.",061-749-5789,,전구역 동반가능,전 견종 동반 가능,목줄 착용,"- 맹견의 경우, 입마개 착용 필수- 맨발걷기길 및 반려동물 통제구간은 반려견을 안고 가거나 포장도로 이용- 물통 휴대해 반려견 소변 위치에 물 뿌리기 필수- 배변봉투 지참 및 배변처리 필수",,상시 개방 ※ 주차장 입차 제한시간 22:00~08:30,연중무휴,가능
3336134,독독,인천광역시 중구 공항서로 517 (남북동),12,인천광역시,37.45898458461,126.4015009883779,,"독독은 인천공항 T1, T2 중간에 위치한 프리미엄 애견호텔, 애견유치원, 펫 스타디움, 펫 치유센터이다. 국내 최초로 김포공항 내부에 입점하였으며, 100% 예약제로 이용 가능하다. 1,200평 공간에 넓은 놀이터 6개가 구비되어 있다. 야외 잔디 놀이터에서는 목줄 없이 자유롭게 뛰어놀 수 있으며 날씨가 안 좋을 경우, 70평이 넘는 실내 스타디움 놀이터를 이용할 수도 있다. 그 외 반려견 성향에 따른 맞춤형 케어 및 다양한 어질리티 프로그램 등이 다양하게 준비되어 있다.",010-3736-1763,https://dogdogpethotel.imweb.me/index,전구역 동반가능,12kg 이하 동반 가능,목줄 착용,- 강아지 1년 이내 기본 예방접종 필수- 사전 상담 필수,"실내/외 놀이터, 펫 스튜디오",상시 개방※ 숙박 시 이용시간은 홈페이지 참조 및 전화 문의 요망,연중무휴,가능요금 (무료)
3336140,순천 반려동물 문화센터,전라남도 순천시 역전길 50 (조곡동),12,전라남도,34.94866091803188,127.49742471112845,,"순천시 반려동물문화센터는 올바르고 성숙한 반려동물 문화 확산을 위해 설립된 부지면적 2,903㎡(878평) 4층 규모의 반려동물복합문화공간이다. 시민의 행복한 반려생활을 위한 복합문화교육 공간으로서 반려동물을 위한 실내놀이실, 애견샤워실 등을 운영 중이며, 반려인과 반려견의 풍부한 경험을 위한 오픈스튜디오와 멍냥이도서관 등을 운영 중이다.",,https://www.suncheon.go.kr/scanimal/0002/0002,전구역 동반가능,맹견 제외 전 견종 동반 가능,매너벨트 착용,"입질 있는 반려견의 경우, 입마개 착용 필수","- 1층 사무실, 주민휴게실, 애견샤워실, 멍냥이도서관, 카페 - 2층 반려유기동물 공공진료소, 대형견 놀이터 - 3층 중·소형견 놀이터, 행동풍부화실, 행동교정실 - 4층 교육실, 체험학습실, 영상교육실, 오픈스튜디오",10:00~17:00,매주 월요일 / 1월 1일 / 설·추석 연휴,가능
3350880,카페윤,부산광역시 기장군 기장읍 기장해안로 34-16 시랑리 631 카페윤,39,부산광역시,35.181992,129.211238,https://tong.visitkorea.or.kr/cms/resource/93/3350893_image2_1.jpg,"카페윤은 동부산 관광단지 입구에 위치하여 해운대와 기장이 가진 아름다운 부산 바다의 매력을 느낄 수 있는 디저트 카페이다. 코랄라니 사잇길로 내려오면 보이는 카페로 통유리로 되어 있어 창문을 통해 환상적인 오션뷰를 즐길 수 있다. 보기만 해도 힐링되는 절경 덕분에 가족이나 친구, 연인과 함께 오기에 좋은 곳이다. 메뉴는 커피, 라떼, 티, 에이드 등 다양한 종류의 음료를 맛볼 수 있다.",,,일부구역 동반가능,,,1층 야외석만 가능,,09:30~21:30 (마지막 주문 21:00),연중무휴,가능요금 (3시간 무료)
3378995,고싸움놀이테마파크,광주광역시 남구 고싸움로 2 (칠석동),12,광주광역시,35.069502754011594,126.8354833502657,https://tong.visitkorea.or.kr/cms/resource/79/3380379_image2_1.png,"아시아 문화중심도시 조성에 관한 특별법에 의하여 칠석동 일원이 아시아 전승문화권으로 지정되면서 고싸움놀이의 전승과 발전을 위해 고싸움놀이 테마파크가 조성되었다. 2010년부터 2014년까지 5년에 거쳐 고싸움놀이 전수교육관, 고싸움놀이 영상체험관, 민속놀이 체험마당, 야외공연장 등의 시설을 갖춘 테마파크가 건설되었다. 테마파크에는 체험관뿐만 아니라 부용정과 무송정이 있어 볼거리가 많다. 칠석마을 앞에는 광주광역시 기념물인 할머니 당산나무가 서 있다. 마을 사람들이 이 나무를 신령한 것으로 여기고 매년 정월 대보름에 당신제를 지낸 후 고싸움놀이를 하였다고 한다.",,https://www.namgu.gwangju.kr,전구역 동반가능,전 견종 동반 가능,목줄 착용,"- 실내는 동반불가- 맹견의 경우, 입마개 착용 필수- 배변봉투 지참 및 배변처리 필수",,[공원]상시 개방 [3D영화 상영 및 VR(가상체험관)]09:00~18:00,"[공원]연중무휴[3D영화 상영 및 VR(가상체험관)]매주 월요일 (단, 월요일이 법정공휴일이면 다음날 휴관) / 1월 1일 / 설·추석 당일",가능
129218,백제불교최초도래지,전라남도 영광군 법성면 백제문화로 203,12,전라남도,35.36199787665402,126.43030697353504,https://tong.visitkorea.or.kr/cms/resource/32/3582432_image2_1.jpg,"한반도 불교 전파는 삼국시대 고구려(소수림왕 2년 전진의 왕 부견)와 신라(눌지 마립간 때 묵호자)의 경우는 불교의 전래 경로와 초전 법륜지가 분명하나 백제불교의 전래는 전해진 경로와 최초 도래지가 불확실하였으나 인도의 명승 ‘마라난타 존자’가 영광의 법성포로 들어와 불법을 전하고 불갑사를 개창하여 백제 불교가 시작되었다고 구전되어 왔다. 1998년 영광군의 학술 고증(동국대학교)을 통하여 영광 땅이 백제불교의 최초 도래지라는 사실을 밝혀내게 되었다.
법성포 좌우두는 인도승 마라난타가 A.D 384년에 중국 동진을 거쳐 백제에 불교를 전하면서 최초로 발을 디딘 곳으로 이를 기념하기 위해 관광명소로 개발하고 있다. 법성포의 법(法)은 불교를, 성(聖)은 성인인 마라난타를 가리킨다.",,http://tour.yeonggwang.go.kr,전구역 동반가능,전 견종 동반 가능,목줄 착용,"- 맹견의 경우, 입마개 착용 필수- 배변봉투 지참 및 배변처리 필수",,엘리베이터 운영시간 09:00~17:00,연중무휴,가능
3302874,선샤인밀양테마파크,경상남도 밀양시 단장면 관광단지로 78,12,경상남도,35.50050143571084,128.83344642307802,https://tong.visitkorea.or.kr/cms/resource/00/3515000_image2_1.jpg,"선샤인밀양테마파크는 경상남도 밀양시 단장면에 위치한 복합 테마 관광단지이다. 주요 시설로는 에코리움, 요가컬처타운, 스포츠파크, 파머스마켓, 반려동물지원센터, 농촌테마공원이 있다. 에코리움은 생태관광센터, 고산습지센터, 사계절 생태체험시설 등으로 구성되어 자연생태 교육과 체험을 제공한다. 요가컬처타운은 인도 정통요가, 명상, 아유르베다 등 웰니스 프로그램을 운영한다. 스포츠파크는 야구장, 축구장, 풋살장, 트레이닝센터 등 스포츠 특화시설로 구성되어 있다. 파머스마켓은 로컬푸드 직매장과 레스토랑, 가공지원센터가 결합된 공간이다. 반려동물지원센터는 반려견 운동장, 수영장, 테마카페 등 반려동물과 함께하는 체험과 교육이 가능하다. 농촌테마공원은 농업과 문화, 음식 체험이 결합된 휴양형 테마시설이다.",,https://park.miryang.go.kr,일부구역 동반가능,맹견 제외 40cm 이하 동반 가능,자유이용,"- 맹견의 경우, 입마개 착용 필수- 배변봉투 지참 및 배변처리 필수","- 반려견 지원센터 운영 - 반려견 시설 완비(유치원, 독트레이닝, 수영장, 반려견 동반 가능 바베큐장 등)",10:00~17:30,"매주 월요일 (단, 월요일이 공휴일인 경우 정상운영 후 다음 평일 휴무) / 1월 1일 / 설·추석 당일",가능요금 (무료)
754052,석촌호수,서울특별시 송파구 잠실동,12,서울특별시,37.507916,127.098944,,"석촌호수 북쪽 잠실벌은 서호의 남쪽에 나루터가 있던 한강이었으나, 세월이 지남에 따라 토사가 쌓여 인공섬이 생기면서 광진교 밑에서부터 잠실야구장까지 지금의 석촌호수를 지나는 송파강과 신천강을 이루는 샛강이 생기게 되었다. 1969년 한강본류의 하상 정비 개발에 착수하면서 이 강을 매립하였으나 일부는 호수로 남겨놓았고, 1980년대 초 호수를 정비하여 공원화하였다. 송파나루공원은 송파대로가 개통하면서 석촌호수가 동서로 같은 모양의 동호, 서호로 나누어져 있으며, 호수와 공원으로 조성된 이상적인 형태의 공원으로 조깅 코스 및 산책로가 설치되어 있어 시민들의 휴식 공간으로 널리 이용되고 있다. 서호에는 서울놀이마당 및 롯데월드의 매직아일랜드가 설치되어 있다. 봄에 벚꽃이 만개하면 주야간으로 벚꽃을 즐기는 사람들로 가득하며 주변에는 롯데월드, 롯데타워, 한강공원이 있다. 수도권 지하철 9호선 석촌고분역 2번 출구에서 560m에 있다.  

◎ 한류의 매력을 만나는 여행 정보
BTS 공식 트위터에 RM의 사진 한 장이 올라왔는데 햇살을 맞으며 웃고 있는 RM의 뒤로 보이는 장소가 팬들의 궁금증을 일으켰다. 그 장소는 바로 서울특별시 송파구 잠실동에 위치한 ‘석촌호수’이다. ‘석촌호수’는 송파 대로를 기준으로 서호와 동호로 나뉘어 있는데 RM이 사진을 찍은 곳은 동호 호수이다. 근처에는 유명 테마파크 롯데월드부터 분위기 있는 카페와 맛 집들이 즐비해 있고, 매년 봄에는 벚꽃축제가 열리기도 해 많은 시민이 방문하는 명소이기도 하다.",,https://www.songpa.go.kr/culture,전구역 동반가능,전 견종 동반 가능,"목줄 착용,반려동물 유모차 탑승,이동장(켄넬)사용","- 맹견의 경우, 입마개 착용 필수 - 배변봉투 지참 및 배변처리 필수",,상시 개방,연중무휴,가능
3371784,하림펫푸드 해피댄스스튜디오,충청남도 공주시 정안면 정안농공단지길 32-111,12,충청남도,36.62151562765988,127.12998602881542,,"하림펫푸드 해피댄스 스튜디오는 국내 유일의 휴먼그레이드 펫푸드 전용 공장으로 생산시설은 물론 펫 문화를 공유할 수 있는 다양한 부대시설을 갖추고 있다. 갓 만든 사료를 바로 체험할 수 있는 HOT & NOW 존과 육분이 아닌 생고기가 투입되는 과정을 실시간 영상으로 볼 수 있는 생고기존 등 반려동물과 함께 하림펫푸드의 사료가 제조되는 현장을 직접 보고 만질 수 있는 프로그램을 체험할 수 있다. 모든 투어 참여자와 반려동물들은 더리얼 개슐랭 식당에서 반려동물 위한 4가지 특별 코스 요리를 즐길 수 있다. 해피댄스 스튜디오 투어 프로그램은 매주 목요일과 월 1회 토요일 총 5회 운영되며 하림펫푸드 공식 홈페이지의 투어 예약 페이지, 네이버 지도에서 하림더리얼을 검색한 후 예약할 수 있다.",010-2262-4718,https://www.harimpetfood.com/studio/index.html,전구역 동반가능,전 견종 동반 가능,"반려동물 유모차 탑승,매너벨트 착용",- 대형견의 경우 문의요망(리트리버는 가능)- 1인 1견 동반 필수,,10:00~13:00,매주 화요일~수요일·일요일 / 법정공휴일,가능
2616164,지리산치즈랜드,전라남도 구례군 산동면 산업로 1590-62,12,전라남도,35.2778801351784,127.421746801329,https://tong.visitkorea.or.kr/cms/resource/21/3583221_image2_1.jpg,"1979년 젖소 두 마리로 착유를 시작했던 초원목장은 30여 년간의 경험을 바탕 삼아 더 많은 사람에게 낙농산업과 우유를 알리기 위해 2012년 체험 목장 지리산치즈랜드를 건립하였다. 지리산치즈랜드에서는 수제 치즈와 요구르트를 유통하고 있으며, 체험장에서는 모차렐라 치즈 만들기, 송아지 우유 먹이기, 풀 썰매 타기 등의 체험을 할 수 있다. 푸른 초원목장에 130 여두의 젖소를 방목하고 있고, 호수가 인접해 있어 아름다운 풍경을 자아낸다. 지리산치즈랜드의 특별함은 자연이라고 할 수 있다. 풍경, 꽃 그리고 초지가 어우러진 눈부신 푸르름과 향기가 그 특별함이다.",,공식 인스타그램 https://www.instagram.com/jcheeseland,전구역 동반가능,전 견종 동반 가능,목줄 착용,"- 맹견의 경우, 입마개 착용 필수- 배변봉투 지참 및 배변처리 필수",,09:00~18:00,연중무휴,가능
317559,사성암(구례),전라남도 구례군 문척면 사성암길 303,12,전라남도,35.1801260865484,127.480604895138,https://tong.visitkorea.or.kr/cms/resource/54/4054454_image2_1.jpg,"사성암은 구례읍에서 약 2㎞ 남쪽인 죽마리 오산 꼭대기에 위치해 있다. 이곳은 원래 오산암이라 불렀는데, 성왕 22년 (544) 연기조사가 처음 건립하였다고 전해지고 있다. 원효대사, 도선국사, 진각국사, 의상대사 4명의 고승이 수도하였다고 하여 사성암이라 부르고 있다. 사성암은 높이 20m의 바위 사이에 박혀 있는 듯한 약사전과 바위와 계단으로 이어지는 건물들이 산과 하나 되어 독특한 풍경을 만들어 내고 있다. 약사전 아래로 보이는 섬진강과 구례읍, 지리산 능선들이 한눈에 들어온다. 마애여래입상이 약사전(유리광전) 건물 내 암벽에 새겨져 있으며 원효 대사가 손톱으로 새겼다는 전설이 전해지고 있다. 사성암까지 차로 이동이 가능하지만 주차장이 협소하여 주차가 제한적이다. 사성암을 가는 방법은 걸어 올라가는 것과 마을버스를 타고 올라가는 것이다. 마을버스 가격은 왕복 기준 3,400원 (13세 이하 2,800원)이다. 사성암 주차장 마을버스 매표소나 안전 운수사를 검색하여 찾아가면 된다.",,https://www.gurye.go.kr/tour,일부구역 동반가능,전 견종 동반 가능,목줄 착용,"- 목줄 착용후 안고 다녀야함(계단이 많아 이동장은 어려울것)- 법당 동반 불가- 맹견의 경우, 입마개 착용 필수 - 배변봉투 지참 및 배변처리 필수",,09:00~18:00,연중무휴,가능
2613658,방화수류정(동북각루),경기도 수원시 팔달구 수원천로392번길 44-6 (매향동),12,경기도,37.287537337631925,127.01809988873131,https://tong.visitkorea.or.kr/cms/resource/91/3350291_image2_1.jpg,"수원성 화홍문의 동쪽에 인접한 높은 벼랑 위에 있는 방화수류정(訪花隨柳亭)은 1794년(정조 18) 수원성곽을 축조할 때 세운 누각 중 하나이다. 동북각루가 공식 명칭이지만 “꽃을 찾고 버들을 따라 노닌다”라는 뜻에 걸맞게 경관이 뛰어나 방화수류정이라는 당호가 붙여졌다. 한 때 홍수로 인해 퇴락한 것을 1848년에 재건축했으며 이후 수원성복원사업의 일환으로 대대적으로 수리했다.2011년 보물로 지정된 방화수류정은 독특한 평면과 지붕형태 때문에 바라보는 위치에 따라 다른 모습을 보여준다. 이 때문에 화성에서 가장 독창적인 건축물로 평가되고 있다. 정조가 화성행차 시에 휴식을 취했다는 정자에서는 동으로는 연무대와 동북공심돈, 서로는 장안문과 팔달산이 한눈에 조망된다.",,수원관광 https://www.suwon.go.kr/web/visitsuwon/index.do,일부구역 동반가능,전 견종 동반 가능,목줄 착용,"- 궁궐내 동반입장 불가- 맹견의 경우, 입마개 착용 필수- 배변봉투 지참 및 배변처리 필수",,상시 개방,연중무휴,가능
126257,유달산,전라남도 목포시 죽교동 산27-3,12,전라남도,34.790336,126.372467,https://tong.visitkorea.or.kr/cms/resource/00/4054800_image2_1.jpg,"목포의 유달산은 그리 높지는 않지만 노령산맥의 맨 마지막 봉우리이자 다도해로 이어지는 서남단의 땅끝인 산이다. 유달산은 예부터 영혼이 거쳐가는 곳이라 하여 영달산이라 불렸으며 도심 속에 우뚝 솟아 목포시와 다도해를 한눈에 굽어보며 이곳 사람들에게 끊임없이 예혼을 일깨우고 있다. 호남의 개골이라고도 하는 유달산에는 대학루, 달성각, 유선각 등의 5개의 정자가 자리하고 있으며, 산 아래에는 가수 이난영이 부른 목포의 눈물 기념비가 있다. 정상에 올라서면 다도해의 경관이 시원스레 펼쳐져 있고 그 사이를 오가는 크고 작은 선박들의 모습을 볼 수 있다.",,https://www.mokpo.go.kr/tour,전구역 동반가능,전 견종 동반 가능,목줄 착용,"- 맹견의 경우, 입마개 착용 필수- 배변봉투 지참 및 배변처리 필수",,상시 개방,연중무휴,가능
2792772,밀양 만어산 암괴류,경상남도 밀양시 삼랑진읍 만어로 776,12,경상남도,35.4541,128.8466,https://tong.visitkorea.or.kr/cms/resource/85/4054685_image2_1.jpg,"만어사 앞 너덜겅에 지천으로 깔려있는 물고기 형상의 돌들이 널려 있어 장관을 이루고 있는데, 이것이 밀양 신비로 분류된 경석이다. 크고 작은 반석들은 모두 경쇠소리가 나며, 이는 동해의 물고기와 용이 돌로 변한 것이라 전하고 있다. 한반도 빙하기가 끝난 후 많은 비가 내려 이곳의 암석들이 양파가 벗겨지듯 침식·풍화되며 생성된 암괴류로, 700m 이상 길게 펼쳐지며 독특하고 아름다운 모습을 보이는 등 학술적, 경관적 가치가 크다. 견고한 요새처럼 만어사 일대를 둘러싸고 있다. 바위의 크기는 각각 다르지만, 색깔은 검거나 회색 등으로 동일하고, 손에 쥘 수 있는 돌멩이로 두드린 자국을  때리면 마치 길고 긴 여운을 남기는 듯한 맑은 종소리를 들을 수 있다.",,https://www.miryang.go.kr,전구역 동반가능,전 견종 동반 가능,목줄 착용,"- 여행지 전체가 반석으로 이뤄져 있어 이동 시 보호자 주의 필요- 맹견의 경우, 입마개 착용 필수- 배변봉투 지참 및 배변처리 필수",,08:00~18:00※ 자세한 사항은 전화문의 요망,연중무휴,가능
3056221,중앙체육공원,전북특별자치도 익산시 하나로 322 (어양동),12,전북특별자치도,35.94922059720728,126.9844539026537,https://tong.visitkorea.or.kr/cms/resource/78/3056178_image2_1.JPG,"익산시 중앙체육공원은 지역사회의 생활체육 활성화 및 지역주민의 체력 증진 향상을 위하여 2002년 4월 21일에 개장하였다. 주요시설로는 축구장, 풋살장, 농구장, 테니스장 등의 체육시설과 분수대, 인공폭포, 체력단련기구, 산책로 등의 휴식 공간이 마련되어 있다. 특히 공원의 명물 음악분수가 공원과 아름답게 조화를 이룬다. 다양한 빛깔의 물줄기를 직선과 곡선 등 여러 각도로 뿜어내기 때문에 마치 오케스트라와 협연을 하는 것 같다. 체육시설은 익산시 통합예약시스템 홈페이지를 통해 예약이 가능하며 사계절 언제 방문해도 즐길 거리가 많다.",,https://www.iksan.go.kr/reserve/,전구역 동반가능,전 견종 동반 가능,목줄 착용,"- 맹견의 경우, 입마개 착용 필수- 배변봉투 지참 및 배변처리 필수",,- 하절기 06:00~22:00- 동절기 06:00~21:00,연중무휴,가능
3401751,카페에벤에셀,제주특별자치도 제주시 1100로 3198-20 (노형동),39,제주특별자치도,33.47294795011673,126.48581224833325,,"카페 에벤에셀은 제주 시내 위치한 도심 속의 숲, 견주들과 강아지들의 힐링 공간이라는 주제를 가지고 있는 카페이다. 규제 샌드박스를 통해 애견 동반 허가를 받아 함께 동반 식사가 가능하며, 바깥으로는 펜스가 쳐져있어 숲 속 공간을 그대로 느낄 수 있다. 숲 속 운동장에서 강아지와 함께 힐링할 수 있는 카페이다. 봄, 여름에는 숲 속 그늘에서 시원한 바람을 즐길 수 있고, 가을은 높은 하늘과 어우러진 소나무를 바라보며 제주의 가을을 만끽할 수 있으며, 겨울에는 눈 내리는 제주의 멋진 겨울을 느낄 수 있다. 카페 에벤에셀은 케어 키즈존으로 14세 미만은 부모님과 함께 이용할 수 있으니 참고 바란다.",,,전구역 동반가능,12kg 이하 동반 가능,매너벨트 착용,3마리까지 가능,"안전문, 울타리",10:00~18:00 (마지막 주문 17:30),매주 일요일,가능
128792,여좌천(여좌천로망스다리),경남 창원시 진해구 여좌동 217,12,경남,35.1650601271913,128.659650126069,,"진해의 대표적인 벚꽃명소로 잘 알려진 여좌천은 진해역부터 평지교까지 약 1.5㎞에 걸쳐 하천 일대에 눈부신 벚꽃터널이 형성되는 곳이다. MBC드라마 ‘로망스’의 배경이 된 여좌천로망스다리는 진해를 찾는 관광객들의 벚꽃 나들이 코스로 유명하며, 경관조명 시설이 갖추어져 있어 늦은 밤에도 아름답고 탐스러운 벚꽃 세상을 누구나 자유롭게 만끽할 수 있다. 로망스 다리에서 사랑을 고백하면 사랑이 이루어진다는 이야기도 전해지고 있다.",,창원관광 https://www.changwon.go.kr/tour,전구역 동반가능,전 견종 동반 가능,목줄 착용,"- 맹견의 경우, 입마개 착용 필수- 배변봉투 지참 및 배변처리 필수",,상시 개방,연중무휴,가능
3072035,성필립보생태마을,강원특별자치도 평창군 평창읍 평창강로 896-21,12,강원특별자치도,37.32880694537701,128.37363762193797,https://tong.visitkorea.or.kr/cms/resource/26/3055026_image2_1.jpg,"성필립보생태마을은 강원도 평창 해발 700m 고지에 위치한 천주교 수원교구 피정 시설이자 환경생태농원이다. 생태농원을 운영하는 황창연 신부는 2000년 이곳에 생태 마을을 설립하였으며 공사 기금을 쾌척한 고 김창린 신부의 세례명을 따 이곳의 이름을 성필립보생태마을이라 하였다. 코로나 이후 건강한 먹거리에 대한 관심이 커지며 인공적이지 않은 자연에서 얻은 재료로 정직하게 만든 음식이 정신적·육체적 치유를 가져다준다는 신념으로 다양한 먹거리를 직접 가공·판매하고 있다. 대표적인 먹거리로는 강원도 평창에서 생산되는 콩으로 직접 만든 청국장 가루가 유명하다. 300여 개의 숨 쉬는 항아리에 된장, 고추장이 익어가고 5천 평 규모의 텃밭에서는 상추와 배추 등 유기농 작물을 재배하며 그곳에서 수확한 배추로 직접 김치를 담가 판매도 한다. 수익금은 아프리카에 학교와 병원을 세우는 일에 쓰이며 국내 자금이 어려운 성당을 지원하는 일에도 쓰인다. 지역 청년층에게 일자리 제공의 기회가 되기도 하는 등 선한 영향력의 행보가 계속되고 있다.",,https://www.ecocatholic.co.kr,전구역 동반가능,전 견종 동반 가능,"목줄 착용,이동장(켄넬)사용","- 실외는 목줄 착용 후, 자유롭게 이동 가능- 실내는 안거나 이동장(켄넬) 사용해 동반 가능- 맹견의 경우, 입마개 착용 필수- 배변봉투 지참 및 배변처리 필수",,10:00~18:00 (휴게시간 12:00~12:40),연중무휴,가능
128803,속초등대전망대,강원특별자치도 속초시 영금정로5길 8-28,12,강원특별자치도,38.2136624683423,128.600066194622,https://tong.visitkorea.or.kr/cms/resource/30/3351230_image2_1.JPG,"속초 8경 중 제1경에 손꼽히는 명소다. 새하얀 등대 외관과 주변을 둘러싼 푸른빛 바다가 한 폭 그림처럼 어울린다. 속초등대전망대는 원래 등대로만 기능했으나 지금은 일반에 개방되어 전망대 역할까지 담당하고 있다. 대나무숲 사이로 난 나무 데크 탐방로를 오르면 전망대에 닿는다. 전망대에 서면 짙은 쪽빛을 머금은 동해바다와 철새들이 날아드는 청초호, 병풍처럼 둘러쳐진 설악산의 수려한 풍경까지 모두 담을 수 있다. 높은 곳에서 내려다보는 동해 바다는 망망대해처럼 너른 품을 펼쳐낸다. 바다는 호수처럼 잔잔하다가도 파도가 춤을 추듯 넘실거리며 생명력 넘치는 모습을 보인다. 1957년 처음 불을 밝힌 속초 등대는 지금도 여전히 밤바다를 지키는 생명불을 자임한다. 건립 초기부터 현재까지 사용되고 있는 등명기의 밝은 빛과 소리는 약 35㎞ 떨어진 바다까지 안전하게 뱃길을 안내해 준다. 속초등대전망대 바로 옆에 영금정이 자리해 함께 둘러보기 좋다.",,www.sokcho.go.kr/ct/tour,일부구역 동반가능,전 견종 동반 가능,목줄 착용,"- 야외 산책 데크는 동반 가능하지만, 전망대는 동반 불가- 맹견의 경우, 입마개 착용 필수- 배변봉투 지참 및 배변처리 필수",,- 전망대 09:00~17:00- 야외공간 09:00~18:00,연중무휴,가능
2710897,쌍천길,강원특별자치도 속초시 대포동 881-2,12,강원특별자치도,38.1612495,128.6074629,https://tong.visitkorea.or.kr/cms/resource/71/3573671_image2_1.jpg,,033-670-2398,,,,,,,,,
125817,계룡산국립공원,충청남도 공주시 반포면 동학사1로 327-6,12,충청남도,36.3568257226531,127.232444467616,https://tong.visitkorea.or.kr/cms/resource/73/3509273_image2_1.jpg,,,,,,,,,,,
630806,팜카밀레,충청남도 태안군 남면 우운길 56-19,12,충청남도,36.6907243667828,126.280380049521,,"팜 카밀레란 농원(Farm)이라는 영문의 이름과 허브를 대표하는 카밀레(Kamille)와의 합성어로서 말 그대로 허브를 가꾸고 향기를 전달하는 농원이라는 뜻이다. 팜카밀레에는 어린 왕자 정원, 케이크 가든, 라벤더 가든, 키친 가든, 캐머마일&세이지 가든, 이벤트 가든, 로맨틱 가든, 워터 가든, 애니멀 가든 등 다양한 테마의 허브 정원과 정원이 조성되어 있다. 또한 힐링카페 플로링에서는 원예 체험, 허브차 만들기 등 다양한 체험 프로그램도 운영하고 있다.",,http://kamille.co.kr/,일부구역 동반가능,전 견종 동반 가능,목줄 착용,"- 맹견의 경우, 입마개 착용 필수- 배변봉투 지참 및 배변처리 필수","운동장, 산책로, 놀이기구",[3월~5월 / 8월~10월]- 허브농원 09:00~18:00 (매표 마감 17:30)- 카페·족욕샵·허브샵 09:00~18:00[6월~7월]- 허브농원 08:30~19:00 (매표 마감 18:00)- 카페·족욕샵·허브샵 08:30~18:00[11월~2월]- 허브농원 09:00~17:30 (매표 마감 17:00)- 카페·족욕샵·허브샵 09:00~17:30※ 계절별 이용시간 상이하므로 홈페이지 참조,- 4월~10월 연중무휴- 11월~3월 매주 화요일,가능
3112049,반려마루,경기도 여주시 명품1로 1-2 (상거동),12,경기도,37.23788234270528,127.61230031056712,https://tong.visitkorea.or.kr/cms/resource/92/4039792_image2_1.jpg,"경기도가 운영하는 국내 최대 규모의 반려동물 복합문화공간이다. 총 165,200평방미터 부지에 케어파크, 에듀파크, 힐링파크, 페스티벌파크 등 5개 건물로 이루어져 있으며, 반려동물과 사람이 함께 행복한 문화를 만들어가는 공간으로 자리 잡고 있다. 시설 내에서는 유기동물 입양 및 보호 상담, 반려동물 진료병원 운영, 반려동물 관련 전문 교육 프로그램 등 다양한 활동을 체험할 수 있다. 보호동물 입양 활성화를 위한 무료 분양 프로그램과 동물 생명 존중 교육도 상시 운영되어 반려인은 물론 비반려인도 올바른 반려동물 문화를 경험하고 배울 수 있다. 또한 미용실, 목욕실, 놀이터, 상담실, 문화센터 등 반려동물을 위한 편의시설이 두루 갖춰져 있어 하루 종일 알차게 둘러볼 수 있다. 반려동물 문화행사도 정기적으로 개최되어 반려동물과의 동반 여행지로 손꼽힌다.",031-881-1800,공식 홈페이지 https://banryeomaru.kr공식 인스타그램 https://www.instagram.com/banryeomaru_official,일부구역 동반가능,맹견 및 가축 전염병에 걸렸거나 질병이 의심되는 반려동물 제외 전 견종 동반 가능,목줄 착용,동물의 안전을 위협하는 행위 또는 반려마루 이용 질서 및 안전을 위협하는 경우 동반 불가,"- 개인 또는 자원봉사자 이용 시설 : 산책로, 무료 셀프 카페, 음수대, 홍보전시관 - 단체 이용 시설 : 운동장, 회의실, 대강당(사전협의 후 이용 가능)",09:00~18:00 (휴게시간 12:00~13:00),매주 월요일,가능
2781318,문래창작촌,서울특별시 영등포구 도림로128가길 13-8 (문래동3가),12,서울특별시,37.51429285366805,126.89767457734982,https://tong.visitkorea.or.kr/cms/resource/99/3526899_image2_1.jpg,"문래동은 1930년대 방직공장이 들어서면서 마을이 형성되었고 지명은 물레에서 유래되었다는 설이 신빙성 있게 전해진다. 과거에는 철공소가 밀집한 산업 지역으로 1970년대에는 다양한 기계 부품을 생산하며 호황을 누렸다. 1990년대 말부터 중국산 부품의 유입으로 쇠퇴기를 겪었으나 2000년대 들어 예술인들이 빈 철공소를 작업 공간으로 활용하면서 다시 활력을 얻기 시작하였다. 저렴한 임대료와 독특한 분위기 덕분에 철강 골목은 점차 예술공방과 카페가 공존하는 공간으로 변모하였다. 문래역 주변 골목 곳곳에는 조형물, 전시품, 개성 있는 식당과 카페가 들어서며 과거 산업지의 면모와 예술문화가 어우러지는 복합 공간으로 자리 잡고 있다.",,https://www.ydp.go.kr/tour,일부구역 동반가능,전 견종 동반 가능,목줄 착용,"- 매장 내 입장 가능 여부는 개별 문의 필요- 맹견의 경우, 입마개 착용 필수- 배변봉투 지참 및 배변처리 필수",,상시 개방,연중무휴,불가능
2650064,예술의 섬 장도,전라남도 여수시 웅천동,12,전라남도,34.742942048331,127.664346107848,https://tong.visitkorea.or.kr/cms/resource/69/3521469_image2_1.jpg,"해식애와 파식애 등의 해안경관이 뛰어난 예술의 섬 장도는 GS칼텍스재단의 지역사회 공헌 사업으로 조성된 복합문화예술 공원이다. 물때에 따라 잠기지 않을 때만 지나갈 수 있는 335m의 보행교량 진섬다리를 통해 입도할 수 있다. 장도의 예울마루는 창작스튜디오 4개 동, 다목적 전시관, 다도해정원, 전망대, 야외 공연장과 잔디광장으로 구성되어 있으며, 창작스튜디오는 조각동, 회화동, 문예동 등 총 4개 건물로 이루어져 있고 작업실과 다목적실, 외부작업장 등을 갖추고 있다. 또한, 교육, 전시, 체험등 다양한 행사가 진행되는 전시관과 외부의 야외 공연장, 잔디 광장이 있다. 섬을 한 바퀴 둘러보며 남해 자생 나무 및 야생 화초 등이 심어져 있는 다도해정원, 남해안 수평선을 볼 수 있는 전망대를 마주할 수 있다. 장도는 예술가와 시민, 그리고 지방자치단체가 함께 자유롭게 채워 가는 예술의 섬으로 섬이 길게 놓여 있다 하여 진섬이라고도 부른다. 차량 이용 시 차량 진입이 불가능한 섬으로 인근의 웅천친수공원 주변 주차장에 주차하고 방문해야 한다.",,https://www.yeosu.go.kr/tour/travel//,일부구역 동반가능,전 견종 동반 가능,목줄 착용,"- 맹견의 경우, 입마개 착용 필수- 배변봉투 지참 및 배변처리 필수",,- 하절기(3월~10월) 06:00~21:00 - 동절기(11월~2월) 07:00~20:00 ※ 진섬다리 이용 제한 시간 안내 홈페이지 참조,연중무휴,가능 (웅천친수공원공영 주차장)
3426656,부산북항 친수공원,부산광역시 동구 이순신대로 164 (초량동),12,부산광역시,35.114419907321064,129.04662207968232,https://tong.visitkorea.or.kr/cms/resource/25/3454125_image2_1.JPG,"부산북항 친수공원은 북항 재개발사업을 통해 조성된 친수공간으로, 부산역에 내려 공중보행교를 따라 걷다 보면 도착하는 도심 속 공원이다. 넓은 공원을 가득 채우는 형형색색의 조명과 미래적인 공원 디자인이 매력적이라 부산의 새로운 야경 명소로도 거론되고 있다. 조명 덕분에 보다 안전하게 밤 산책을 즐길 수 있는 공간이기도 하다. 공원 자체가 넓고 산책로가 깔끔하게 마련돼 있어 러닝 하기에도 제격이며, 아이들이나 반려견과 밤 나들이를 즐기기에도 좋다. 

(출처 : 부산 문화관광 홈페이지)",,https://www.bisco.or.kr/,전구역 동반가능,,,,,05:00~24:00,연중무휴,가능
3435502,펫터테인먼트,대전광역시 서구 계룡로354번길 175 (갈마동) 101호,12,대전광역시,36.345579379602135,127.3676295634512,https://tong.visitkorea.or.kr/cms/resource/67/4005867_image2_1.jpg,"펫터테인먼트는 대전광역시 유일의 반려동물 전문 공방이다. 펫자수(반려동물 입체자수), 펫 의류 및 소품, 펫아로마테라피 등 반려동물을 위한 공예를 체험해 볼 수 있다. 14년의 공예 강의 경력을 갖추고 있는 강사가 직접 운영하며, 맞춤형 예약제 수업을 통해 진행된다. 반려동물과 반려인들이 편안하고 건강한 환경을 조성하기 위해 다양한 공예를 접목하는 시도를 하고 있다.",0507-1313-0080,https://www.instagram.com/pet_tertainment,전구역 동반가능,전 견종 동반 가능,자유이용,,,- 평일 10:00~18:00- 주말 10:00~16:00※ 예약제로 운영 중이므로 방문 전 연락 요망,연중무휴,가능
3438936,빅토리아 베이커리 가든,부산광역시 서구 엄광산로 33 (서대신동3가) 빅토리아 베이커리 가든,39,부산광역시,35.12871845152394,129.0086329245068,https://tong.visitkorea.or.kr/cms/resource/54/3438854_image2_1.jpg,"블루리본 서베이 전국 2024에 선정된 베이커리 맛집이다. 당일 생산 당일 판매를 원칙으로 신선한 재료만을 선별하여 직접 반죽하여 빵을 제공한다. 유럽풍 인테리어 3층 건물로 지하에는 빵 공장, 1층은 베이커리, 2층 카페로 운영되며 3층에는 루프탑이 마련되어 있다. 공간이 넓고 쾌적하며 계절에 맞는 야외 조경이 잘 되어있어 맛있는 음료와 베이커리와 함께 분위기를 만끽할 수 있는 베이커리 카페이다.",,,전구역 동반가능,,"목줄 착용,기타","개 목줄 착용, 배설물 처리를 위한 비닐봉지 등을 구비한 이용객에 한하여 허용",,08:00~20:00,연중무휴,가능 요금 (무료)
3440184,캠프다운,경상북도 고령군 다산면 좌학길 106 2동 캠프다운,39,경상북도,35.8271252444725,128.446550603486,https://tong.visitkorea.or.kr/cms/resource/82/3440082_image2_1.jpg,캠핑 분위기 속에서 즐기는 진짜 패티로 만든 수제버거. 100% 소고기 부챗살로만 매일 직접 갈아 만든 진짜 패티와 싱싱한 채소가 어우러진 진짜 수제버거이다. 캠핑 분위기의 인테리어에서 색다른 즐거움을 느낄 수 있으며 시원한 음료들도 즐길 수 있다. 가게 주변에는 전국적으로 규모나 아름다움으로 유명한 고령 다산 은행나무숲이 있다고 한다. 자연적으로 숲이 조성된 몇 안 되는 대규모 숲이다. 최근 관광객들의 발길이 많이 늘어 더욱 좋은 행사와 시설을 준비하고 있다고 한다.,,,일부구역 동반가능,,,야외 좌석 동반 가능,,- 월요일~토요일 10:30~20:30 (마지막 주문 20:00)- 일요일 10:35~19:30 (마지막 주문 19:00),매주 월요일,가능요금 (무료)
2756689,경주 핑크뮬리(경주 핑크뮬리 군락지),경상북도 경주시 인왕동 839-1 첨성대 일원,12,경상북도,35.8355,129.2198,https://tong.visitkorea.or.kr/cms/resource/33/3519033_image2_1.jpg,경주 핑크뮬리 군락지는 첨성대 일원에서 만날 수 있다. 매년 가을이면 첨성대 꽃단지 일원이 핑크색으로 물이 든다. 경주시에서 관광콘텐츠 개발을 위해 2017년부터 핑크뮬리 군락을 조성하면서부터다. 문화유산과 핑크뮬리의 독특한 색감 덕분에 관광지 조경용으로 많은 인기를 끌고 있다. 만개한 핑크뮬리와 첨성대가 함께 나오는 멋진 풍경 사진을 남길 수 있다.,,,전구역 동반가능,전 견종 동반 가능,목줄 착용,"- 맹견의 경우, 입마개 착용 필수- 배변봉투 지참 및 배변처리 필수",,상시 개방,연중무휴,가능
129610,강화 연미정,인천광역시 강화군 강화읍 월곳리 242,12,인천광역시,37.7708274897435,126.511836312071,https://tong.visitkorea.or.kr/cms/resource/97/4041297_image2_1.jpg,"강화군 강화읍 월곶리에 위치한 연미정은 자연경관을 보며 풍류를 즐기거나 학문을 공부하던 정자로, 최초 건립연대는 정확히 알지 못하나 임진왜란, 병자호란, 6.25 전쟁을 거치며 여러 차례 시련을 겪고 파손된 것을 현재와 같이 복원하였다. 정자는 지붕 옆면이 여덟 팔(八) 자 모양인 팔작지붕집의 겹처마로 돌기둥 위에 10개의 기둥을 얹어 건축한 민도리집이다. 한강과 임진강의 합해진 물줄기가 강화도 동북단에 이르러 서쪽과 남쪽으로 나뉘어 흐르는데, 이 모양이 마치 제비꼬리 같다고 하여 연미정이라 이름이 붙여졌다.",,http://www.ganghwa.go.kr,전구역 동반가능,전 견종 동반 가능,목줄 착용,"- 맹견의 경우, 입마개 착용 필수- 배변봉투 지참 및 배변처리 필수",,상시 개방,연중무휴,가능
2705361,의성 펫월드,경상북도 의성군 단북면 안계길 255-13,12,경상북도,36.3921822012909,128.427287711011,https://tong.visitkorea.or.kr/cms/resource/40/4039840_image2_1.jpg,"의성펫월드는 경북 의성군 단북면에 위치한 전국 최대 규모의 반려동물 테마파크이다. 2020년에 개장한 이곳은 약 4만 평 부지에 조성되어 있다. 주요 시설로는 실내외 독런장, 도그풀장, 펫카페, 방문자센터, 산책로, 쉼터, 오토캠핑장, 목욕실 등이 있다. 반려견과 함께 즐길 수 있는 다양한 프로그램을 운영하고 있다. 주말에는 어질리티, 프리스비 체험, 반려동물 OX 퀴즈 등의 특별 프로그램이 진행된다. 여름철에는 도그풀장을 운영하며 수영 교실과 수영대회도 개최한다. 오토캠핑장은 16개 사이트가 있으며 쉼터 9개도 갖추고 있어 반려견과 함께 숙박이 가능하다. 이용을 위해서는 사전 예약이 필요하다. 반려견과 반려인이 함께 즐길 수 있는 복합문화공간으로 지역 관광 활성화에도 기여하고 있다.",,https://www.usc.go.kr/petworld/main.tc,전구역 동반가능,필수 예방접종 및 동물등록 완료한 전 견종 동반 가능,"입마개 착용,목줄 착용","- 입장시 테스트 진행해 입마개 필요한 경우 착용 필수- 대형견은 펜스가 없는 공간에서 반드시 목줄 착용- 수영장, 실내외독런장, 오토캠핑장 싸이트내, 쉼터 싸이트내에선 목줄 없이 자유 이용 가능","펫카페, 실내독런장, 실외독런장, 도그풀, 쉼터, 오토캠핑장",10:00~18:00,매주 월요일,가능
3042765,AB요트,"경기도 화성시 서신면 해안길 477 제부마리나 D3, D5, D7, D9 선석",28,경기도,37.17527301675771,126.62817055216158,https://tong.visitkorea.or.kr/cms/resource/93/3510093_image2_1.JPG,"제부도에 위치한 AB요트는 시원한 바닷바람을 맞으면서 바다 자연을 체험하는 액티비티 서비스를 제공한다. 국내 유일 최고급 프랑스 세일링요트 카타마란 Lagoon47(30인승) 명품요트를 타고 서해바다 여행을 즐길 수 있다. 소규모 인원과 함께 출발하는 퍼블릭 투어부터, 여행자 일행이 단독으로 이용할 수 있는 프라이빗 투어, 시간대별로 운영되는 선셋투어와 야간투어가 있어 여행자 기호와 상황에 맞게 예약할 수 있다. 배는 항해사, 요트 조종 면허, 인명구조요원 자격증을 다수 보유하고 해외에서 항해 경험 많은 선장님이 직접 운전해 더욱 안전하게 액티비티를 즐길 수 있다.",,인스타그램 https://www.instagram.com/abyacht 네이버 블로그 https://blog.naver.com/abyachts,일부구역 동반가능,중소형견 동반 가능,목줄 착용,요트 투어 단독 이용 시 동반 탑승 가능,,09:00~21:00,연중무휴,
3454400,양양새활용센터,강원특별자치도 양양군 현남면 인구항길 5-12 양양새활용센터,12,강원특별자치도,37.97054354168207,128.76162097726538,https://tong.visitkorea.or.kr/cms/resource/70/3454470_image2_1.jpg,"양양군에 위치한 새활용센터는 버려진 병의 쓸모를 고민해 체험 프로그램과 제품 기획·판매로 재탄생시켜 이목을 끌고 있다. 우리나라에 EPR 제도에서 제외되는 수입 주류, 포도주, 양주병 등을 수거해 제품을 만들어 판매하며 환경적으로 선순환 구조를 만들고 있다. 또 병을 씻거나 체험에 필요한 작업들을 자활센터와 연계해 일자리를 창출하는 등 지역 주민들의 참여를 끌어내고 있다.또한 양양새활용센터는 유리에 특화된 체험 프로그램을 운영한다. 버려지는 포도주 병을 활용한 허브 보틀 만들기 체험과 깨진 유리 조각을 가마에 1000도로 구워 풍경을 만드는 체험이 있다.",033-673-3321,https://www.instagram.com/dash_yangyang,전구역 동반가능,,,,,- 10:00~17:00- 준비시간 13:00~14:00,토요일 / 일요일,가능
2913299,세레니타,강원특별자치도 강릉시 율곡로 3034,39,강원특별자치도,37.7729496191381,128.889901976043,https://tong.visitkorea.or.kr/cms/resource/96/2919596_image2_1.jpg,"깔끔하고 보기 좋은 파스타와 돈마호크 돈까스, 크랩 햄버거 등 퓨전양식 요리는 사진을 찍을 수밖에 없는 비주얼을 선보인다. 높은 천장과 넓은 개방감을 주는 공간에 깔끔한 인테리어는 어디를 찍어도 예쁜 사진을 가져갈 수 있다.",,,일부구역 동반가능,"모든견종, 고양이",목줄 착용,"배변봉투 지참, 실내‧외 전체 동반 가능",도그훅(강아지 주차장),11:30 ~ 21:00 / 라스트오더 20:00,월요일 휴무,있음
3461512,현도예,경상북도 안동시 서경지8길 34-7 (태화동),12,경상북도,36.56163874013088,128.71543688921864,https://tong.visitkorea.or.kr/cms/resource/87/3461487_image2_1.jpg,"안동시 서경지 마을은 전문 기획자도 아닌 마을 주민들과 전업 예술가들이 만들어 가는 문화를 가진 마을이다. 서경지 길의 골목길 벽화를 감상하며 걷다 보면 다양한 도자기 모양의 도자기로 장식된 아담한 도자기 공방 현도예를 만나게 된다. 현도예는 부부 도예가가 운영하며 도자기를 시작한 지는 25년째이다. 현도예는 지역 도자기 문화 발전에 많은 기여를 하고 있으며 연간 1,000여 명 이상의 단체 및 개인 체험객들이 공방을 이용하고 있다. 흙을 직접 만지고 생활 도자기를 만들어 가지고 갈 수 있으며 도자기 체험뿐만 아니라, 도자기 주문 제작과 생활 자기 판매도 하고 있다. 관광객을 위한 1일 체험 수업도 진행하고 있다.",,https://www.instagram.com/hyeondoye,전구역 동반가능,,,,,[평일]- 10:00~17:00[토요일]- 10:00~익일 04:00,매주 일요일 / 설·추석 연휴,불가능
126141,용두연유원지,경상남도 밀양시 용평동 166-1,12,경상남도,35.4827,128.7776,https://tong.visitkorea.or.kr/cms/resource/65/3519165_image2_1.jpg,"밀양시의 대표적 누각인 영남루에서 상류로 1㎞ 지점인 밀양강변 유원지이며 용두산의 용머리 모양 절벽 부근을 중심으로 형성된 유원지이다. 이곳을 기점으로 하여 밀양강 상류는 북천수와 동천수를 따라 넓은 백사장과 조약돌밭이 이어지고 하류는 영남루에 이른다. 봄이면 용두산을 붉게 물들이는 진달래꽃이 장관을 이루며 여름에는 보트놀이와 낚시를 즐길 수 있고 가을에는 오색단풍과 함께하는 은어 낚시로 유명하다. 유원지 인근에는 수령 100년 이상 된 소나무 2,000여 그루가 군락을 이루는 삼문송림과 체육공원이 있으며 밀양강변 둔치에는 넓은 잔디광장이 조성되어 있다. 유원지 인근에 둘러볼 수 있는 관광지로는 영남루, 반계정, 기회송림, 예림서원, 밀양조각공원 등이 있다.",,,일부구역 동반가능,,,,,상시 개방,연중무휴,가능
127655,배내골,경상남도 양산시 원동면 어실로 1511,12,경상남도,35.45000527619805,128.96465666089716,https://tong.visitkorea.or.kr/cms/resource/77/3537877_image2_1.jpg,"영남알프스라고 하는 가지산 고봉들이 감싸고 있으며 산자락을 타고 흘러내리는 맑은 계곡물이 모여 한 폭의 그림을 연상하게 하는 곳이다. 맑은 계곡 옆으로 야생 배나무가 많이 자란다 하여 이천동이라는 뜻의 우리말 배내골이라고 부른다. 이곳은 아직도 태고의 비경을 그대로 간직하고 있어 봄이면 고로쇠 수액이 나는 것이 알려지면서 이 물을 먹기 위해 관광객들이 많이 찾고 있다. 통도사, 내원사, 홍룡폭포와 함께 들르기 좋은 관광코스로 주목받고 있다. 그러나 밀양댐건설로 인하여 2000년 11월 배내골 전역이 상수도보호구역으로 지정되고 아울러 2001년 3월 자연발생유원지 지정이 해제됨에 따라 물놀이, 취사행위는 일절 금지되어 있다. 그러나 자연만이 만들어낼 수 있는 비경을 감상하기에는 충분하다. 특히 청정 자연에서 자란 고로쇠와 아삭한 식감이 돋보이는 사과가 특산물로 전국적으로 사랑받고 있다.",,,전구역 동반가능,전 견종 동반 가능,목줄 착용,"- 맹견의 경우, 입마개 착용 필수- 배변봉투 지참 및 배변처리 필수",,상시 개방,연중무휴,가능요금(무료)
1909659,구룡포 일본인 가옥거리,경상북도 포항시 남구 구룡포읍 호미로 277,12,경상북도,35.9906209551004,129.56045503662116,https://tong.visitkorea.or.kr/cms/resource/92/3513792_image2_1.jpg,"구룡포 일본인 가옥거리는 1883년 조선과 일본이 체결한 조일통상장정 이후 일본인이 조선으로 와서 살았던 곳이다. 일본이 구룡포항을 만들고 동해권역을 관할하면서 많은 일본인 어부들이 이곳에 정착하여 조선인들의 어업권을 수탈한 아픈 역사의 현장이기도 하다. 현재 이 마을에는 47개의 일본식 목조 건물이 남아있어 2010년 포항시에서는 역사를 기억하는 산 교육장을 만들고자 ‘구룡포 일본인 가옥거리’를 조성하였다. 당시 요리점으로 사용되었던 후루사또야 일본가옥은 내부 형태 그대로 보존되어 현재 찻집으로 운영되고 있으며 일본의 다양한 차와 유카타 체험이 가능하다고 한다. 또한, 당시 일본인들이 공부하던 심상소학교와 1900년대 당시 형대로 제작한 모형 우체통 등이 있다. 일제강점기 구룡포로 이주해 온 하시모토 겐기치의 집을 개조하여 만든 구룡포근대박물관에서는 당시 일본식 건물과 생활상을 볼 수 있다. 일본인 가옥거리 근처에는 과메기 문화관, 구룡포 주상절리 등 다양한 명소들이 있다.

◎ 한류의 매력을 만나는 여행 정보 - 드라마 
의 작고 정이 깊은 마을 옹산의 배경이 된 거리이다. 일본식 목조 건물이 남아 있는 거리로 들어서면 시간이 100여 년 전으로 돌아가는 것 같다. 공원 계단에서 내려다보는 어촌 풍경은 대한민국 경관대상에서 최우수상을 수상한 만큼 아름다우며 구룡포근대역사관에서는 당시 일본인들의 생활상을 살펴볼 수 있다.",,포항관광 https://www.pohang.go.kr/phtour,일부구역 동반가능,전 견종 동반 가능,목줄 착용,"- 전시관 등 실내 시설은 동반 불가- 맹견의 경우, 입마개 착용 필수- 배변봉투 지참 및 배변처리 필수",,상시 개방,연중무휴,가능
1960063,칠탄서원,경상남도 밀양시 단장면 활성로 313-1,12,경상남도,35.4892774982828,128.815732124218,https://tong.visitkorea.or.kr/cms/resource/01/3522001_image2_1.jpg,단장면 미촌리에 있는 칠탄서원은 임진왜란 때 밀양 석동산에서 의병을 일으켜 충위를 덜친 선조 때 울산판관과 영천군수를 지낸 오한 손기양을 봉안하던 사당이었다. 헌종 10년(1844년) 고을 사림들의 주장으로 오한이 만년을 보내던 별업 경내에다 청절사를 세웠다가 그 후 칠탄서원으로 편액 하였는데 이때 봉안문과 상향축문은 정재 유치명이 지었다. 고종 5년(1868년) 서원철폐령에 따라 훼철되고 후손들에 의하여 서원을 정으로 편액 하였으며 1914년에 청절사가 있던 자리에 칠탄서원유허비를 세워 기념하고 있다.,,밀양시 문화관광 https://www.miryang.go.kr,일부구역 동반가능,,,,,상시 개방,연중무휴,가능
2660802,오설록 티뮤지엄,제주특별자치도 서귀포시 안덕면 신화역사로 15,14,제주특별자치도,33.3060818422347,126.289392182586,https://tong.visitkorea.or.kr/cms/resource/57/3497257_image2_1.jpg,"오설록 티뮤지엄은 아모레퍼시픽이 차문화를 소개하고, 널리 보급하고자 2001년 9월에 개관한 국내 최초의 차 박물관이다. 세계적인 디자인 건축 전문사이트인 디자인붐이 선정한 세계 10대 미술관에 오를 만큼 아름다운 경관을 선보이는 티뮤지엄은 연간 180만 명의 관람객이 방문하는 제주 최고 명소이자 문화 공간이다. 오설록 티뮤지엄은 ‘Tea Culture Creator’로서 한국뿐 아니라 동서양의 차문화와 역사를 대중들에게 선보이고자 노력하고 있다. 오설록 티뮤지엄에서 일상의 휴식이 되는 찻자리부터 차의 의미를 되새기는 티클래스까지 다채로운 순간들을 경험할 수 있다.",,공식 홈페이지 https://www.osulloc.com/,일부구역 동반가능,전 견종 동반 가능,"입마개 착용,목줄 착용","- 카페 외부좌석 이용가능- 실내 전시관은 동반 불가 - 맹견 및 대형견의 경우, 입마개 착용 필수",,- 하절기 09:00~19:00- 동절기 09:00~18:00※ 기상악화 시 운영시간 변경될 수 있음,연중무휴,
3464003,순천자연휴양림,전라남도 순천시 서면 청소년수련원길 170,12,전라남도,35.043882487899765,127.47449529913855,https://tong.visitkorea.or.kr/cms/resource/96/3463996_image2_1.JPG,순천자연휴양림은 총면적이 90만㎡(90ha)에 피톤치드가 풍부한 침엽수림으로 자연을 최대한 보전하여 조성하였으며 휴양림내 숙소는 내부를 낙엽송으로 만들어 쾌적한 환경과 휴식을 제공하고 있어 머무르는 동안 생태숲 속에서 편안하게 쉬어갈수 있는 휴양지이다.,,https://www.foresttrip.go.kr,전구역 동반가능,전 견종 동반가능,목줄 착용,- 동물등록증 및 광견병 예방접종 확인서 필요- 숙박시 2마리까지 동반 가능,,입실 14:00~21:00퇴실 11:00,"매월 첫째주, 셋째주 화요일※성수기 (7~8월)에는 정기휴관일을 시행하지 않음",가능
3464160,대운선박,충청북도 괴산군 칠성면 산막이옛길 80-4,12,충청북도,36.761071455044416,127.83935694392557,https://tong.visitkorea.or.kr/cms/resource/26/3464126_image2_1.jpg,"괴산호 12km를 왕복 1시간 코스로 일주하는 유일한 여객선인 대운선박의 46인승 대운 2호는 겨울철 결빙기와 기상특보 수위 저하 등을 제외하고 연중무휴로 운항하고 있다. 괴산호 최고의 절경 선유대의 각시바위와 신랑바위 관람과 함께 괴산호 주변의 역사와 문화, 자연경관과 어우러지는 시편을 소개하는 선장의 안내 방송이 인기를 끌고 있으며 예약금 없이 전화 예약이 가능한 유람선이다.",,https://blog.naver.com/gulbw,전구역 동반가능,,,타인에게 불편을 주지 않도록 잘 관리하여야 함,,09:00~17:30 ※ 방문 전 전화 필수,※ 방문 전 전화 필수,가능
129458,홍원항,충청남도 서천군 서면 도둔리,12,충청남도,36.1564,126.5017,https://tong.visitkorea.or.kr/cms/resource/35/3513935_image2_1.jpg,"홍원항은 춘장대해수욕장으로 가는 길목에 있으며, 바다낚시와 자연산 회를 즐길 수 있는 곳으로 바다로 뻗은 방파제와 희고 빨간 등대가 있어 아름다운 곳이다. 이름난 항구들에 비해 규모는 작지만 서해안 항구 가운데 유독 조수간만의 차이가 적어 어선들이 많이 출입하는 곳이다. 홍원항을 가장 유명케 하는 것은 아무래도 가을에 나는 전어다. 돈 먹는 생선이라 해서 전어라 불리는 이 생선은 예부터 ‘가을전어 대가리엔 참깨가 서말’이라는 말이 문헌에 나오고 ‘집 나간 며느리도 전어 굽는 냄새를 맡으면 집에 돌아온다’라는 말이 있을 정도로 서해안에서 나는 생선 중 최고로 꼽힌다. 전어는 사철 나지만 9월 말부터 11월 초 사이에 맛이 가장 좋기로 소문나 있으며 홍원항은 전남 광양항과 함께 전어가 가장 많이 잡히는 곳이다. 홍원항에서는 해마다 9월 말부터 2주일에 걸쳐 전어축제를 연다.",,,전구역 동반가능,전 견종 동반 가능,목줄 착용,"- 맹견의 경우, 입마개 착용 필수- 배변봉투 지참 및 배변처리 필수",,상시 개방,연중무휴,가능
126324,중외공원,광주광역시 북구 하서로 50 (운암동),12,광주광역시,35.1799,126.8828,https://tong.visitkorea.or.kr/cms/resource/55/3514755_image2_1.jpg,"광주광역시 북구에 위치한 중외공원은 수려한 자연 속에서 휴식을 취할 수 있는 도시 근린공원이다. 공원의 드넓은 잔디밭과 다양한 꽃과 수목이 심어져 있어 봄꽃 놀이와 가을철 단풍 명소로 유명하다. 중외공원 근방에 광주비엔날레 전시장, 광주문화예술관, 광주시립미술관 등 함께 즐길 수 있는 공연 및 전시시설이 밀집되어 있다.",,광주관광 https://tour.gwangju.go.kr/,일부구역 동반가능,전 견종 동반 가능,목줄 착용,"- 실내 시설은 동반 불가- 맹견의 경우, 입마개 착용 필수- 배변봉투 지참 및 배변처리 필수",,상시 개방,연중무휴,가능
126325,사직공원(광주),광주광역시 남구 사직길 49 (사동),12,광주광역시,35.1414,126.9127,https://tong.visitkorea.or.kr/cms/resource/77/3514577_image2_1.jpg,사직공원의 터는 원래 사직단이 있던 곳이다. 사직단이란 삼국시대부터 나라의 안녕과 풍년을 기원하여 땅의 신과 곡식의 신에게 제사를 올리는 곳이다. 1894년 제사가 폐지되고 1960년대 말에 사직 동물원이 들어서면서 사직단은 헐리고 말았다. 그 뒤 사직단의 본래의 모습을 되찾아야 한다는 여론이 조성되자 1991년 동물원을 우치공원으로 옮기고 사직단을 복원하여 1994년 4월 100년 만에 사직제가 부활했다. 사직공원은 각종 수목 또는 화초들의 조경이 잘 조성되어 있으며 특히 매년 4월 15일을 전후해서 벚꽃이 만발한다. 광주시는 이 무렵이면 밤에 전등을 가설하여 시민들이 밤에도 벚꽃을 즐길 수 있도록 했다. 지금은 시민들이 가장 즐겨 찾는 휴식처로 자리매김하게 되었다. 사직공원의 전경을 내려다볼 수 있는 전망타워도 무료로 운영하고 있다.,,광주광역시 https://www.gwangju.go.kr/,전구역 동반가능,전 견종 동반 가능,목줄 착용,"- 맹견의 경우, 입마개 착용 필수- 배변봉투 지참 및 배변처리 필수",,[공원]상시 개방[전망타워]09:00~22:00 (입장 마감 21:50),연중무휴,불가능
126850,순천 검단산성,전라남도 순천시 해룡면 정채봉길 131,12,전라남도,34.9126,127.5501,https://tong.visitkorea.or.kr/cms/resource/85/4001785_image2_1.jpg,"순천시 해룡면 검단산에 있는 백제시대 산성이다. 얼마 전까지만 해도 검단산성은 정유재란 때 조선과 명군의 연합군이 순천왜성의 왜군과 대치하면서 쌓은 조선시대의 산성으로 알려졌었다. 그러나 1996년 정밀지표조사와 98년~99년 2차례에 걸친 발굴조사 결과 백제시대에 축성한 산성으로 판명되었다. 검단산성이 있는 검단산은 해발 138.4m의 낮은 산이며 여수반도와 순천 지역을 연결하는 길목에 있고 광양만이 눈앞에 보이는 요새 지역이다. 동쪽에 있는 순천왜성과는 직선거리로 2.5㎞ 떨어져 있다. 성곽의 규모는 전체 길이 약 430m, 외벽 높이 1∼3m, 내벽 높이 2m 이상, 성벽 두께 5m 정도이다. 산성의 형식은 전형적인 테뫼식 산성이다. 성곽 내부의 시설물로는 문지 3개소, 건물지 3개소, 대형 우물지 1개소, 저장공 2개소의 유구와 기와류, 토기 및 헐기류, 목기류, 석기류 등 다양한 유물들이 산성과 생활상을 이해하는데 귀중한 자료이다. 이 산성의 축성 시기는 축성기법이나 출토된 외편들과 토기편들로 보아 6세기말에서 7세기 전반 경으로 추정된다.",,순천시청 https://www.suncheon.go.kr/tour,전구역 동반가능,전 견종 동반 가능,목줄 착용,"- 맹견의 경우, 입마개 착용 필수- 배변봉투 지참 및 배변처리 필수",,07:00~18:00,연중무휴,가능
127492,중문관광단지,제주특별자치도 서귀포시 색달동,12,제주특별자치도,33.2487,126.4125,https://tong.visitkorea.or.kr/cms/resource/97/3527897_image2_1.jpg,"중문관광단지는 제주의 독특한 자연경관과 지리적 조건을 활용하여 제주특별자치도 서귀포시 중문, 대포, 색달동 일원에 조성한 국제적인 관광 휴양지이다. 중문관광단지에는 관광 휴양지답게 신라호텔, 롯데호텔, 그랜드조선호텔 등 9개의 호텔이 있으며, 퍼시픽리솜, 여미지식물원, 테디베어박물관, 그림포레스트, 박물관은 살아있다, 초콜릿랜드, 제주국제평화센터, 천제연폭포, 주상절리대 등의 관광지가 있다. 특히 서핑, 요트, 패러세일링 등 해양 레포츠를 즐길 수 있는 중문색달해수욕장과 바다 전망 카페, 산책로 등이 최근 각광을 받고 있다.",,,전구역 동반가능,전 견종 동반 가능,목줄 착용,"- 맹견의 경우, 입마개 착용 필수- 배변봉투 지참 및 배변처리 필수",,상시 개방,연중무휴,가능
128168,헤이리 예술마을,경기도 파주시 탄현면 헤이리마을길 70-21,12,경기도,37.7880092899503,126.69929799395,https://tong.visitkorea.or.kr/cms/resource/28/3529428_image2_1.JPG,"헤이리 예술마을은 15만 평 규모로 통일동산 관광특구 내에 위치해 있다. 지상에서 가장 아름다운 마을을 꿈꾸며 일정한 자격 조건을 갖추고 심사에 통과한 다양한 분야의 창작자와 예술가 300여 명이 공동체 마을을 이루며 거주하고 있다. 헤이리는 문화 예술의 생산, 전시, 판매, 거주가 함께하는 통합적 개념의 특수한 공동체 마을이다. 수많은 갤러리, 박물관, 전시관, 공연장, 소극장, 카페, 레스토랑, 서점, 게스트하우스, 아트숍과 예술인들의 창작공간이 자리 잡고 있다. 헤이리 모든 건축물의 대부분은 창작과 문화 향유 장소로 일반인들에게 개방되고 있다. 관람객들이 헤이리 마을을 돌아보고 있는 순간에도 헤이리 마을에서는 창작활동이 이루어지고 있다. 헤이리 마을에서는 계절에 따라 국내외 유명 문화 예술단체가 참여 또는 초청되는 여러 가지 문화 예술 행사가 열린다.",,https://www.heyri.net,일부구역 동반가능,전 견종 동반 가능,목줄 착용,"- 미술관, 박물관, 갤러리 등 일부 실내 시설 동반 불가- 일반 식당 및 카페 등 개별 공간은 동반 가능 여부 개별 확인- 맹견의 경우, 입마개 착용 필수",,※ 시설 별 상이하므로 전화문의 요망,※ 시설 별 상이하므로 전화문의 요망,가능
128757,정동진해변,강원특별자치도 강릉시 강동면 정동역길 17,12,강원특별자치도,37.69136032810732,129.0325745067553,https://tong.visitkorea.or.kr/cms/resource/82/3534482_image2_1.jpg,"정동진에서 해수욕할 수 있는 곳은 세 곳이 있는데, 정동진역 앞의 바다와 모래시계 공원 앞의 바다, 그리고 정동진 방파제가 있는 바다이다. 넓고 이용하기 쉬운 곳은 정동진역 앞의 해변과 모래시계공원 앞의 바다이다. 모래시계 공원이 낮과 밤을 밝혀주며 남으로는 조각(해돋이) 공원과 헌화로가 있는 관광명소이다. 특히 정동진역 앞에서는 조개와 홍합, 미역, 성게 등을 따먹을 수 있는 바위가 많아서 사람들이 많이 찾고 있다. 또한 세계에서 바다와 제일 가까이 있는 간이역으로, 동해의 푸른 창파에서 우람하게 솟아오르는 해를 맞는 관광객들이 많다. 지난 1997년 정동진 해돋이 관광열차의 운행으로 급부상하여 관광객들이 사계절 내내 붐빈다.",,https://www.gn.go.kr/tour/index.do,일부구역 동반가능,전 견종 동반 가능,"목줄 착용,기타","- 해수욕장 개장 기간에는 동반이 제한될 수 있음- 맹견의 경우, 입마개 착용 필수- 배변봉투 지참 및 배변처리 필수",,상시 개방,연중무휴,가능
228874,구리한강시민공원(코스모스공원),경기도 구리시 코스모스길14번길 249 (토평동),12,경기도,37.57447846371455,127.13286277992104,https://tong.visitkorea.or.kr/cms/resource/20/3512820_image2_1.jpg,"구리한강시민공원에 조성된 꽃단지는 시민들이 즐거운 시간을 함께 나눌 수 있는 곳이다. 공원에는 등수국터널, 유채·코스모스단지, 가족힐링 캠핑장, 원형 단지(자연학습장), 산책로 등으로 이루어져 있다. 
가족힐링캠핑장은 한강변에 위치하여 야영과 취사는 할 수 없지만, 그늘목, 화장실, 음수대 등 다양한 시설을 갖추고 있어 가족나들이를 위해 많이 찾는 곳이다. 
봄의 향기가 그윽한 5월이 되면 정성스럽게 가꾸어 온 유채꽃을 선보이는 구리 한강 유채꽃축제가 열린다. 5월 가정의 달을 맞이하여 어린이를 위한 다채로운 행사가 펼쳐지며, 넓은 잔디 광장을 무대로 인기가수 라이브 콘서트 등 축하 공연도 선보인다.
가을 강바람이 시원한 코스모스가 만발한 구리한강시민공원에서 코스모스 축제가 열린다. 아름다운 코스모스 물결과 함께 다양한 볼거리와 행사로 가족, 연인과 함께하시면 깊어가는 가을의 정취를 느낄 수 있으며, 이미 많은 관광객이 매년 찾을 정도로 유명한 수도권의 축제로 자리 잡고 있다.",,구리 문화관광 https://www.guri.go.kr/culture,전구역 동반가능,전 견종 동반 가능,목줄 착용,"- 맹견의 경우, 입마개 착용 필수- 배변봉투 지참 및 배변처리 필수",,[공원]상시 개방[가족힐링 캠핑장]- 1월~5월 10:00~18:00- 6월~9월 09:00~21:00- 10월~12월 10:00~18:00※ 가족힐링 캠핑장의 경우 선착순 이용,연중무휴,가능 (약 800여 대)
577461,다랑쉬오름(월랑봉),제주특별자치도 제주시 구좌읍 세화리 산6,12,제주특별자치도,33.4759678473848,126.822816539054,https://tong.visitkorea.or.kr/cms/resource/09/3527909_image2_1.jpg,"다랑쉬오름은 지도상 거의 원형으로 된 밑지름과 큰 몸집에 사자체의 높이가 둥긋한 사면은 돌아가며 어느 쪽으로나 급경사를 이루고 있다. 산정부에는 크고 깊은 깔때기 모양의 원형 분화구가 움푹 패어있는데, 이 화구는 남북으로 긴 타원을 이루며 북쪽은 비교적 평탄하고 화구의 깊이는 한라산 백록담의 깊이와 똑같다고 한다. 대부분의 오름이 비대칭적인 경사를 가진데 비해 동심원적 등고선으로 가지런히 빨려진 원추체란 것이 흔하지 않은 형태이다. 빼어난 균제미에 있어서는 구좌읍 일대에서 단연 여왕의 자리를 차지한다. 화구 바닥은 잡풀이 무성하고 산정부 주변에는 듬성듬성 나무가 자라고 있으며 각 사면 기슭에는 삼나무가 조림되어 있고, 풀밭에는 시호 꽃, 송장 꽃, 섬잔대, 가재 쑥부쟁이 등이 식생 한다. 산봉우리의 분화구가 마치 달처럼 둥글게 보인다 하여 다랑쉬 또는 달랑쉬라고 부른다고 한다.",,비짓제주 https://www.visitjeju.net/kr/,전구역 동반가능,전 견종 동반 가능,목줄 착용,"- 맹견의 경우, 입마개 착용 필수- 배변봉투 지참 및 배변처리 필수",,상시 개방,연중무휴,불가능
603727,호명호수공원,경기도 가평군 청평면 상천리 일원,12,경기도,37.7495,127.4755,https://tong.visitkorea.or.kr/cms/resource/25/3520225_image2_1.jpg,"호명호수는 양수발전소의 인공저수지로, 국내 최초로 건설된 양수식 발전소의 상부저수지로 호명산의 수려한 산세와 더불어 넓은 저수지는 백두산 천지를 연상시키는 아름다운 절경이다.
호명호수공원은 이러한 호명호수를 자연친화적이며 테마가 있는 공원으로 조성되었다. 가평읍에서 시내버스를 타고 산유리에서 하차, 또는 청평면 상천역에서 하차하여 호명호수까지 등산을 하며 주변경관을 즐길 수 있다. 공원에서는 사륜바이크와 전기차를 유료로 이용할 수 있어 타고 다니며 천천히 둘러보기 좋다. 호수에 있는 거북이는 고정된 것이 아니라 부유식 태양광발전설비로 호수에 떠 있어 바람이 부는 방향으로 움직이기도 한다. 호명호수 팔각정에서 내려다보는 청평호반 역시 일품이다.",,가평 문화관광 https://www.gptour.go.kr/tour,전구역 동반가능,전 견종 동반 가능,목줄 착용,"- 맹견의 경우, 입마개 착용 필수 - 배변봉투 지참 및 배변처리 필수",,※ 버스시간표 확인 요망,※ 버스시간표 확인 요망,가능
702361,함안 어계고택,경상남도 함안군 군북면 원북길 104-1,12,경상남도,35.2337930419166,128.320757781379,https://tong.visitkorea.or.kr/cms/resource/77/4001977_image2_1.jpg,"함안군 군북면에 위치한 함안 어계고택은 조선 전기의 문신 어계 조려(1420∼1489) 선생이 태어난 집이다. 조려 선생은 생육신의 한 사람으로 단종을 위해 벼슬을 버리고 영월에서 단종의 시신을 거두어 장례를 치른 뒤 왕의 얼을 동학사에 모셨다. 그 후 어계 선생은 이곳에서 낚시로 여생을 보냈으며 지금은 후손들의 재실로 사용하고 있다. 대체로 건물의 구조, 재료, 형태들이 조선 후기 민가의 평범한 양식을 갖추어 간결하고 검소한 느낌을 주고 있다.",,함안 문화관광 http://tour.haman.go.kr,전구역 동반가능,전 견종 동반 가능,목줄 착용,"- 맹견의 경우, 입마개 착용 필수- 배변봉투 지참 및 배변처리 필수",,상시 개방,연중무휴,가능
729167,반포대교 달빛무지개분수,서울특별시 서초구 반포동 647,12,서울특별시,37.5126,126.9985,https://tong.visitkorea.or.kr/cms/resource/46/3515046_image2_1.jpg,"서울 반포대교에 설치된 분수인 달빛무지개분수는 한강르네상스의 핵심적인 사업으로 2007년 6월 시작하여 2009년 4월 개막식을 통해 유유히 흐르는 한강의 정적인 이미지에 웅장하고 역동적인 이미지를 담은 교량분수로 화려하게 탄생했다. 서울 한강만이 가지고 있는 약 700m의 넓은 강폭 전체를 연출하기 위해 반포대교 구간의 상류 측과 하류 측 1,140m 구간에 380개 노즐을 설치해 낙하용 수중펌프로 끌어올린 한강물을 약 20m 아래 한강 수면으로 떨어뜨리는 새로운 개념의 분수이다. 단순히 물만 내뿜는 것이 아니라 배경음악과 분수연출이 아름답고 조화롭게 어우러지도록 프로그램을 구성하고, 야간에는 경관조명을 이용하여 환상적인 한강의 야경을 보여준다. 또한 2008년 11월 7일 ‘세계에서 가장 긴 교량분수’로 기네스북에 등재되면서 최고의 위용을 세계에서도 인정받았으며, 시향연주회, 무용발표회, 창장음악회 및 개막식, 그랜드오픈행사 시 분수연출을 선보이기도 했다. 
달빛무지개분수는 낮과 밤에 다른 모습을 즐길 수 있다. 낮에는 분수에 떨어지는 물결의 모양에 따라 휘날리는 버들가지와 버들잎을 형상화한 모양 등 100여 가지의 다양한 모습의 분수를 만들어내며, 밤에는 긍정과 희망의 이미지를 상징하는 무지개 색깔의 분수로 화려하게 변신한다. 설치된 조명 200개는 아름다운 무지개 모양의 야경을 선사하고 음악에 맞춰 춤추는 분수는 시민들에게 색다른 즐거움을 선사한다.",,http://hangang.seoul.go.kr,전구역 동반가능,전 견종 동반 가능,목줄 착용,"- 맹견의 경우, 입마개 착용 필수- 배변봉투 지참 및 배변처리 필수",,"[비수기(3월 15일~6월, 9~10월)]  12:00 / 19:30 / 20:00 / 20:30 / 21:00 [성수기(7월~8월)]  12:00 / 19:30 / 20:00 / 20:30 / 21:00 / 21:30 ※ 매회 20분 가동",1월~3월 14일 / 11~12월 ※ 기상상황에 따라 분수 가동 중지될 수 있음,가능 (669대)
970052,세빛섬,서울특별시 서초구 올림픽대로 2085-14 (반포동),12,서울특별시,37.5125,126.996,https://tong.visitkorea.or.kr/cms/resource/10/3515810_image2_1.jpg,"세빛섬은 서울의 중심인 한강에 색다른 수변 문화를 즐길 수 있는 랜드마크로 조성된 복합 문화 공간이다. 세계 최초로 물 위에 떠 있을 수 있는 부체 위에 건물을 짓는 플로팅 형태의 건축물이다. 세빛섬은 한강을 아름답게 밝혀줄 세 개의 빛나는 섬과 다양한 영상 및 콘텐츠가 상영되는 예빛으로 이루어져 있다.
서울 시민의 하루의 삶을 상징하며 서울과 한강을 비추고 있다. 채빛은 동쪽에서 떠오르는 해처럼 활기찬 하루를 여는 찬란한 빛이다. 솔빛은 한낮의 해처럼 가장 높은 곳에 올라온 사방을 비춘다. 가빛은 해 질 녘 노을빛처럼 하루의 끝을 갈무리하며 아름답고 우아하게 빛나고 있다. 미디어아트갤러리 예빛은 밤을 비추는 은은한 달빛과 같은 예술의 장이 될 것이다.",,http://www.somesevit.co.kr,일부구역 동반가능,전 견종 동반 가능,목줄 착용,"- 매장별 정책이 상이하므로 동반 가능 여부 개별 문의 필요- 맹견의 경우, 입마개 착용 필수- 배변봉투 지참 및 배변처리 필수",,시설 별로 상이함,시설 별로 상이함,가능
2047242,정읍 쌍화차거리,전북특별자치도 정읍시 중앙1길 173 (장명동),12,전북특별자치도,35.566705930570286,126.85770525463968,https://tong.visitkorea.or.kr/cms/resource/03/3520403_image2_1.jpg,"옛 문헌에 정읍의 토산품으로 차가 기록 되어 전해져 올 정도로 역사를 간직한 정읍은 차문화가 오래된 고장이다. 그중에서도 쌍화차를 주 메뉴로 하는 전통찻집이 새암로를 따라 자생적으로 형성되어 있다. 쌍화차의 깊은 맛과 건강식으로 각광받으면서 장명동 주민센터 인근지역에 점진적으로 확대되면서 조성되었다. 쌍화차거리에는 30년을 넘긴 쌍화탕 찻집이 아직도 건재하고, 크고 작은 쌍화탕 찻집이 40여 곳이나 성업 중이다. 소박하고 편안한 분위기가 그대로 남아 있는 골목길에 자리한 찻집들을 보면 특유의 쌍화탕 향기를 맡을 수 있다. 이곳의 쌍화차는 넉넉한 한약재에 밤, 생강, 대추, 숙지황, 견과류 등 총 20여 가지의 재료를 넣어 만든 제대로 된 전통 한방탕이다.",,정읍 문화관광 https://www.jeongeup.go.kr/,일부구역 동반가능,전 견종 동반 가능,목줄 착용,"- 매장 입장 가능 여부 개별 문의 필요- 맹견의 경우, 입마개 착용 필수- 배변봉투 지참 및 배변처리 필수",,※ 점포 별로 상이함,10:00~22:00※ 점포 별로 상이함,가능
2628994,강릉 명주동 거리,강원특별자치도 강릉시 명주동,12,강원특별자치도,37.7510828841203,128.892696835391,,"명주동은 시청과 옛 관아가 함께 자리하고 있어 강릉 행정의 중심 역할을 하던 곳이었다. 하지만 시청 건물이 이전되고, 다른 곳에 번화가가 형성되면서 점점 오고 가는 이들도 적어졌다. 생기를 잃고 빛바랜 명주동이 다시 제 색깔을 찾은 것은 이곳에 낡은 건물을 활용한 문화 공간이 들어서면서부터이다. 
옛 명주초등학교 건물을 문화 예술 공간으로 꾸민 ‘명주예술마당’은 공연장과 연습실을 운영하며 공연, 전시 등 다양한 프로젝트를 진행한다. 1958년 세워진 고쳐 만든 작은 공연장 ‘단’에서는 연극이나 콘서트 등이 꾸준히 개최된다. 옛 방앗간과 100년 넘은 적산가옥은 멋스러운 카페로 재탄생했다. 또한, 강릉커피축제, 명주프리마켓 등 각종 콘서트와 공연도 열고 있다. 
마을 어르신들이 손수 가꾼 아기자기한 화단, 담벼락을 따라 이어지는 벽화, 오래된 목조 주택과 기와집들이 따스한 풍경을 자아낸다. 명주동 여행은 골목길을 따라 걸으며 이색카페, 문화공간, 역사를 느낄 수 있는 핫 플레이스로 각광받고 있다.",,https://www.gn.go.kr/tour/,전구역 동반가능,전 견종 동반 가능,목줄 착용,"- 맹견의 경우, 입마개 착용 필수- 배변봉투 지참 및 배변처리 필수",,상시 개방,연중무휴,가능
2712734,요천생태습지공원,전북특별자치도 남원시 주생면 중동리 1275,12,전북특별자치도,35.3827,127.3417,https://tong.visitkorea.or.kr/cms/resource/14/4002714_image2_1.jpg,"요천 생태습지공원은 남원시가 하수종말처리장 방류수를 활용해 만든 친환경 습지로 요천 수변 생태계를 개선하고 생태체험원, 수생식물원, 탐방로 등을 갖춘 자연과 사람이 함께 하는 습지공원이다. 전체적인 구성은 물의 정원인 생태습지와 활력 정원, 그리고 편의 시설로 나누어져 있다. 또한 요천 생태습지공원 내에 있는 애견 놀이터를 중심으로 반려견과 함께 산책할 수 있는 산책길이 조성되어 있으며 애견 놀이터는 소형견·중형견·대형견으로 나눠져 있다.",,남원시청 https://www.namwon.go.kr/,일부구역 동반가능,전 견종 동반 가능,목줄 착용,"- 맹견의 경우, 입마개 착용 필수- 배변봉투 지참 및 배변처리 필수","펜스, 안전문",- 공원 상시 개방- 애견놀이터 10:00~18:00,- 공원 연중무휴- 애견 놀이터 매주 월요일 / 우천 시 휴무,가능
2713784,광진해수욕장,강원특별자치도 양양군 현남면 광진리 78-20,12,강원특별자치도,37.96536073191619,128.7643376618066,https://tong.visitkorea.or.kr/cms/resource/60/3518260_image2_1.jpg,"강원도 양양군 현남면 광진리에 있는 해수욕장이다. 7번 국도변을 따라 인구해수욕장과 갯마을해수욕장 사이에 위치한다. 광진해수욕장은 수질이 깨끗해 바다 밑이 훤히 들여다보일 정도다. 스노클링으로 바닷속 절경을 즐기려는 사람들을 흔히 볼 수 있다. 해변 암초 사이에 성게가 많이 서식한다고 알려졌고, 바다 조개를 채취할 수도 있다. 수심이 얕아 아이들이 물놀이하기에도 좋다. 걸어서 10분 거리에 양양의 관광 명소 휴휴암이 있다. 양양군에서 가장 남쪽에 있는 석호, 포매호 일대는 백로와 왜가리 번식지로 천연기념물이다.",,https://tour.yangyang.go.kr/,일부구역 동반가능,,목줄 착용,바다 입수 시 목줄 착용 필수,강아지 동반 샤워장 구비,상시 개방,연중무휴,가능
2731193,강릉항,강원특별자치도 강릉시 창해로14번길 55-11,12,강원특별자치도,37.7713509,128.9517207,https://tong.visitkorea.or.kr/cms/resource/82/2921882_image2_1.jpg,"강원도 강릉시 송정동에 있는 항구이다. 2008년 5월까지는 안목항으로 불리다 개칭되었다. 조선 후기까지 견조도라는 섬이었고 지금은 육계도가 되었다. 강릉의 주요 하천인 남대천 하류에 있는 항구로 백사장인 것이 특징이다. 황어, 숭어, 멸치, 고등어가 잘 잡혀 낚시하기 좋은 장소이다. 또한 연안에는 오징어, 가자미, 문어 등이 조업 된다.
(출처 : 강원도청)",,https://visitgangneung.net/,일부구역 동반가능,전 견종 동반 가능,"목줄 착용,기타","- 맹견의 경우, 입마개 착용 필수- 배변봉투 지참 및 배변처리 필수",,상시 개방,연중 무휴,가능
2789378,제주신흥해수욕장,제주특별자치도 제주시 조천읍 조함해안로 273-35,12,제주특별자치도,33.5519478452539,126.648530979961,https://tong.visitkorea.or.kr/cms/resource/79/4001879_image2_1.jpg,나만 알고 싶은 프라이빗 해수욕장을 찾는다면 제주 동쪽 조천읍에 있는 신흥해수욕장을 추천한다. 제주 올레길 19코스에 있으며 ‘민만 아는 작은 해변이지만 있을 건 다 있다. 돌벽으로 지어진 탈의실과 샤워 시설은 신축하여 시설이 모두 깨끗하다. 널리 알려지지 않은 곳이라 주로 숙소 사장님에게 추천받아 오는 관광객들만 찾아 성수기에도 북적이지 않는 해변이다. 주변에 주차하기도 편리하고 여름철에는 안전요원도 배치되어 안심하고 이용할 수 있다. 멀리 서우봉이 보이며 바로 옆에 카페가 있어 더욱 편리하다. 조용한 곳에서 물놀이 휴가를 즐기고 싶다면 방문해 보길 권한다.,,,전구역 동반가능,전 견종 동반 가능,목줄 착용,"- 해수욕장 개장 기간엔 연안 산책은 가능하나 입수는 불가- 맹견의 경우, 입마개 착용 필수- 배변봉투 지참 및 배변처리 필수",,상시 개방,연중무휴,가능
2994660,진장문화예술플랫폼 미리미동국,경상남도 밀양시 밀양대로 1908 (내이동),14,경상남도,35.4937317256259,128.744595684849,https://tong.visitkorea.or.kr/cms/resource/77/4002777_image2_1.jpg,,,,,,,,,,,
856258,임꺽정한우마을,"경기도 파주시 파평면 화석정로 98 1, 2동",39,경기도,37.881585688043735,126.8026757330094,,,,,,,,,,,,
127851,선재도(선재도 어촌체험마을),인천광역시 옹진군 영흥면 선재로 5,12,인천광역시,37.2329127508857,126.537224694904,https://tong.visitkorea.or.kr/cms/resource/83/4061783_image2_1.jpg,"선재도는 영흥도 남동쪽에 있는 섬이다. 선재도는 주위의 경관이 매우 아름답고 수려하여 선녀가 내려와 춤을 추던 곳이라 하여 선재도라 부르게 되었다 한다. 영흥도와는 영흥대교, 대부도와는 선재대교로 연결되어 있어 수도권 당일치기 여행지로 사랑받고 있다.
고려 시대부터 조선 후기까지 소우도라고 불려 오다가 1871년 전후부터 선재도로 개칭되었다. 1973년 옹진군에 속해있다가 1995년 인천광역시에 통합되었다. 선재도에는 해마다 연초에 당고개에서 풍어를 기원하는 굿을 하여 마을의 풍어와 풍토를 소원하며 촌락의 재앙을 몰아내고 있으며 대부도와 영흥도를 잇는 징검다리 섬으로 되어 있으며 간조시 섬 주위에서 굴과 바지락이 많이 생산되어 주민의 주소득원이 되고 있다. 선재도 옆 측도는 모세현상이 일어나는 섬으로 밀물 때는 바다 위에 홀로 떠 있다가 썰물 때가 되면 1㎞ 길이의 모랫길이 열린다. 양옆에 갯벌을 두고 바다를 가로질러 걷는 색다른 경험을 할 수 있다.
또 이국적인 분위기를 살린 카페, 야외 테라스에서 영흥대교가 내다보이는 카페 등 서해를 다양하게 감상할 수 있는 카페들이 있어 즐길 거리가 많다.",,https://선재체험마을.com,일부구역 동반가능,전 견종 동반 가능,목줄 착용,배변봉투 지참 및 배변처리 필수,,상시 개방,연중무휴,가능요금 (무료)
3006983,삿갓봉근린공원,서울특별시 노원구 한글비석로 346 노원구어린이도서관,12,서울특별시,37.65796899943583,127.07630127353356,https://tong.visitkorea.or.kr/cms/resource/71/3006971_image2_1.jpg,삿갓봉근린공원은 산책하기 좋은 남녀노소 모두가 즐길 수 있는 아담한 공원이다. 산책길과 함께 곳곳에 운동기구들이 놓여 있고 나무그늘 의자가 많아서  산책과 운동 후  휴식을 취할 수 있다. 어린이를 위한 놀이터는 우레탄 바닥으로 되어있어서 안전하게 놀이를 할 수 있다. 바닥분수가 있으며 여름에는 한시적으로 운영한다. 주변에 주차공간이 없어서 대중교통을 이용하는 것이 좋다.,,노원구청 https://www.nowon.kr,전구역 동반가능,전 견종 동반 가능,목줄 착용,"- 맹견의 경우, 입마개 착용 필수- 배변봉투 지참 및 배변처리 필수",,상시 개방,연중무휴,불가능
3006915,등나무근린공원,서울특별시 노원구 동일로 1238 서울시립 북서울미술관,12,서울특별시,37.640656840298696,127.0668557565194,https://tong.visitkorea.or.kr/cms/resource/00/3006900_image2_1.jpg,"등나무근린공원은 서울시립 북서울미술관 바로 옆에 위치해 있다. 무지개 모양 다리를 건너면 차도 건너의 중계근린공원으로 넘어갈 수 있다. 공원 산책로를 따라 걷다 보면 다양한 조각상을 만나볼 수 있는데, 작품에 대한 설명이 있어 이해를 돕는다. 공원 내에 설치되어 있는 수도꼭지 마저도 아름다운 예술품이다. 공원 내에 운동시설과 팔각정이 설치되어 있어서 운동 후 잠시 쉬어갈 수도 있다. 여름에는 바닥분수도 운영하며 뒤편에 나무그늘이 있고 벤치도 여러 개 있어서 쉴 수 있는 공간도 많다. 근처에는 아울렛과 대형 마트가 위치해 있어 쇼핑과 함께 그 곳의 다양한 푸드코트도 이용할 수 있다.",,,전구역 동반가능,전 견종 동반 가능,목줄 착용,"- 맹견의 경우, 입마개 착용 필수- 배변봉투 지참 및 배변처리 필수",,상시 개방,연중무휴,가능
3425101,안중근공원,경기도 부천시 원미구 송내대로 236 (중동),12,경기도,37.50444159428747,126.7590372879176,https://tong.visitkorea.or.kr/cms/resource/48/4061448_image2_1.jpg,"안중근 의사의 애국심과 정신을 느낄 수 있는 안중근 공원은 당초 명칭은 ‘중동공원’이었지만, 2006년 중국 하얼빈에서 안중근 동상이 이전되면서 ‘안중근공원’으로 개칭되었다. 안중근 의사가 순국 직전까지 직접 쓰신 유묵작품을 새겨놓은 비석과 스토리가 있는 동상이 설치되어 그의 인생이야기를 엿볼 수 있으며, 시민들의 도심 속 휴식공간이자 근대사 학습의 장으로 활용되고 있다.

(출처 : 부천시청)",032-625-4844,,전구역 동반가능,,,,,상시 개방,연중무휴,가능
529493,김일성 별장,강원특별자치도 고성군 거진읍 화진포길 280,12,강원특별자치도,38.4724805012854,128.443142733363,,"강원특별자치도 고성군 거진읍 화포리 화진포가 내려다보이는 곳에 있는 별장으로, 일명 ‘김일성 별장’으로 불리는 곳이다. 1938년 독일인 H. 베버가 지었고, 1948년부터 1950년까지 김일성이 부인 김정숙, 아들 김정일, 딸 김경희와 함께 여름 휴양지로 사용했다. 지하 1층·지상 2층의 석조 건물로 1964년 육군에서 건물을 철거하여 재건축하였고, 1995년 개·보수하여 장병들의 휴양 시설로 사용하였다. 내부에는 한국전쟁과 북한 관련 자료를 전시하고 있다. 약 1㎞ 거리에 있는 이승만 별장·이기붕 별장과 함께 역사 안보 전시관을 이루고 있다.",,고성군 문화관광 https://www.gwgs.go.kr/tour/,일부구역 동반가능,전 견종 동반 가능,목줄 착용,"- 전시관 내부는 동반 불가- 맹견의 경우, 입마개 착용 필수- 배변봉투 지참 및 배변처리 필수",,- 하절기 09:00~18:00- 동절기 09:00~16:30,연중무휴,가능
1940660,부소담악(추소정),충청북도 옥천군 군북면 환산로 518,12,충청북도,36.352236536703685,127.56369444132984,,"충북 옥천군 군북면 부소무늬마을에 가면 부소담악이라는 절경을 만날 수 있다. 부소담악은 물 위로 솟은 기암절벽인데, 길이가 무려 700m에 달한다. 조선시대 학자 송시열이 소금강이라 예찬한 추소팔경의 마지막을 장식하는 절경이다. 부소담악은 처음부터 물가 절벽이 아니었다. 본래 산이었지만 대청댐이 준공되면서 산 일부가 물에 잠겨 물 위에 바위병풍을 둘러놓은 듯한 풍경이 되었다. 부소담악의 장관을 제대로 바라볼 수 있는 곳이 추소정이다. 정자에 오르면 용이 호수 위를 미끄러지듯 나아가는 형상이 선명하게 보인다. 날카롭게 솟아오른 바위와 깊이를 가늠할 수 없는 호수가 가슴을 서늘하게 하지만 수천 년 세월을 간직한 자연의 신비가 더욱 크게 다가온다. 부소담악의 능선을 따라 산행을 할 수도 있다. 협소한 능선길 아래는 시퍼런 물이 악어처럼 입을 벌리고 있는 아찔한 낭떠러지다.",,충북나드리 https://tour.chungbuk.go.kr,전구역 동반가능,전 견종 동반 가능,목줄 착용,"- 맹견의 경우, 입마개 착용 필수- 배변봉투 지참 및 배변처리 필수 - 공간 대비 관광객이 많아 대형견의 경우 이동에 불편함을 느낄 수 있음",,상시 개방,연중무휴,가능
2613673,삼척장미공원,강원특별자치도 삼척시 오십천로 586 삼척장미공원,12,강원특별자치도,37.4323410459554,129.179659742018,,"삼척시 정상동 오십천 일원 8만 5000㎡ 규모에 조성된 삼척 장미공원에는 총 218종 13만 그루 1천만 송이의 장미가 단일 규모로는 세계 최대 수량을 가진 공원으로 아름다운 장관을 이루고 있으며, 야간에는 장미꽃 군락이 조명과 어우러져 환상적인 분위기를 연출한다. 또 산책로와 포토존을 비롯해 장미터널과 이벤트 가든, 바닥분수, 잔디광장, 인라인 스케이트장, 맨발공원, 산책로, 자전거 도로 등 각종 휴양 및 편의시설을 갖춘 시민 및 관광객들의 문화와 휴식, 여가공간이다.

(출처 : 삼척 문화관광 홈페이지)",,삼척 문화관광 https://www.samcheok.go.kr/tour/삼척 장미공원 https://www.samcheok.go.kr/rosepark/#1,일부구역 동반가능,전 견종 동반 가능,"입마개 착용,목줄 착용,기타","- 맹견의 경우, 입마개 착용 필수- 배변봉투 지참 및 배변처리 필수",,상시 개방,연중무휴,가능
2536133,매미성,경상남도 거제시 장목면 복항길 29,12,경상남도,34.968213125994275,128.705093383646,,"거제에 위치한 매미성은 2003년 태풍 매미로 인해 삶의 터전을 잃은 백순삼 씨가 자연재해로부터 자신의 경작지를 지키기 위해 직접 쌓은 성벽이다. 태풍으로 농지가 유실된 후, 바닷가 근처에 네모반듯한 돌을 하나하나 쌓고 그 사이를 시멘트로 메워가며 오랜 시간 동안 홀로 성을 만들어 올렸다. 그렇게 탄생한 매미성은 단순한 방파제나 담장이 아니라 마치 유럽의 중세 시대를 떠올리게 하는 독특한 외형을 갖게 되었다. 보기 드문 이국적인 분위기를 자아내며 이 독특한 풍경 덕분에 매미성은 지금은 거제의 관광 명소 중 하나가 되었고 곳곳이 다 포토존이라 방문객들이 인생 사진을 남기기에 좋은 장소로 손꼽힌다.",,https://tour.geoje.go.kr/,전구역 동반가능,전 견종 동반 가능,목줄 착용,"- 맹견의 경우, 입마개 착용 필수- 배변봉투 지참 및 배변처리 필수",,상시 개방,연중무휴,가능
125684,아야진해변,강원특별자치도 고성군 토성면 아야진해변길 157,12,강원특별자치도,38.276603,128.553266,https://tong.visitkorea.or.kr/cms/resource/82/3516882_image2_1.jpg,"아야진해변은 주변경관이 수려한 곳으로 크고 작은 바위와 맑은 바다, 깨끗한 백사장이 어울려 가족단위 피서지로 적합한 해변이다. 고운 모래가 깔려있고 수심이 해변에서 30m까지는 1.5m~2m 정도로 안전하게 수영할 수 있어 매년 군부대와의 협의로 한시적으로 운영되고 있다. 또, 낚시와 함께 수영을 즐길 수 있어 해마다 찾는 피서객이 증가하고 있다.",,https://www.ayajinbeach.co.kr/,일부구역 동반가능,전 견종 동반 가능,"목줄 착용,기타","- 해수욕장 개장 기간에는 동반불가- 맹견의 경우, 입마개 착용 필수- 배변봉투 지참 및 배변처리 필수",,상시 개방,연중무휴,가능
127096,해저터널(통영),경상남도 통영시 당동,12,경상남도,34.8361,128.4114,,"통영 해저터널은 통영과 미륵도를 연결하기 위해 건설된 해저터널이다. 1931년부터 1932년까지 1년 4개월에 걸쳐 만들어진 바다 밑 터널이다. 그 전의 미륵도는 밀물 때는 섬이 되고, 썰물 때는 도보로 왕래할 수 있었다. 일제강점기에 일본 어민의 이주가 늘면서 이동을 편하게 하기 위하여 해저터널을 만들게 된 것이다. 양쪽 바다를 막고 바다 밑을 파서 콘크리트 터널을 만든 것으로 터널 입구에 쓰여 있는 용문달양(龍門達陽)은 섬과 육지를 잇는 해저도로 입구의문이라는 뜻이다. 통영 시내 당동 쪽 터널 입구에 관광안내소가 있다. 안쪽에 통영 관광 명소들에 대한 소개 패널이 전시되어 있다. 콘크리트 구조로 되어있으며, 우리 역사의 애환을 담고 있는 장소이다.",,,전구역 동반가능,전 견종 동반 가능,목줄 착용,"- 맹견의 경우, 입마개 착용 필수- 배변봉투 지참 및 배변처리 필수",,상시 개방,연중무휴,가능
1100498,북촌 8경,서울특별시 종로구 계동길 37 (계동),12,서울특별시,37.5790883269606,126.986276109794,https://tong.visitkorea.or.kr/cms/resource/02/3304402_image2_1.jpg,"북촌 8경은 북촌의 명소를 하나로 꿰는 코스로 한옥의 아름다움과 북촌 골목길을 구석구석 즐길 수 있다. 북촌은 경복궁과 창덕궁 사이의 한옥마을을 말한다. 지금의 남산에 해당하는 하급 관리들이 살았던 종로의 아랫동네는 남촌이라 했고, 왕족이나 사대부들이 살았던 청계천과 종로의 윗동네는 북촌이라 했다. 북촌은 조선시대 왕족이나 권세 있는 사대부들이 살았던 동네라 멋스러운 한옥들이 많이 남아 있어 관광객이 많이 찾는다.

북촌 8경에는 1경 창덕궁 전경, 2경 원서동 공방길, 3경 가회동 11번지 일대, 4경 가회동 31번지 언덕(북촌전망대), 5경 가회동 골목길(오르막길), 6경 가회동 골목길(내리막길), 7경 가회동 31번지, 8경 삼청동 돌계단길이 포함되어 있다. 지하철 3호선 안국역에서 하차하여 도보로 이동하는 당일여행 코스로 인기가 있으며, 오래된 맛집을 비롯해 주변에 국립현대미술관 서울관, 운현궁, 정독도서관, 삼청공원 숲 속도서관 등의 볼거리가 있어 여행하기 좋다.",,https://hanok.seoul.go.kr/,일부구역 동반가능,전 견종 동반 가능,목줄 착용,"- 실내 시설 입장은 개별 문의 필요- 맹견의 경우, 입마개 착용 필수- 배변봉투 지참 및 배변처리 필수",,10:00~17:00※ 방문 제한시간(특별관리지역(레드존) 방문 금지) : 17:00~익일 10:00,연중무휴,불가능
2615384,부귀 메타세쿼이아길,전북 진안군 부귀면 세동리 68-1,12,전북,35.8073,127.3229,https://tong.visitkorea.or.kr/cms/resource/66/3520666_image2_1.jpg,"진안에 위치한 부귀 메타세쿼이아길은 모래재를 올라와 부귀면 장승에 진입하면 만날 수 있는 장소이다. 이곳은 옛 지방도로 모래재길이기도 하며, 양쪽 도로면에 메타세쿼이아가 심어져 있다. 진안에서 아름다운 길로 꼽히는 부귀 메타세쿼이아길은 다양한 드라마와 영화 촬영지로 각광받고 있다. 영화 국가대표에서 스키선수들이 코치와 함께 자전거를 타고 달렸던 길이기도 하고, 드라마에서 주인공이 과거를 떠올리며 걸었던 곳이기도 하다. 또한 다른 드라마 에서 주인공들이 손을 잡고 데이트를 하던 곳으로 알려져 있다. 전주에서 가깝고 마이산이 근접해 있어 사계절 관광객이 꾸준히 찾는 명소이다.",,https://www.jinan.go.kr/tour/,전구역 동반가능,전 견종 동반 가능,목줄 착용,"- 맹견의 경우, 입마개 착용 필수- 배변봉투 지참 및 배변처리 필수",,상시 개방,연중무휴,가능
127965,비목공원,강원 화천군 화천읍 동촌리 2921-3,12,강원,38.212822547588,127.844284601282,https://tong.visitkorea.or.kr/cms/resource/20/3518520_image2_1.jpg,"화천 비목공원은 강원도 화천군에 있는 공원으로, 6·25 전쟁의 아픔과 희생을 기리는 곳이다. 이곳은 국민가곡 비목의 탄생지이기도 하다. 비목이라는 노래는 1960년대 중반, 평화의댐 북쪽에 있는 백암산 계곡에서 한 청년 장교가 잡초가 우거진 곳에서 무명용사의 돌무덤을 발견하고, 그의 젊은 넋을 기리는 가사를 지은 것이 시작이다. 비목공원에는 비목탑과 무명용사의 돌무덤 조형물, 산목련 조형물, 노래비 등이 있다. 노래비는 비목공원 주차장 입구에 세워져 있으며, 가곡 비목의 가사가 적혀져 있다. 비목탑은 6·25 전쟁 당시 나라를 위해 순국한 선열들을 추모하기 위해 화천군민의 정성을 모아 세운 탑이다.",,,전구역 동반가능,전 견종 동반 가능,목줄 착용,"- 맹견의 경우, 입마개 착용 필수- 배변봉투 지참 및 배변처리 필수",,09:00~17:00※ 자세한 사항은 전화문의 요망,연중무휴,가능
894087,무섬마을,경상북도 영주시 문수면 무섬로234번길 31-12,12,경상북도,36.7319,128.6216,https://tong.visitkorea.or.kr/cms/resource/08/3513808_image2_1.jpg,"무섬마을은 물 위에 떠 있는 섬을 뜻하는 ‘물수리’의 우리말 이름을 가진 전통마을이다. 때로는 중국 섬계 지역의 지형과 비슷하다 하여 ‘섬계마을’이라고도 불린다. 40여 가구의 전통가옥이 마을을 이루고 있는데 이 중 30여 채가 조선 후기 사대부가 가옥이며, 역사가 100여 년이 넘는 가옥도 16채나 남아있어 조상들의 자취를 그대로 느낄 수 있다. 그리고 30여 년 전까지 마을과 외부를 이어주는 유일한 통로였던 외나무다리가 마을의 대표 상징물이다. 
무섬마을에는 무섬외나무다리 축제, 무섬 문화재 등의 축제와 행사가 있고, 전통한옥체험과 무섬 문화촌 전통문화체험 프로그램이 준비되어 있다. 전통한옥체험에서는 김욱 가옥, 김천한 가옥, 김태길 가옥 등을 체험해 볼 수 있는데 감상뿐만 아니라 직접 숙박체험을 하며 한옥의 정취를 느낄 수 있다. 또한 무섬 문화촌에서는 도자기, 염색체험, 사군자 체험 등 다양한 체험 프로그램이 준비되어 있다.",,영주 문화관광 https://www.yeongju.go.kr/,전구역 동반가능,전 견종 동반 가능,목줄 착용,"- 맹견의 경우, 입마개 착용 필수- 배변봉투 지참 및 배변처리 필수",,상시 개방,연중무휴,가능요금 (무료)
1907688,대청호오백리길,대전광역시 동구 천개동로 34,28,대전광역시,36.3738585149176,127.471940502591,https://tong.visitkorea.or.kr/cms/resource/32/3547432_image2_1.jpg,"대청호오백리길은 대전(동구, 대덕구)과 충북(청원, 옥천, 보은)에 걸쳐 있는 약 220㎞의 도보길이며 대청호 주변 자연부락과 소하천, 등산길, 임도, 옛길 등을 포함하고 있다. 또한 서울, 부산에서 대청호까지 거리가 약 오백 리 정도가 되어 그 상징적 의미를 더하고 있다. 특히 대청호를 중심으로 해발 200~300m의 야산과 수목들이 빙 둘러져 있어 경관이 아주 뛰어나며 구간마다 특별한 재미를 느낄 수 있는 길들이 많다. 연인끼리 낭만을 즐길 수 있는 데이트 코스, 푸른 호수를 감상하며 생각에 잠길 수 있는 사색 코스, 등산이 가능한 산행 코스, 농촌체험과 문화답사를 겸하여 걸을 수 있는 가족여행 코스, 자전거 드라이브 코스 등 보고 느끼고 체험하고 즐길 수 있는 다양한 테마가 펼쳐진 길이다. 이러한 자연경관을 인정받아 유엔해비타트(UN-HABITAT)가 수여하는 아시아도시경관상도 수상하였다. 또한 주변에는 대청호물문화관과 대청호조각공원, 대청호미술관, 대청호자연생태관 등이 개관하여 대청호오백리길과 연계한 체험 및 관람시설로 이용이 가능하며 청원 청남대, 문의문화재단지, 보은 속리산, 옥천 둔주봉, 정지용생가, 육영수생가지 등 많은 역사문화 관광지가 있다. 갈대밭이 펼쳐진 대청호를 따라 걷는 곳으로 대청호 중에서도 가장 아름다운 곳이다. 권상우와 김희선 주연인 드라마 를 촬영했던 장소이기도 해 많은 사랑을 받고 있다. 그 밖에 조각공원, 미술관, 자연생태관등을 함께 감상할 수 있다.",,http://www.dc500.org,전구역 동반가능,전 견종 동반 가능,목줄 착용,"- 맹견의 경우, 입마개 착용 필수- 배변봉투 지참 및 배변처리 필수",,상시 개방,연중무휴,
1576464,감악산(거창),경상남도 거창군 신원면 연수사길 452,12,경상남도,35.58962170225394,127.91750830310365,https://tong.visitkorea.or.kr/cms/resource/93/4007893_image2_1.jpg,"감악산은 남상면 무촌리 신원면 과정리를 안고 있는 거창의 안산이다. 거창분지의 남쪽에서 서쪽 대용산과 동쪽 대덕산 돌마장산 매봉산들을 거느리고 한 일자로 흐르고 있다. 산 고스락 감악평전에는 1983년 6월에 세워진 KBS, MBC TV 중계탑이 있다. 이름은 거룩한 산, 신령스러운 산, 큰 산의 뜻이 되는 감뫼로 곧 여신을 상징한다. 감악산의 전설로는 연수사 샘물로 신라 헌강왕이 중풍을 고쳤다 하는 얘기와 고려 왕손에 출가한 여승과 유복자와의 사연을 담고 있는 연수사 은행나무가 유명하다. 연수사는 절 이름에 ‘물 수(水)’ 자를 넣어지었듯이 샘과 인연 깊은 사찰이다. 거창군 남부권의 명산으로 지리산, 덕유산, 가야산에 둘러싸여 있고 근거리에는 거창읍 전경과 합천댐을 볼 수 있는 조망권을 자랑하는 곳이다. 감악산 등산로인 물맞이 길을 따라 올라가면 중턱에는 신라시대 사찰인 연수사에서 전설을 지닌 약수와 은행나무를 볼 수 있다. 그리고 정상 부근에는 항노화 웰니스 체험장이 조성되어 있어 가을이 되면 낮에는 화려한 국화꽃과 거창읍 전경을, 밤에는 하늘의 별빛과 거창읍 야경을 관람할 수 있다.",,거창 문화관광 https://www.geochang.go.kr,전구역 동반가능,전 견종 동반 가능,목줄 착용,"- 맹견의 경우, 입마개 착용 필수- 배변봉투 지참 및 배변처리 필수",,상시 개방,연중무휴,가능
585585,순긋해변,강원특별자치도 강릉시 해안로 678 (안현동),12,강원특별자치도,37.8161692056567,128.893345010573,https://tong.visitkorea.or.kr/cms/resource/18/3516818_image2_1.jpg,"순긋해변은 경포해변과 가까이 있으며 깨끗한 모래밭, 아늑하고 조용하며 수심이 얕아 가족단위의 피서를 즐기기 좋은 곳이다. 또한 무료주차장과 오토캠프장, 민박,  탈의장, 샤워장, 파라솔 등의 편의시설이 있으며, 특히 해변 운영목표를 바가지 없는 해변 운영으로 정하여 실천하고 있어 방송 매체와 관광객들로부터 많은 주목을 받기도 하였다.",,https://visitgangneung.net,일부구역 동반가능,전 견종 동반 가능,목줄 착용,"- 해수욕장 개장 기간에는 동반이 제한될 수 있음- 맹견의 경우, 입마개 착용 필수- 배변봉투 지참 및 배변처리 필수",,상시 개방,연중무휴,가능
1395618,슬도,울산광역시 동구 방어동 산5-3 (방어동),12,울산광역시,35.4781868,129.4312364,https://tong.visitkorea.or.kr/cms/resource/01/3522901_image2_1.jpg,"방어진항의 끝 어촌 마을 동진포구 바다에 위치한 조그마한 섬으로 섬의 대부분이 사암으로 이루어져 있다. 바위에 촘촘히 나 있는 구멍들은 모래가 굳어진 바위에 조개류 등이 파고 들어가 살면서 생긴 것으로 보이며, 슬도 주변으로 바다의 수심이 낮고 작은 암초들이 산재해 있다. 방어진항으로 들어오는 거센 파도를 막아주는 바위섬으로 갯바람과 파도가 바위에 부딪칠 때 거문고 소리가 난다 하여 슬도[瑟島]라 불린다. 슬도는 바다에서 보면 모양이 시루를 엎어 놓은 것 같다 하여 시루섬 또는 섬 전체가 왕곰보 돌로 덮여 있어 곰보섬이라고도 한다. 슬도에 울려 퍼지는 파도소리를 일컫는 슬도명파[瑟島鳴波]는 방어진 12경 중의 하나다. 방어진 방파제를 따라 걸어서 섬에 갈 수 있고, 1950년대 말에 세워진 무인등대가 홀로 슬도를 지키고 있으며 이곳에는 다양한 어종이 서식하고 있어 낚시객의 발길이 끊이지 않고 있다. 주변에 활어직판장 등 횟집이 있으며 인근의 대왕암공원을 같이 둘러보면 좋다.",,,일부구역 동반가능,전 견종 동반 가능,목줄 착용,"- 맹견의 경우, 입마개 착용 필수- 배변봉투 지참 및 배변처리 필수",,상시 개방,연중무휴,가능
2744494,하남체육공원,경상남도 밀양시 하남읍 수산리 434,12,경상남도,35.3717,128.7124,https://tong.visitkorea.or.kr/cms/resource/72/3519372_image2_1.jpg,"밀양 하남체육공원은 수산리 낙동강변을 따라 조성된 공원이다. 풋살장, 축구장, 체력단련 기구가 마련되어 있어 인근 주민들의 스포츠 명소로 주목받고 있다. 특히 다른 지역과 연결되는 2~3개의 자전거 코스가 있어, 라이더들이 즐겨 찾는다. 강아지와 함께 산책하는 사람들도 쉽게 눈에 띈다. 계절별로 옷을 갈아입는 다양한 꽃들은 이곳을 찾는 이들의 눈을 즐겁게 한다. 작약꽃, 장미꽃, 양귀비, 코스모스, 메밀꽃 등이 바로 그 주인공이다. 또한 8월이면 300m에 이르는 넝쿨 식물 터널에 땅콩 호박, 베레모 호박, 오렌지 국수, 십손이, 이색 칼라스푼 등 다양한 박들을 만나 볼 수 있다.",,,전구역 동반가능,전 견종 동반 가능,목줄 착용,"- 맹견의 경우, 입마개 착용 필수- 배변봉투 지참 및 배변처리 필수",,상시 개방,연중무휴,가능
2710734,하조대,강원특별자치도 양양군 현북면 하광정리,12,강원특별자치도,38.0211,128.7357,https://tong.visitkorea.or.kr/cms/resource/18/3518018_image2_1.jpg,"하조대는 양양 10경 중 하나이다. 135,000㎡에 이르는 암석해안은 짙푸른 동해에 솟은 기암괴석과 바위섬으로 이루어져 있고, 주변 송림과 어우러져 경관이 빼어나다. 데크길을 따라 올라가면 정자가 자리하고 있다. 하조대는 1955년에 건립되었으며, 2009년에 명승 제68호로 지정되었다. 6.25 전쟁으로 불타 소실된 것을 다시 복원한 것이다. 정자 안쪽으로는 하조대 현판이 걸려있다. 조선의 개국공신인 하륜과 조준이 고려 말, 이곳에서 은둔하며 혁명을 도모하여 두 사람의 성을 따 ‘하조대’라는 이름을 지었다고 전해진다. 정자에서 바라보는 풍광은 아름답기로 유명하다. 특히 기암절벽 위 우뚝 솟은 노송은 과거 애국가 방송에 등장해 ‘애국송’이라고도 불린다. 하조대 정자에서 내려와 다시 데크길을 따라가면 새하얀 하조대 등대가 나온다. 이 등대의 이름은 ‘기사문 등대’로 1962년 5월에 최초로 만들어졌으며, 약 20km까지 식별이 가능한 무인 등대이다. 기암절벽과 바위뷰의 웅장함을 만날 수 있는 하조대 둘레길은 전망대와 이어져 있어 어린 아이나 어르신들도 쉽게 걸을 수 있다.",033-672-2346,양양관광 https://tour.yangyang.go.kr/,일부구역 동반가능,전 견종 동반 가능,목줄 착용,"- 해수욕장은 동반 불가(여름철 멍비치 운영은 개별 문의 필요)- 맹견의 경우, 입마개 착용 필수- 배변봉투 지참 및 배변처리 필수",,[하조대]상시 개방[하조대 둘레길]- 하절기 06:00~20:00- 동절기 07:00~18:00※ 기상악화 시 출입통제,연중무휴,가능
127951,하슬라아트월드,강원특별자치도 강릉시 강동면 율곡로 1441,12,강원특별자치도,37.7064767296551,129.010203568499,https://tong.visitkorea.or.kr/cms/resource/77/3349677_image2_1.jpg,"하슬라아트월드는 자연과 사람, 예술이 조화롭게 공존하는 종합예술공간이다. 3만 3천여 평의 조각공원은 ‘성성활엽길’, ‘소나무 정원’, ‘시간의 광장’, ‘바다정원’, ‘하늘전망대’, ‘돌갤러리와 소똥미술관’의 테마로 자연훼손을 최소화하기 위하여 비탈면과 산의 높이를 그대로 이용하여 손으로 직접 만들었으며 자연을 가장 아름답게 볼 수 있는 각도로 길을 내고 예술정원으로 꾸몄다. 하슬라아트월드는 국내외 작가들과 함께 하는 예술 작업 및 공연 전시 축제가 1년 내내 끊이지 않는 특별한 경험과 행복을 주는 공간이다. 실내미술관에는 현대 미술 200여 점이 전시된 ‘현대 미술관’과 유럽 각국에서 수집한 마리오네트와 피노키오 작품들이 전시된 ‘피노키오 & 마리오네트 미술관’이 있다. 하슬라 미술관은 기획전시, 초대전시, 상설전시가 진행 중이며 전시 스케줄에 따라 관람할 수 있다.

◎ 한류의 매력을 만나는 여행 정보 - 드라마  예리가 전 연인과의 추억을 정리하는 장면의 배경이 된 곳이다. CNN이 선정한 ‘강원의 추천 명소’로, 미술품을 감상하고 자연을 배경으로 인생 사진을 찍을 수 있는 인기 관광지다. 예리가 마음을 추슬렀던 야외 전시관에 서서 바다를 바라보면 탁 트인 풍경에 답답했던 마음이 뻥 뚫리는 기분이다.",,https://www.museumhaslla.com/,일부구역 동반가능,전 경종 동반 가능,"목줄 착용,이동장(켄넬)사용","- 실외는 목줄 착용 후 자유롭게 이용 가능 - 실내는 안거나 이동장(켄넬) 사용 후 동반 가능 - 심하게 짖는 반려견의 경우 퇴장 조치 될 수 있음 - 레스토랑, 카페 이용 불가능",,09:00~18:00,연중무휴,가능
756600,삼성산성지,서울특별시 관악구 호암로 454-16,12,서울특별시,37.4569316132452,126.929109932222,https://tong.visitkorea.or.kr/cms/resource/37/3526737_image2_1.JPG,"삼성산 성지는 1839년 기해박해 때 군문효수형으로 순교한 조선 제2대 교구장 성 앵베르 라우렌시오 범 주교, 성 모방 베드로 나 신부, 성 샤스탕 야고보 정 신부의 유해가 안치된 장소이다. 이들은 조선에 입국해 복음 선포와 성사 집전에 헌신했으며, 특히 모방 신부는 김대건, 최양업, 최방제를 신학생으로 선발해 최초의 한국인 사제 양성에 기여했다. 기해박해 당시 세 성직자는 자수 후 새남터에서 순교했고, 유해는 노고산에 임시 매장되었다가 1843년 삼성산으로 이장되었고, 이후 명동성당 성지 묘역으로 다시 옮겨졌다. 세 분은 1925년 시복, 1984년 성 요한 바오로 2세 교황에 의해 시성되었으며, 이를 기념해 1989년 성인의 유해 일부가 다시 삼성산 성지로 옮겨져 안치되었다. 현재는 삼성산 성당의 관할 아래 관리되며 매년 9월 21일 순교일과 부활 제2주일부터 그리스도 왕 대축일까지 주일미사가 봉헌된다.",,https://www.ssssd.or.kr,일부구역 동반가능,전 견종 동반 가능,목줄 착용,"- 묘지 및 제례 장소 인근은 동반이 제한될 수 있음- 맹견의 경우, 입마개 착용 필수- 배변봉투 지참 및 배변처리 필수",,상시 개방,연중무휴,가능
2514658,고소동 천사벽화마을,전라남도 여수시 종화동,12,전라남도,34.7383189238967,127.740569642671,https://tong.visitkorea.or.kr/cms/resource/12/3520812_image2_1.jpg,"고소동 벽화마을은 여수에서 가장 오래된 자연부락으로 언덕에 자리해 바다와 돌산대교, 거북선대교가 한눈에 들어온다. 임진왜란 당시에는 충무공 이순신 장군이 작전을 세우고 명령을 내리던 역사적인 곳이기도 하다. 2012 여수엑스포를 계기로 여수시와 고소동 주민들이 힘을 합쳐 담벼락에 벽화를 채우고 지리적 이점을 활용해 관광명소화 했다.  진남관부터 고소동 언덕을 지나 여수해양공원에 이르는 길이가 1,004m라서 천사벽화골목이라고도 불린다. 골목은 7개 구간으로 나누어 여수엑스포 주제인 ‘해양’에 관련된 이야기를 비롯해 여수지역 역사와 문화, 풍경 그리고 이순신 장군과 수군들에 관한 그림 등을 벽화에 담았다. 전망 쉼터가 있으니 잠시 앉아 숨을 고르기 좋다. 마을 안에 자리한 충무공 대첩비각도 놓칠 수 없는 볼거리이다.  이곳에는 이순신 장군의 전적을 기린 좌수영대첩비(통제이공 수군대첩비·보물)와 장군의 덕을 추모하는 타루비(보물)가 있다. 벽화골목이 끝나는 곳에는 여수해양공원이 있다. 여수 시민이 주말 나들이 장소로 즐겨 찾는 이곳은 밤에 특히 아름답다.",,여수관광문화 https://www.yeosu.go.kr/tour/,전구역 동반가능,전 견종 동반 가능,목줄 착용,"- 맹견의 경우, 입마개 착용 필수- 배변봉투 지참 및 배변처리 필수",,상시 개방,연중무휴,가능
127710,영덕해맞이공원,경상북도 영덕군 영덕읍 창포리,12,경상북도,36.4274,129.4353,https://tong.visitkorea.or.kr/cms/resource/18/3520018_image2_1.jpg,"영덕해맞이공원은 강구면과 축산면의 해안선을 따라 이어지는 64㎞ 해안도로변에 조성한 해안형 자연공원이다. 1997년 화재로 인해 해안변뿐만 아니라 인근 산 전역이 불타버리자 황폐한 전역을 복구하고, 자연 그대로의 공원 조성을 목표로 친환경소재를 이용해 바다접 근이 용이한 것에 주안점을 두어 만들었다.
영덕해맞이공원은 전면의 푸른 바다와 뒷면 넓은 초지, 해송조림지로 열린 공간이 형성되어 있다. 1,500여 개의 나무계단이 파고라와 파고라를, 해안도로와 바다까지를 얼기설기 엮어 멋진 산책로를 이루고 있다. 산책로를 따라 걷는 도중에는 전망테크가 두 군데 설치되어 있으며, 이곳에서는 동해바다를 한눈에 조망하면서 사진을 촬영하기에 좋다. 또한, 공원의 랜드마크인 창포말 등대는 주변 자연경관과 조화롭게 설치되어 있다. 
가장 선명하고 멋진 일출 광경을 볼 수 있다는 매력 때문에 새해에는 물론 평일에도 일출을 보려는 사람들과 여유로운 휴식을 취하기 위해 찾아드는 사람들의 발길이 계속 이어지고 있다.",,영덕 문화관광 http://tour.yd.go.kr,전구역 동반가능,전 견종 동반 가능,목줄 착용,"- 맹견의 경우, 입마개 착용 필수- 배변봉투 지참 및 배변처리 필수",,상시 개방,연중무휴,가능
585542,하평해변(강릉),강원특별자치도 강릉시 사천면 진리해변길 155,12,강원특별자치도,37.846,128.8701,,"사천면 하평리에 있으며 길이 200m, 4,000㎡의 백사장이 있다. 하평은 초당 허엽의 차남 허봉이 이곳에 살았다고 하여 그의 호를 따서 하평동이라 했다. 뒷불해변과 이어지는 하얀 모래밭과 뒤로는 해송 숲이 넓게 펼쳐져 있는 곳으로 조용하고 깨끗하여 가족단위로 많이 찾고 있다. 해변 앞에는 해다리바위(물개,海狗)가 있는데 옛날에 물개들이 이 바위에서 많이 살았다고 하여 붙여진 이름이며 그 울음소리가 민가에까지 들렸다고 한다. 민박을 이용할 수 있고 횟집들이 많아 싱싱한 회를 맛볼 수 있다.",,강릉문화관광 https://www.gn.go.kr/tour/,일부구역 동반가능,전 견종 동반 가능,목줄 착용,"- 해수욕장 개장 기간에는 동반이 제한될 수 있음- 맹견의 경우, 입마개 착용 필수- 배변봉투 지참 및 배변처리 필수",,상시 개방,연중무휴,가능
1625166,주문진항,강원특별자치도 강릉시 주문진읍 해안로 1758-22,12,강원특별자치도,37.8875872848439,128.829873624106,https://tong.visitkorea.or.kr/cms/resource/68/2921868_image2_1.jpg,"주문진항은 주로 화물선이 주로 입출항하고 있으며 동해안의 주요 어항 기지, 약 350여 척의 어선이 드나들며 난류와 한류가 만나는 동해의 특성상 오징어, 양미리, 명태, 청어, 멸치 등이 많이 잡힌다. 배에서 갓 내려놓은 횟감이 무척 싱싱하며 관광객의 구미를 당기기에 충분하다. 저렴한 가격으로 많은 회를 즐길 수 있다. 또한, 주문진시장은 주문진항을 끼고 1936년부터 형성된 재래시장으로 종합시장, 건어물시장, 회 센터 등을 포함한 다양한 형태의 상가와 연계되어 있는 동해안 최대 규모의 어시장이자 국내, 관광객이 많이 찾고 있는 전통시장이다.",,http://jumunjinport.co.kr,일부구역 동반가능,전 견종 동반 가능,목줄 착용,"- 맹견의 경우, 입마개 착용 필수- 배변봉투 지참 및 배변처리 필수",,상시 개방,연중무휴,가능
2588752,강릉 월화거리,강원특별자치도 강릉시 금성로11번길 9,12,강원특별자치도,37.755846288051,128.897418452855,https://tong.visitkorea.or.kr/cms/resource/49/2921849_image2_1.jpg,"춘향전의 모티브이기도 한 이 ‘남대천 월화정 설화’는 ‘월화거리’로 재탄생되어 천년전 설화가 아닌 오늘을 살아가는 모든 사람들의 사랑 이야기로 다시 채워지고 있다. 사랑의 성지(聖地)로 다시 태어난 월화거리! 월화거리는 지금, 사랑이다. 남대천 월화정 설화는 남녀 간의 애틋한 사랑이야기로, 신라 시대 강릉 김씨의 시조가 된 명주군왕 김주원의 부모인 ‘무월랑’과 ‘연화 부인’이 그 주인공이다. 신라 진평왕시절 경주에서 강릉(옛지명·명주)으로 부임한 무월랑은 지방 토호의 딸인 연화를 우연히 만나 사랑에 빠지게 된다. 그러나 조정의 명으로 다시 경주로 떠난 후 무월랑은 연화를 잊게 되고, 부모님의 성화에 다른 이와 혼례를 치러야 하는 연화는 자주 가던 연못의 잉어에게 편지를 부탁하고 바다로 보낸다. 한 편, 어머니의 병환 때문에 장에 들렸던 무월랑은 잉어 한 마리를 사오게 되고, 잉어의 배를 가르니 편지가 나오는데 바로 연화의 편지였다. 무월랑은 급히 다시 강릉을 찾게 되고, 이 일이 사람의 힘이 아닌 정성에 하늘이 감동된 일임을 인정한 양쪽 부모에게 허락을 얻어 드디어 부부의 연을 맺게 된다.

(출처 : 디지털강릉문화대전)",,비짓강릉 https://visitgangneung.net/,일부구역 동반가능,전 견종 동반 가능,목줄 착용,"- 맹견의 경우, 입마개 착용 필수- 배변봉투 지참 및 배변처리 필수",,상시 개방,연중무휴,
129268,영진항,강원특별자치도 강릉시 연곡면 영진리 2-3,12,강원특별자치도,37.8678206084197,128.848369678782,https://tong.visitkorea.or.kr/cms/resource/49/2494949_image2_1.jpg,"영진마을은 연어가 회귀하고 향좋은 은어가 많이 잡히는 연곡천 하류 북쪽에 있는 곳으로 바다를 거느린다는 뜻이라고도 한다.  풍어제는 3년에 한 번씩 지내는데 음력 4월중 어느 날을 택한다. 소금강과 진고개 준령에서 흐르는 하천이 바다와 닿는 곳이 영진리다. 하천 건너편에 연곡해수욕장이 있고 항구 바로 옆에 영진해수욕장이 있어 피서철에 외지 피서객이 많이 찾고 있다.
60여 가구 어민이 35척의 어선으로 2월부터 10월 사이에 가자미와 조개를 많이 잡는다. 인근에 위치해 있는 항구로는 주문진항이 육상으로 2~5㎞, 해상으로 2㎞ 정도  떨어져 있고 항구서쪽 1㎞ 야산에는 선사시대의 고분군이 발굴 되어 문화재로 지정되어 가족들의 역사 탐방에도 좋은 장소가 되고 있다.",,비짓강릉 https://visitgangneung.net,일부구역 동반가능,전 견종 동반 가능,목줄 착용,"- 맹견의 경우, 입마개 착용 필수- 배변봉투 지참 및 배변처리 필수",,상시 개방,,가능
128721,모래시계공원,강원특별자치도 강릉시 강동면 헌화로 990-1,12,강원특별자치도,37.6871129519201,129.037520988868,https://tong.visitkorea.or.kr/cms/resource/99/2921799_image2_1.jpg,"모래시계공원은 동해 바다와 산, 정동진 2리 마을을 배경으로 아담하게 꾸며져 있다. 한가운데에는 모래시계가 있고, 그 주위에는 소나무가 있다. 그리고 바다 쪽으로는 벤치가 자리 잡고 있다. 모래시계공원 바로 앞은 정동진해수욕장과 이어져 있다. 
정동진 모래시계공원은 1999년 강릉시와 삼성전자가 새로운 천년을 기념하기 위해 총사업비 12억 8천만 원을 들여 조성했다. 공원 내 모래시계는 크기와 무게가 세계 최대이며, 시계 속에 있는 모래가 모두 아래로 떨어지는 데 걸리는 시간은 꼭 1년이 걸린다. 그러면 다음 해 1월 1일 0시에 반바퀴 돌려 위아래를 바꿔 새롭게 시작하게 된다. 정동진 모래시계는 허리가 잘록한 호리병박 모양의 유리그릇이 아니고 둥근 모양인 것은 시간의 무한성을 상징하기 위함이다. 또 둥근 것은 동해바다에서 떠오르는 태양을 상징하고, 평행선의 기차 레일은 영원한 시간의 흐름을 의미한다. 모래시계를 세운 정동진은 서울 광화문 앞에 있는 도로원표석을 기점으로 정동 쪽에 있는 고을이다. 그래서 하지 때는 한반도 제일 동쪽으로 해가 뜨는 고을이다.",,http://opentour.gtdc.or.kr,일부구역 동반가능,전 견종 동반 가능,목줄 착용,"- 맹견의 경우, 입마개 착용 필수- 배변봉투 지참 및 배변처리 필수",,상시 개방,연중무휴,가능
127722,안목해변,강원특별자치도 강릉시 창해로14번길 20-1,12,강원특별자치도,37.7725952413582,128.947321445483,,"강원 강릉시 견소동에 위치한 길이 500m, 2만㎡의 백사장이 있는 안목해변은 가족단위 피서객이 즐기기 적합한 곳이다. 해변 바로 옆에 안목항이 있어 봄에는 미역, 여름에는 가자미, 넙치(광어), 오징어, 문어, 민들조개(째복), 가을과 겨울에는 도루묵, 명태, 우럭 등을 23척의 어선들이 잡아 오전 9시 귀항한다. 피서철이 끝나는 8월 말 경에는 고등어가 멸치를 잡아먹기 위해 쫓는데, 바닷가로 밀려 나오는 멸치 떼를 바가지, 반두 등으로 떠내는 일이 종종 있는 곳이다. 또한 이곳은 커피를 즐길 수 있는 커피거리가 있어 바다뷰와 함께 커피를 즐길 수 있는 해변으로 유명하다.",,비짓강릉 https://www.gn.go.kr/tour,일부구역 동반가능,전 견종 동반 가능,"입마개 착용,목줄 착용,기타","- 해수욕장 개장시 제한될수있음- 바다 입수 불가능(펫비치내 해변가 산책만 가능)- 앉은키 1m 이상의 대형견 입장 제한 - 맹견의 경우, 입마개 착용 필수- 배변봉투 지참 및 배변처리 필수",샤워장,상시 개방,연중무휴,가능
585522,강문해변,강원특별자치도 강릉시 창해로 352,12,강원특별자치도,37.7947975418039,128.91901514704,https://tong.visitkorea.or.kr/cms/resource/85/2921985_image2_1.jpg,"강문해변은 강문동에 자리 잡고 있으며 주변에 작은 포구인 강문항이 있어 근처 횟집에서 새벽에 잡은 싱싱한 생선회를 맛볼 수 있다. 깨끗이 정비된 숙박시설과 경포지구가 근접해 있다. 강문해변에서는 보트로 5∼10분 걸리는 곳에 정박을 하여 수심 5∼30m의 바닷속에 방대하게 펼쳐진 자연짬(바위), 말미잘, 대형 어류 등 뛰어난 수중경관을 감상할 수 있어 스킨스쿠버 동호인들이 많이 찾고 있으며 특히 추억을 남기고 싶은 신혼부부를 위한 수중 다이빙도 하고 있다. 또한 강문항이 있어 16척의 어선이 가자미, 노래미, 문어, 민들조개(째복), 성게, 멍게, 해삼 등을 수시로 잡고 봄에는 넙치, 광어, 대복 조개, 여름과 가을에는 삼치, 겨울에는 우럭 등을 잡고 있다. 낚시 애호가들은 항구에서 황어와 노래미(놀래기) 등을 낚기도 한다.

◎ 한류의 매력을 만나는 여행 정보 - 드라마 
성준이 혜진과 바다를 보며 화보 촬영 아이디어를 떠올린 곳이다. 두 사람은 이곳에서 서로의 속마음을 드러내며 낭만적 기류를 형성하기도 했다. 동해를 배경으로 인생 사진을 찍을 수 있는 포토존이 많아 연인들의 데이트 코스로도 인기다.",,강문해수욕장 http://gangmunbeach.co.kr/비짓강릉 https://www.gn.go.kr/tour/,일부구역 동반가능,전 견종 동반 가능,"입마개 착용,목줄 착용,기타","- 맹견의 경우, 입마개 착용 필수- 배변봉투 지참 및 배변처리 필수",,상시 개방,,가능
2414791,강릉커피거리,강원특별자치도 강릉시 창해로14번길 20-1,12,강원특별자치도,37.7725952413582,128.947321445483,https://tong.visitkorea.or.kr/cms/resource/93/3557693_image2_1.jpg,안목 카페거리는 1980년대 초부터 커피 명소로 명성을 얻어왔다. 1990년대 들어서면서부터 국내 최고의 커피 명장들이 하나둘씩 모여들어 자신만의 손맛을 낸 원두를 볶아내는 커피숍이 늘어나면서 전국 커피 마니아들의 눈과 입을 사로잡기 시작하였다. 최근 커피 도시로 급부상한 강릉지역의 커피숍이 횟집 수에 근접하는 등 강릉이 우리나라를 대표하는 커피 도시로 성장하고 있다. 다양한 개성이 담긴 커피와 디저트를 맛볼 수 있으며 매년 커피 축제도 개최하고 있어 즐길거리도 더해졌다.,,비짓강릉 https://visitgangneung.net/pub,일부구역 동반가능,전 견종 동반 가능,,"- 맹견의 경우, 입마개 착용 필수- 배변봉투 지참 및 배변처리 필수",,상시 개방,연중무휴,가능
126745,국립검마산자연휴양림,경상북도 영양군 수비면 한티로 1050,12,경상북도,36.7620547345398,129.25535013202,https://tong.visitkorea.or.kr/cms/resource/93/3526493_image2_1.jpg,"검마산자연휴양림은 소나무 숲이 아름다워 미림 보존 단지로 지정될 만큼 수려한 자연경관을 자랑하고 있다. 휴양림 주변으로 조성된 아름다운 산책로와 정갈함을 자랑하는 산림문화휴양관에서의 휴식은 도심에서의 모든 피로를 녹여준다. 반려견동반이 가능한 휴양림으로 운영하고 있어 많은 반려가족들이 방문하고 있다. 숲에서의 자유로운 여행은 도심에서 갇혀 지내왔던 반려견들의 스트레스를 한방에 날려버릴 것이다. 휴양림에서 운영하는 숲속도서관에는 남녀노소 누구나 즐길 수 있는 유익한 도서로 가득하다. 피톤치드향이 가득한 산림욕장에서 즐기는 독서는 피로에 지친 몸과 마음을 정화하기 위한 최고의 위안이 될 것이다. 또한, 계절마다 옷을 바꿔 입는 아름다운 산책로는 보는 이들로 하여금 탄성을 자아낸다. 일대는 아름다운 밤하늘을 보유하고 있어 아시아 최초로 ‘국제밤하늘보호공원’으로 지정되었다. 인근 반딧불이생태공원과 반딧불이천문대에서는 한 여름밤 아름다운 반딧불이의 향연과 신비로운 밤하늘을 감상할 수 있다. 8월 말~9월 초에 ‘별빛 반딧불이 축제’가 열린다.",,https://www.foresttrip.go.kr,일부구역 동반가능,맹견 제외 15kg 이하 예방 접종 완료한 전 견종 동반 가능,"목줄 착용,매너벨트 착용",배변봉투 지참 및 배변처리 필수,"펜스,운동장",[일일개장] 09:00~18:00[숙박시설]- 입실 15:00- 퇴실 11:00,매주 화요일,가능
2727741,안인항,강원특별자치도 강릉시 강동면 안인진길 47,12,강원특별자치도,37.73610852067517,128.98870338211896,https://tong.visitkorea.or.kr/cms/resource/46/2921846_image2_1.jpg,"안인은 조선시대 관청의 일을 하던 강릉시내 칠사당을 중심으로 동쪽에 위치하고 있다. 여기서 ‘안’은 편안함을, ‘인’은 방위상 동쪽을 의미하여 안인은 강릉 동쪽의 편안한 곳이란 뜻이다. 안인에는 85가구정도가 어업에 종사하고 있고 약 42척의 어선이 있다. 주로 어업 시기는 10월부터 이듬해 2월 사이 기간이며 주로 가자미와 넙치가 많이 잡히고 있다. 군선강과 바닷물이 합쳐지는 곳이라 숭어가 많이 올라와 지역 낚시 애호가들이 많이 찾으며 매년 3월 3일과 9월 9일에는 풍어제를 지낸다. 그 외에 전복과 해조류가 많으며 넙치와 전복의 경우 양식업도 활발하다. 주요 어장인 연안어장의 해상거리는 1~5㎞정도이다.",,,일부구역 동반가능,전 견종 동반 가능,목줄 착용,"- 해수욕장 개장 기간에는 동반이 제한될 수 있음- 맹견의 경우, 입마개 착용 필수- 배변봉투 지참 및 배변처리 필수",,상시 개방,연중무휴,가능
125841,무창포해수욕장,충청남도 보령시 웅천읍 열린바다1길 10,12,충청남도,36.2444881783269,126.53653373179,https://tong.visitkorea.or.kr/cms/resource/13/3513913_image2_1.jpg,"무창포해수욕장은 1928년 서해안에서 최초로 개장된 해수욕장이다. 백사장 길이 1.5㎞ 수심 1~2m, 백사장 50m, 수온 섭씨 22도, 경사도 4도의 해수욕장으로 주변에는 송림이 울창하여 해수욕과 산림욕을 함께 즐길 수 있는 곳이다. 기암괴석, 해송의 수려한 자연경관으로 운치를 더하는 무창포 해수욕장은 주변의 바다낚시와 풍부한 지하수 등으로 해마다 많은 관광객들이 방문한다. 
특히 이곳은 매월 음력 보름날과 그믐날을 전후하여 2~3회 해변에서부터 석대도까지 1.5㎞의 바닷길이 열리는데, 이것을 ‘모세의 기적’이라고 한다. 무창포 신비의 바닷길이 열리는 현상은 바다 물 갈림 현상으로 썰물 상태에서 바닷물이 드러나는 것이며, 바닷길이 열리면 이 길을 따라 게, 조개 등을 잡는 재미가 쏠쏠하다. 무창포 입구에서 50m 떨어진 언덕 위에 위치한 무창포 전망대에 오르면 신비의 바닷길이 열리는 장관을 한눈에 바라볼 수 있다. 
물 갈라짐 현상을 모티브로 매년 음력 보름과 그믐에 열리는 바닷길에 맞추어 신비의 바닷길 축제도 열리는데, 연예인들의 축하공연, 햇불어업체험, 신비의 바닷길 햇불 대행진 등 다양한 볼거리와  맨손 고기잡이 체험, 독살어업생태체험, 바지락 잡기 체험, 맛살 잡기 체험 등 다양한 체험거리를 즐길 수 있다.",,http://www.moochangpo.com/,일부구역 동반가능,전 견종 동반 가능,목줄 착용,"- 해수욕장은 자유롭게 이동 가능하나, 입수는 불가- 맹견의 경우, 입마개 착용 필수- 배변봉투 지참 및 배변처리 필수",,상시 개방,연중무휴,가능
2524187,양림역사문화마을,광주광역시 남구 천변좌로446번길 7 (양림동),12,광주광역시,35.14008614102101,126.91699121578604,https://tong.visitkorea.or.kr/cms/resource/71/3516471_image2_1.jpg,"100여 년 전 광주 최초로 서양 근대 문물을 받아들인 통로이자 희생과 나눔의 공동체 역사를 가지고 있는 광주역사의 시작점이며, 문화자원 중심지가 조성되어 있다. 양림동에서는 근대문화유산을 탐방할 수 있다. 양림역사문화마을은 서양식 근대 건축물과 한옥이 어우러진 역사와 문화의 공간이다. 광주의 의료와 교육을 발전시킨 우일선 선교사의 사택, 조선 상류층 가옥의 풍채가 전 해지는 이장우 가옥, 민주화의 어머니이자 어려운 이웃들을 위해 헌신하신 조아라 여사를 기리는 조 아라기념관, 농촌을 살리기 위해 애쓴 농촌지도자 어비슨의 기념관, 선교사로 광주에서 활동하다 순 교한 오웬을 기리는 오웬기념각, 정율성 업적과 음악을 감상할 수 있는 정율성 거리, 주민들과 예술 가들이 폐품을 모아 예술작품으로 꾸며낸 펭귄마을 등 근대와 현대의 다양한 매력이 공존한다.",,https://visityangnim.kr/,일부구역 동반가능,전 견종 동반 가능,목줄 착용,"- 실내 시설은 정책이 상이하므로 개별 문의 필요- 맹견의 경우, 입마개 착용 필수- 배변봉투 지참 및 배변처리 필수",,상시 개방,연중무휴,가능
128728,영진해변,강원특별자치도 강릉시 연곡면 영진리 357-155,12,강원특별자치도,37.8695,128.8449,https://tong.visitkorea.or.kr/cms/resource/10/3422710_image2_1.png,"영진 해수욕장은 조용하고 깨끗하여 가족 단위로 피서를 즐기기에 가장 좋은 곳으로서 바다 냄새가 물씬 풍기는 조그마한 어촌 마을이다. 완만한 항구 바로 옆에 있어 피서철에 외지 피서객이 많이 방문한다. 60여 가구 어민이 35척의 어선으로 2월부터 10월 사이에 가자미와 조개를 많이 잡는다. 영진항은 좋은 물고기들이 많이 잡히는 곳으로 유명해 배낚시를 즐기는 동호인들을 많이 볼 수 있다. 삼 년에 한 번씩 지내는 풍어제는 관광객들에게 색다른 경험이 될 수 있다.

◎ 한류의 매력을 만나는 여행 정보 - 드라마 
은탁이 홀로 열아홉 생일을 자축하며 케이크 촛불을 끄다가 운명처럼 김신을 만난 장소다. 김신은 생일을 맞은 은탁에게 들고 있던 메밀꽃을 건넸고, 꽃말이 ‘연인’임을 알려 두 사람의 미래를 짐작게 했다. 두 사람이 서 있던 방파제는 지금도 도깨비 커플을 추억하며 사진을 찍는 사람들로 붐빈다.",,영진해수욕장 http://yeongjinbeach.co.kr/,일부구역 동반가능,전 견종 동반 가능,"목줄 착용,기타","- 해수욕장 개장 기간에는 동반이 제한될 수 있음- 맹견의 경우, 입마개 착용 필수- 배변봉투 지참 및 배변처리 필수",,상시 개방,,불가능
2774854,옥포중앙공원,경상남도 거제시 옥포동 산71-21 (옥포동),12,경상남도,34.8943177789001,128.702006290478,https://tong.visitkorea.or.kr/cms/resource/23/3519523_image2_1.jpg,"경남 거제시 옥포공원은 2006년 도로 선형 개량공사에서 발생한 10,349㎡ 규모의 잔여부지에 조경수를 식재하고 정자와 체육시설을 설치하여 대한민국 조경 대상 평가에서 특별상을 수상한 이력이 있는 아름다운 공원이다. 거제 앞바다의 자연경관 선을 살린 이 공원은 현재 거제도 주민들의 체력단련과 휴식공간으로 자리매김하고 있다. 특히 옥포공원에서 출발하는 옥포대첩로에는 벚꽃, 꽃치자, 조팝나무 등 봄부터 여름까지 다양한 꽃길로 멋진 풍경을 자아낸다. 최근 우리 동네 소확행이라는 주제로 여러 곳에 만들어진 꽃밭은 어려운 시기지만 화사한 꽃으로 시민과 관광객들이 작은 행복을 느끼도록 조성하였다.",,,전구역 동반가능,전 견종 동반 가능,목줄 착용,"- 맹견의 경우, 입마개 착용 필수- 배변봉투 지참 및 배변처리 필수",,상시 개방,연중무휴,가능
125699,주문진해변,강원특별자치도 강릉시 주문진읍 주문북로 210 (주문진읍),12,강원특별자치도,37.9105787154618,128.818821192809,,"주문진 해변은 주문진읍 향호리에 위치하고 길이 700m,  면적 9,608㎡의 넓은 백사장과 수심이 얕고 바닷물이 맑아 가족 단위 피서지에 적합한 곳이다. 하얀 모래밭이 흰 속살을 드러내고 파도가 연안에서 흰 거품을 드리우면 무더위를 잊게 한다. 울창한 해송은, 피서객들에게 그늘을 만들어 주고 포근한 분위기를 주어 밤새 이야기꽃을 피워 낭만과 젊음을 발산하게 한다. 또한 솔밭 안에 있는 체육공원은 피서를 즐기면서 체력도 단련할 수 있으며, 주변에는 가족호텔과 깨끗이 정비된 민박집과 6,600㎡의 소나무 숲에 하루 440곳의 텐트를 설치할 수 있는 야영장이 있다. 바로 옆에는 향호 저수지가 있어 담수어 낚시도 가능하며 멀지 않은 곳에 주문진항, 우암진항, 오리진항 등 항구가 많아 신선한 해물을 저렴한 가격에 즐길 수 있다. 봄철에는 꽁치, 여름에는 오징어가, 가을, 겨울에는 복어와 양미리 등이 많이 잡혀 제철에 가면 저렴한 가격으로 구입할 수 있다. 또 바다를 끼고 횟집과 회센터들이 밀집해 있어 즉석에서 횟감을 맛볼 수 있다.",,https://www.gn.go.kr/tour/index.dohttp://jumunjin-beach.co.kr,일부구역 동반가능,전 견종 동반 가능,"목줄 착용,기타","- 해수욕장 개장 기간에는 동반이 제한될 수 있음- 맹견의 경우, 입마개 착용 필수- 배변봉투 지참 및 배변처리 필수",,상시 개방,연중무휴,가능
3542992,BTS 버스정류장,강원특별자치도 강릉시 주문진읍 주문북로 222-30,12,강원특별자치도,37.911392026850415,128.81785576346607,,"방탄소년단 앨범 재킷 사진에 등장해 알려진 바닷가 버스정류장은 K-POP 가수로는 최초로 미국 빌보드 음반 차트 1위를 기록한 방탄소년단의 촬영지로 주목받은 장소이다. 당시 촬영을 위해 임시로 설치되었다가 철거된 후, 관광객과 팬들을 위해 동일한 형태로 복원되었다. 현재는 ‘방탄소년단 버스정류장’으로 불리며, 주문진 해변을 상징하는 명소로 자리하고 있다.",,,전구역 동반가능,,,,,,연중무휴,"가능, 장애인 주차장 대수: 5대"
129552,아차산,서울특별시 광진구 긴고랑로 213 (중곡동),12,서울특별시,37.56241075977809,127.09568004717318,https://tong.visitkorea.or.kr/cms/resource/37/3499237_image2_1.jpg,"서울과 구리시에 걸쳐 있는 아차산은 한강과 도시 풍경이 어우러진 전망 명소다. 약 40분 정도 등산로를 따라 오르면 정상에 닿는데, 이곳에서는 잠실부터 남산, 북한산, 도봉산까지 이어지는 서울의 풍경이 360도 파노라마처럼 펼쳐진다.
해발 295.7m의 비교적 낮은 산으로 산세가 험하지 않아 가볍게 오르기 좋다. 덕분에 구리와 인근 지역 시민들이 산책이나 가벼운 산행을 즐기기 위해 자주 찾는 곳이기도 하다.
아차산은 풍경뿐 아니라 역사적인 의미도 깊다. 삼국시대에는 백제가 한강 유역에 도읍을 두면서 이곳을 중요한 군사 거점으로 삼았다. 우뚝 솟은 지형을 활용해 흙과 돌로 산성을 축조하고, 한강 북쪽에서 남하하는 고구려를 막기 위한 방어 거점으로 활용했다.
특히 한강 남쪽의 풍납동 토성과 함께 한강 방어의 핵심 요충지로, 백제·신라·고구려가 한강을 두고 치열한 공방전을 벌였던 곳으로 알려져 있다. 이곳은 역사 기록에 따라 아단성(阿旦城), 아차성(阿且城), 장하성, 광장성 등 여러 이름으로도 불렸던 것으로 전해진다.
조선 시대에는 지금의 봉화산과 망우리공동묘지 일대, 용마봉까지 포함한 넓은 지역이 모두 아차산으로 불렸던 것으로 추정된다.",,https://www.gwangjin.go.kr,전구역 동반가능,전 견종 동반 가능,목줄 착용,"- 맹견의 경우, 입마개 착용 필수- 배변봉투 지참 및 배변처리 필수",,상시 개방,연중무휴,가능
3543287,신사임당사친시비,강원특별자치도 강릉시 성산면 삼포암길 133,12,강원특별자치도,37.71485534800313,128.79051549291611,,"신사임당사친시비는 1980년대 초, ‘겨레의 어머니’로 불리는 신사임당을 기리기 위해 세워진 기념비이다. 전해지는 바에 따르면 신사임당이 강릉 친정에서 서울로 향하던 중 대관령 중턱에 이르러 친정에 홀로 계신 어머니를 그리며 시를 지은 자리로 알려져 있다. 비석에는 당시의 정서를 담은 시가 새겨져 있으며, 신사임당의 효성과 모정을 상징하는 장소로 보존되고 있다.",,,전구역 동반가능,,,,,,연중무휴,가능
2721544,강문솟대다리,강원특별자치도 강릉시 해안로406번길 2 (강문동),12,강원특별자치도,37.798,128.9165,,"강릉의 강문 해변에 있는 강문솟대다리를 기준으로 강문 해변과 경포 해변으로 나누어진다. 솟대는 마을의 풍년을 기원하기 위해 볍씨는 주머니를 넣어 장대를 높이 달아맨 것에서 유래 되었으며 풍년을 기원하는 제를 올리기도 하고 민간신앙의 상징물로 장대 끝에 새를 나무로 깎아서 달기도 했던 장대를 말하기도 한다. 강릉에서는 이 솟대를 진또배기라고 불렀으며, 강문에서는 음력 정월 보름, 4월 보름, 8월 보름 세 번에 걸쳐 서낭제를 진행하고 있다.",,비짓강릉 https://www.gn.go.kr/tour/index.do,일부구역 동반가능,전 견종 동반 가능,"입마개 착용,목줄 착용,기타","- 맹견의 경우, 입마개 착용 필수- 배변봉투 지참 및 배변처리 필수",,상시 개방,연중무휴,가능
264517,영종도 마시안해변,인천광역시 중구 마시란로 118 (덕교동),12,인천광역시,37.4317,126.4163,https://tong.visitkorea.or.kr/cms/resource/77/3518377_image2_1.jpg,"마시안해변은 긴 해변길을 자랑하는 곳이다. 긴 해변의 모래사장과 소나무의 조화가 아름다워 용유팔경 중 제 4경 명사십리에 꼽힌다. 해변 주변으로 잠진도, 무의도, 실미도 등의 섬들이 많아 해변을 산책하며 주변 경관을 즐길 수 있다. 해변 모양이 마치 말안장처럼 생겼다고 하여 말안장의 옛말인 ‘마시안’이라고 불리었는데 공식 명칭은 ‘마시란’이다. 이곳은 물이 들어왔을 때는 모래사장이고, 물이 빠질 때는 드넓은 갯벌이 펼쳐지는데,  해수욕을 즐긴 뒤에 갯벌 체험도 할 수 있는 두 가지 매력의 해변이다. 마시안해변의 갯벌은 끝이 보이지 않을 정도로 광활하게 펼쳐지는 것으로 유명하며 땅이 비옥하고 갯벌생태계가 잘 조성되어 있어 많은 바다생물이 서식하고 있다. 마시안해변을 따라 하나, 둘 대형 카페가 들어서면서 카페거리가 조성되고 있는데, 카페마다 특색 있는 인테리어, 맛있는 음료와 베이커리 메뉴로 손님들이 많다. 해 질 무렵 전망 좋은 카페에서 커피와 함께 아름다운 노을을 감상하기 좋다.",,,일부구역 동반가능,전 견종 동반 가능,목줄 착용,"- 외부 세면장 이용 시 비용 발생 - 내부 세면장은 동반 불가 - 맹견의 경우, 입마개 착용 필수- 배변봉투 지참 및 배변처리 필수",,상시 개방,연중무휴,가능
127866,대천해수욕장,충청남도 보령시 머드로 123,12,충청남도,36.3103,126.5136,https://tong.visitkorea.or.kr/cms/resource/66/3513866_image2_1.jpg,"충남 보령시 해수욕장 4길 일원은 대천해수욕장이다. 이미 1930년대부터 외국인을 위한 휴양단지로 자리 잡은 서해안 최대의 해변이다. 백사장 길이만 3.5㎞에 폭이 100m에 달한다. 경사가 완만하고 모래가 깨끗하다. 특히 다보도와 어우러지는 노을이 아름답다. 대천해수욕장은 크게 노을광장, 머드광장 구역으로 나뉘는데 피서철에는 각기 다른 즐길거리가 펼쳐진다. 해마다 열리는 보령머드축제는 국내를 넘어 세계인의 관심을 끌고 있다. 머드검문소, 머드디스코텍 등 보령의 머드를 테마로 다채로운 행사가 펼쳐진다. 해수욕장 끝자락에는 보령머드체험관이 있다. 머드사우나와 머드온돌방, 머드셀프팩과 머드마사지 등이 가능하다. 대천해수욕장에서는 해수욕 외에도 즐길 거리가 많다. 대천 집트렉은 바다로 돌진하는 듯한 오싹한 설렘을 선사한다. 스카이 바이크는 대천해수욕장과 대천항을 오가는 전국 최초의 해상 레일 바이크다. 수면에서 8~15m 높이에 선로를 달아 바닷길을 달리게 했다. 40분간 2.3㎞를 왕복 운행하는데 가능하면 바닷물이 차 있는 만조 시 탑승하기를 추천한다.",041-933-7051,http://daecheonbeach.kr/,일부구역 동반가능,맹견 제외 전 견종 동반 가능,목줄 착용,"-- 해변산책 상시가능, 입수는 불가- 펫비치는 안내소에서 등록해야 동반 가능- 펫비치 구역 내에서만 해수욕 가능  (견주 구명조끼 착용 필수)- 배변봉투 지참 및 배변처리 필수",,상시 개방,연중무휴,가능
126532,올림픽공원,서울특별시 송파구 올림픽로 424 (방이동),12,서울특별시,37.520555375396896,127.11505157122546,https://tong.visitkorea.or.kr/cms/resource/59/3527359_image2_1.jpg,"88서울올림픽의 숨결이 살아 있는 올림픽공원은 88서울올림픽의 정신과 가치를 계승 발전시키고 있는 국민체육진흥공단에서 운영·관리하는 시민들의 체육, 문화, 여가의 공간이다. 지난 1984년 86아시안게임과 88서울올림픽대회 개최를 위해 1986년 완공되었다. 공원 중심부에 몽촌토성이 복원되었고, 이를 중심으로 6개의 경기장이 반원형으로 배치되어 있어 서울올림픽의 감동과 한성백제의 숨결이 살아 숨 쉬는 도심 속의 공원으로 조성되었다. 
곳곳에 산재해 있는 올림픽기념 조형물과 야외 조각작품들, 고대 백제의 유적지인 몽촌토성을 중심으로 드넓은 잔디와 몽촌해자, 그리고 쾌적한 자연환경 속에 잘 정돈된 평화의 광장을 비롯한 크고 작은 야외광장 등이 조성되어 있다. 또한, 다양한 공연과 행사가 열리는 KSPO DOME(올림픽체조경기장), 티켓링크 라이브 아레나(핸드볼경기장), 올림픽홀, 우리금융아트홀, 뮤즈라이브 등 문화공간을 갖추고 있다. 특히, 43만 평의 넓은 공간에 자연녹지와 올림픽시설물들이 잘 조화를 이루고 있어 지하철 등 대중교통을 이용하기에 매우 편리한 도심 속에 자리하고 있다. 각종 경기, 대형 콘서트, 이벤트뿐만 아니라 수려한 경관을 배경으로 CF, 영화등 야외촬영 장소로도 활용되고 있다.",,https://www.ksponco.or.kr/olympicpark,일부구역 동반가능,전 견종 동반 가능,목줄 착용,"- 실내 시설은 동반이 제한될 수 있음- 맹견의 경우, 입마개 착용 필수- 배변봉투 지참 및 배변처리 필수",,- 도보 및 자전거 출입 05:00~22:00 (광장지역 24:00)- 차량출입 06:00~22:00※ 시설물 안전과 방문객의 신변보호를 위해 22시 이후에는 공원 안쪽으로 출입금지※ 심야 행사 시에는 출입문 개방 조정,연중무휴,가능
2654607,하늘공원,서울특별시 마포구 하늘공원로 95,12,서울특별시,37.5690977266628,126.886344255597,,"하늘공원은 월드컵공원 내에 속해 있는 공원으로, 평화공원, 난지천공원, 난지한강공원, 노을공원과 함께 월드컵 경기장 주변의 5대 공원을 이룬다. 생태환경을 복원할 목적으로 조성되었으며, 자연에너지를 사용하여 자체 시설을 운영하고 있다. 억새식재지, 혼생초지, 암석원, 해바라기 식재지, 전망휴게소, 풍력발전기 등으로 구성되어 있다. 월드컵공원 중 하늘과 가장 가까운 곳에 있으며, 쓰레기 매립지의 척박한 땅에서 자연으로 복원되는 변화를 보여주는 공원이다. 가을의 은빛 억새꽃이 장관을 이루며 북한산, 한강 등 서울의 풍경을 한눈에 볼 수 있다. 또한 노을과 야경이 아름답기로 알려진 명소이기도 하다.",,http://parks.seoul.go.k,전구역 동반가능,전 견종 동반 가능,목줄 착용,"- 맹견의 경우, 입마개 착용 필수- 배변봉투 지참 및 배변처리 필수",,05:00~20:30,연중무휴,가능
128440,남사예담촌,경상남도 산청군 단성면 지리산대로2897번길 10,12,경상남도,35.2741535651158,127.936456701351,https://tong.visitkorea.or.kr/cms/resource/44/3524844_image2_1.jpg,"흙돌담길에 기와 한옥이 고즈넉하게 자리 잡은 남사예담촌은 선비의 기풍이 남아 있는 옛 마을이다. 선비의 상징인 회화나무가 골목을 빛내고 700년 된 매화나무와 600년 된 감나무가 꽃피우고 열매 맺는 이 마을은 고향의 느낌을 주고 있다. 남사예담촌은 니구산이 마을을 둘러싸고 사수가 마을을 감싸고 돌아나간다. 산과 물길이 만들어 놓은 마을은 반달 모양이다. 그래서 옛날부터 마을 한가운데를 빈터로 남겨두고 있는데, 마을의 운세가 보름달이 되어 다시 기울지 않도록 하기 위해서이다. 고려 충신 정몽주의 후손이 지은 사양정사, 태조 이성계의 사위이자 개국공신이었던 이제에게 내려진 이제개국공신교서를 모신 영모재, 아버지를 향한 화적들의 칼날을 몸으로 막아낸 효자 이윤현의 효심을 기리기 위한 사효재 등 이 밖에도 많은 이야기가 마을 곳곳에 숨어있다.

◎ 한류의 매력을 만나는 여행 정보 - 드라마 
함께 외근을 나간 윤초원과 하도윤이 거닐었던 마을인 ‘남사예담촌’은 경상도의 대표적인 한옥마을로 낮은 담장 넘어 보이는 전통 민가의 정감 가는 풍경을 볼 수 있는 장소다. 이곳에서는 한옥 마을 구경은 물론 전통 혼례 체험, 회화나무 천연 염색체험, 전래놀이 체험 등 다양한 전통문화 체험도 즐길 수 있으니, 이곳에서 한국을 더 깊이 알아가는 기회를 가져볼 것을 추천한다.",,https://www.sancheong.go.kr/tour/,전구역 동반가능,전 견종 동반 가능,목줄 착용,"- 맹견의 경우, 입마개 착용 필수- 배변봉투 지참 및 배변처리 필수",,상시 개방,연중무휴,가능
129255,선녀바위 해수욕장,인천광역시 중구 을왕동,12,인천광역시,37.4396,126.3779,https://tong.visitkorea.or.kr/cms/resource/92/3518392_image2_1.jpg,"선녀바위해변은 해변에서 보이는 선녀바위와 기암들이 매력적인 곳이다. 바다가 탁 트이고 다른 해변보다 상대적으로 조용하고 차분한 분위기이다. 인근의 유명한 을왕리 해수욕장, 왕산 해수욕장과 연계해서 둘러보기에도 좋다. 용유 3경 선녀바위를 보고 일몰 시각을 맞추어 아름다운 낙조도 함께 감상하기에 좋은 해변이다. 을왕리 해수욕장이나 왕산 해수욕장에 비해 한적해서 캠핑을 즐기기에 좋다. 선녀바위 위쪽으로 난 골목을 따라 언덕 위로 올라가면 언덕 끝에 예쁜 카페가 있어 조용히 차를 마시며 카페 창가에 앉거나 야외테라스에서 바라보는 바다의 절경이 일품이다.",,중구 문화관광 https://www.icjg.go.kr,,,,,,상시 개방,연중무휴,가능
947611,개항장 거리,인천광역시 중구 관동1가,12,인천광역시,37.4728824965708,126.62099232188,https://tong.visitkorea.or.kr/cms/resource/52/3518552_image2_1.jpg,"인천 개항누리길은 1800년대 말 개항기 시절의 풍경을 간직한 길이다. 인천 개항 후 대외무역이 활발해지자 지금의 인천광역시 중구 일대에 일본과 청나라를 비롯한 각국의 조계지가 형성됐고, 최초의 근대식 공원, 은행, 호텔 같은 건축물도 세워졌다. 개항누리길을 걷다 보면 청‧일 조계지 경계계단부터 당시에 지어진 서양식 건축물까지 다양한 근대 문화유산을 만날 수 있다. 130년 전 인천을 통해 국내에 들어온 근대유물을 전시하는 인천개항박물관, 인천항의 물품 보관 창고에서 문화예술공간으로 거듭난 인천아트플랫폼, 중국인들이 모여 살던 차이나타운, 한국 제1호 중국 음식점 공화춘 건물을 활용한 짜장면박물관 등 인천의 과거와 현재가 공존하는 길이다. 이곳에서는 인천문화 관광해설사가 있어 예약하면 해설을 들으며 도보 관광을 즐길 수 있다.",,https://itour.incheon.go.kr/,전구역 동반가능,전 견종 동반 가능,목줄 착용,"- 배변봉투 지참 및 배변처리 필수- 실내 전시관, 체험시설 등은 반려동물 출입 제한",,상시 개방,연중무휴,불가능
126064,작괘천(작천정계곡),울산 울주군 삼남읍 교동리 1551,12,울산,35.550361,129.102398,https://tong.visitkorea.or.kr/cms/resource/99/3512199_image2_1.jpg,"작천정 계곡은 현 남쪽 5리 부로산 남쪽 기슭 아래에 있고 취서산 몇 리쯤에서 발원한다. 반석이 맑은 개똥벌레 불빛 일색이어서 바라보면 마치 옥판을 깐 듯하다. 냇가에는 바위하나가 웅덩이처럼 파여 술잔의 술을 따르는 모양이어서 내 이름을 작천정 계곡(작괘천)이라 하였다. 아래로 남천으로 흘러들어 울산 태화진으로 들어간다 하였다. 작천정 계곡은 거대한 화강암으로 된 옥산과 봉화산 사이의 협곡으로 이루어져 있으며, 화강암에는 유리의 원료가 되는 형석(螢石)이 많이 포함되어 있다. 자수정의 광맥도 이 형석인 어미돌로 이어져 있다. 이 모석을 따라 파 내려가면 단단한 화강암 속에 자수정 구덕이 형성되어 있다. 고려 충신 포은 정몽주의 글 읽던 자리와 언양 지방 3·1 운동의 중심지로서 역사성을 간직하고 있는 명소이다.",,https://www.ulju.ulsan.kr/tour,전구역 동반가능,전 견종 동반 가능,목줄 착용,"- 맹견의 경우, 입마개 착용 필수- 배변봉투 지참 및 배변처리 필수",,상시 개방,연중무휴,가능
2606232,호미반도 해안둘레길,경상북도 포항시 남구 동해면 호미로2790번길 20-18,28,경상북도,36.014296839418584,129.47800900392937,https://tong.visitkorea.or.kr/cms/resource/87/3520387_image2_1.jpg,"호미반도 해안둘레길은 한반도 최동단 지역으로 영일만을 끼고 동쪽으로 쭉 뻗은 트레킹로드로 서쪽의 동해면과 동쪽의 호미곶면, 구룡포읍, 장기면에 걸쳐 있다. 연오랑세오녀의 터전인 청림 일월(도기야)을 시점으로 호미반도의 해안선을 따라 동해면 도구해변과 선바우길을 지나 구룡소를 거쳐 호미곶 해맞이 광장까지 4개 코스 25㎞구간과 해파랑길 13, 14코스로 연결되는 5코스는 구룡포항, 양포항, 경주와의 경계인 장기면 두원리까지 전체길이는 58㎞에 달한다. 
어느 코스를 걷든 깎아내리는 절벽과 부딪히는 파도가 있는 포항 12경에 해당하는 아름다운 풍경을 볼 수 있으며 곳곳에 도구해수욕장, 독수리 바위 등 다양한 명소가 있다. 특히, 2번째 코스인 선바위길은 석양이 일품이니 일몰 시간에 맞추어 걷는 것도 추천한다. 끝없이 펼쳐진 푸른 동해바다와 수놓은 듯한 보랏빛 해국이 펼쳐져 있고 여왕바위, 힌디기 등 아름답고 기묘한 바위를 감상하면서 파도소리에 맞춰 리드미컬하게 걸으면 절로 힐링이 된다. 일출이나 일몰 시간에 떠오르는 해와 지는 해를 보면서 걸으면 황홀한 광경과 벅찬 감동은 무어라 표현할 길이 없다. 야간에 바다에 어른거리는 달빛을 보면서 걷는 것도 로맨틱하다. 
단, 안전을 위해 기상악화 시 출입이 통제될 수 있다.",,http://www.pohang.go.kr/phtour,전구역 동반가능,전 견종 동반 가능,목줄 착용,"- 맹견의 경우, 입마개 착용 필수- 배변봉투 지참 및 배변처리 필수",,상시 개방※ 기상특보 발효 시 출입금지,연중무휴※ 기상특보 발효 시 출입금지,
128019,남이섬,강원특별자치도 춘천시 남이섬길 1 남이섬,12,강원특별자치도,37.7962650518221,127.525489199882,https://tong.visitkorea.or.kr/cms/resource/51/4031651_image2_1.jpg,"남이섬은 ‘동화 나라, 노래의 섬’을 콘셉트로 다양한 문화행사, 콘서트 및 전시를 꾸준히 개최해 오고 있으며, 어린이들에게는 꿈과 희망을, 연인들에게는 사랑과 추억을, 문화계 인사들에게는 창작의 터전과 기반을 마련해 주고 있는 자연 생태 문화공간이다.
주요 시설로는 노래 박물관, 그림책 놀이터, MICE 센터, 투개더파크, 유니세프 라운지 등의 문화시설과 자전거, 나눔 열차, 스토리 투어버스 등의 유기시설이 갖춰져 있고 다양한 메뉴를 즐길 수 있는 식음시설, 다양한 테마로 꾸며진 객실과 강변의 독립적인 공간을 가진 별관으로 이루어진 숙박시설 호텔정관루가 있다. 강원도 춘천에 속해있으나, 남이섬에 들어가기 위해서는 경기도 가평에 위치한 남이섬 선착장으로 방문해야한다.

◎ 한류의 매력을 만나는 여행 정보 - 드라마 
‘남이섬’은 드라마 를 안다면 한 번쯤 들어봤을 이름의 섬일 것이다. 겨울연가의 촬영지로 명성을 크게 얻기 시작한 섬이지만, 현재는 섬 자체의 아름다움과 다양한 즐길 거리 그리고 볼거리로 인해 한국인이 사랑하는 여행지 중 한곳이 된 장소이다. 콘서트부터 다양한 문화행사와 전시 등으로 늘 즐거운 남이섬에서 설레는 추억을 남겨볼 것을 추천한다.",,https://namisum.com,일부구역 동반가능,20㎏ 미만 동반 가능,"목줄 착용,반려동물 유모차 탑승,이동장(켄넬)사용",투개더파크(반려견놀이터)는 15㎏ 미만 반려견에 한하여 입장 가능※ 무인·무료·자율 이용시설,투개더파크(반려견놀이터) / 반려견 동반 가능 객실 / 펫 프렌들리 레스토랑 및 카페 등,08:00-21:00[선박운항]- 08:00~09:00 / 30분 간격(가평나루 출발-첫 배 이후 30분 간격 운항)- 09:00~18:00 / 10~20분 간격(매 10~20분 간격 운항)- 18:00~21:00 / 30분 간격(가평나루 출발-마지막 배까지 30분 간격 운항)※ 상황에 따라 운영시간 변동 가능 (봄꽃철 / 휴가철 / 단풍철 연장운항),연중무휴,가능 (약 600대)
2756910,추억의 달동네,경상북도 경주시 보불로 216-8 (하동),14,경상북도,35.803536052327175,129.31204462744068,https://tong.visitkorea.or.kr/cms/resource/79/3514479_image2_1.jpg,"불국사와 멀지 않은 곳에 아버지, 어머니 대의 역사를 담은 근대사 박물관 추억의 달동네가 있다. 추억의 달동네에서는 1970~80년대의 생활상을 재현해 놓은 콘텐츠를 접할 수 있다. 지금은 쓰지 않는 낡은 라디오, 그것을 고치는 전파상, 골목 점방, 초등학교 아닌 국민학교 교실까지, 근래 반세기 우리네 생활상을 그대로 옮겨 두었다. 추억의 간식 달고나 체험, 추억의 교복체험 등 다양한 체험프로그램도 마련되어 있다.",,http://www.daldongnae.co.kr/,전구역 동반가능,전 견종 동반 가능,"목줄 착용,반려동물 유모차 탑승,이동장(켄넬)사용","- 반려견 보행 금지- 안고 다니거나 유모차, 케이지 이용 필수- 계단이 많아 유모차 다소 불편할 수 있음",,09:00~19:00 (입장 마감 18:00),연중무휴,
126923,영축산,경상남도 양산시 하북면 지산리,12,경상남도,35.5164,129.0544,https://tong.visitkorea.or.kr/cms/resource/40/3502940_image2_1.jpg,"영축산은 영남알프스 중 하나로 가지산을 중심으로 해발 1,000m 이상의 9개의 산이 수려한 산세와 풍광으로 유렵의 알프스와 비슷하다 해서 붙여진 이름이다. 영축산은 양산시 하북면과 원동면, 울주군 삼남면에 위치하고 있으며 병풍처럼 둘러싸인 기암괴석과 노송, 억새능선 등을 이루고 있는 곳이며, 우리나라 삼보사찰 중의 하나이며 유네스코 세계유산인 통도사가 자리잡고 있는 산이다. 영축산은 불교의 발상국 인도의 영취산에서 연유된 것으로 추측이 되며, 언양이나 신불산쪽에서 이 산 정상의 동쪽에 있는 거대한 바위봉을 바라보면, 마치 큰 독수리가 동해로 날기 위해 머리를 쪼아리고 날개를 펴는 모습을 하고 있다고 한다.",,https://www.yangsan.go.kr/tour/,전구역 동반가능,전 견종 동반 가능,목줄 착용,"- 맹견의 경우, 입마개 착용 필수- 배변봉투 지참 및 배변처리 필수",,상시 개방,연중무휴,가능
2710732,하조대 둘레길,강원특별자치도 양양군 현북면 하륜길 54,28,강원특별자치도,38.02193582191522,128.72851476013392,https://tong.visitkorea.or.kr/cms/resource/01/3511601_image2_1.jpg,"양양 하조대 전망대 일대에 조성한 둘레길이다. 하조대는 동해안의 기암절벽과 노송이 어우러진 명승지로 강원 영동 지역에서 손꼽히는 해돋이 명소다. 하조대 둘레길은 하조대 전망대에서 하조대 등대 방향으로 해안을 따라 조성된 길이다. 이로써 하조대를 찾은 관광객들은 하조대 둘레길을 걸으며 하조대 전망대와 등대, 하조대 정자를 연계 관광하기가 쉬워졌다. 하조대 둘레길의 또 다른 매력은 평탄한 길을 따라 동해안의 빼어난 경치를 감상할 수 있다는 점이다. 북쪽의 하조대 전망대를 바라본 채 덱 오른쪽으로는 에메랄드빛 동해와 바다에 뿌리 내린 기암을, 왼쪽으로는 사시사철 울창한 송림을 볼 수 있다.",033-670-2516(하조대 관광안내소),,전구역 동반가능,전 견종 동반 가능,목줄 착용,- 배변봉투 지참 및 배변처리 필수,,상시 개방,연중무휴,
128919,양평 산수유마을,경기도 양평군 개군면 산수유1길 1,12,경기도,37.44386591771836,127.55751016796576,,"양평 산수유마을에는 100년 이상된 산수유나무 7천여 그루가 군집을 이루고 있으며, 매년 3~4월이면 노랗게 마을을 물들여 이채로운 풍경을 자아내고 있는 전통적인 농촌마을이다. 봄에는 노란 산수유 꽃이 장관을 이루며, 가을에는 빨간 산수유 열매가 마을을 붉게 물들인다. 매년 4월 초순경 산수유 꽃을 주제로 산수유한우축제를 개최하여 아름다운 산수유 꽃이 만발한 곳에서 다양한 농촌 체험행사를 진행하고 있다. 열매와 꽃을 재료로 한 다양한 먹을거리와 차, 개군면 특산품인 토종한우 등을 맛볼 수 있다.",,,전구역 동반가능,전 견종 동반 가능,목줄 착용,"- 맹견의 경우, 입마개 착용 필수- 배변봉투 지참 및 배변처리 필수",,상시 개방,연중무휴,가능
127747,구곡폭포,강원특별자치도 춘천시 남산면 강촌구곡길 254,12,강원특별자치도,37.7938780176241,127.609278325655,,"춘천 봉화산 기슭의 높이 약 50m짜리 폭포로 강촌 지역 대표 관광 명소 중 하나다. 아홉 굽이를 휘돌아 떨어지는 폭포라 구곡폭포라 이름 붙였고 일명 구구리폭포라고도 부른다. 기암괴석을 타고 흘러내리는 폭포가 장관을 연출한다. 여름철에는 시원한 물줄기가 무더위를 씻어주고 겨울철에는 거대한 빙벽이 웅장한 볼거리를 제공한다. 겨울이면 빙벽 등반을 즐기려는 사람들이 모여들기도 한다. 매표소에서 구곡폭포까지 가는 길은 완만하고 도보 20분 정도 소요된다. 숲과 계곡이 어우러지는 편안한 산책 코스다. 꿈, 끼, 꾀, 깡 등 쌍기역(ㄲ)으로 표현한 아홉 가지 ‘구곡혼’을 담은 나무판을 하나씩 찾으며 걸어도 재미있다. 구곡폭포 입구에서 오른쪽으로 난 깔딱고개를 따라 약 40분 정도 올라가면 분지에 터를 잡은 문배마을이 나타난다. 산행 후 이곳에서 맛보는 산채비빔밥과 토속주가 꿀맛이다. 구곡폭포관광지 내 조성된 국민여가캠핑장에서 하룻밤 편안하게 쉬어가도 좋다.",,춘천도시공사 https://www.cuc.or.kr,전구역 동반가능,"- 동물보호법 시행규칙 제1조 2항에 근거한 맹견품종 제외(도사견, 아메리칸 핏불 테리어, 아메리칸 스태퍼드셔 테리어, 스태퍼드셔 불 테리어, 로트와일러 및 그 잡종의 개)- 동물보호법 상 맹견으로 표기되지 않았으나 위압감을 주거나 공격성향이 강한 품종 제외(도고 아르헨티노, 케인코르소, 오브차카, 티베탄 마스티프, 울프독 등)- 기타 다른 반려견이나 사람에게 피해를 줄 수 있는 개 제외- 반려동물 등록이 되어 있지 않은 개 제외","목줄 착용,기타",- 인식표 착용,,09:00~17:00,연중무휴,가능
126119,부산 어린이대공원,부산광역시 부산진구 새싹로 295,12,부산광역시,35.1872173954517,129.04264985908,https://tong.visitkorea.or.kr/cms/resource/15/3512315_image2_1.jpg,"부산 어린이대공원은 부산의 중심지인 서면에서 가까운 거리에 있는 백양산 기슭에 위치하고 있으며, 상록침엽수인 삼나무, 편백 등 각종 수목이 울창하게 조성되어 있어 도심 속 휴식공간으로 자리 잡고 있다. 사계절 수목이 우거진 성지곡수원지 주변에는 산책 코스가 조성되어 있어 언제나 시민들로 가득한 공원으로 다양한 볼거리, 즐길 거리가 풍성한 곳이다. 1971년 성지곡유원지로 지정되었다가 1978년 세계 아동의 해를 맞이하여 어린이대공원으로 개칭하여 오늘에 이르고 있다.",,https://bschildpark.bisco.or.kr/bschildpark/,일부구역 동반가능,전 견종 동반 가능,"입마개 착용,목줄 착용","- 맹견의 경우, 입마개 착용 필수- 배변봉투 지참 및 배변처리 필수",,상시 개방,연중무휴,가능
128211,학성공원,울산광역시 중구 학성공원3길 54 (학성동),12,울산광역시,35.5544574522015,129.33931181458,https://tong.visitkorea.or.kr/cms/resource/52/3510552_image2_1.jpg,"학성공원은 1913년 추전 김홍조가 이곳의 개인 사유지 23,141㎡을 사들여 흑송, 벚나무, 매화나무 등을 심으며 공원으로 만든 후 개인 소유로 하지 않고 당시 울산면에 기증하면서 오늘날의 학성공원이 되었다고 한다. 공원 내에는 봄편지 노래비, 충혼비, 김홍조 선생비가 있으며, 공원에 벚꽃이 만개하면 풍경이 정말 아름다운 곳이다. 또한 공원 위에는 배드민턴장이 있고 세 군데의 광장이 있으며 공원의 허리를 빙 둘러 산책로가 만들어져 있어 벚꽃이 필 때는 정말 분위기가 좋아 데이트 코스로 인기가 높다. 가을에는 단풍 나뭇잎이 떨어져 쌓이면서 또 다른 정취를 뿜어내는 곳이다.",,,전구역 동반가능,전 견종 동반 가능,목줄 착용,"- 맹견의 경우, 입마개 착용 필수- 배변봉투 지참 및 배변처리 필수",,상시 개방,연중무휴,가능요금 (무료)
126245,미륵산(익산),전북특별자치도 익산시 금마면 신용리,12,전북특별자치도,36.0257843329139,127.04291316464,https://tong.visitkorea.or.kr/cms/resource/76/3511676_image2_1.jpg,"미륵산은 전라북도 익산시 금마면, 삼기면, 낭산면에 걸쳐 있는 해발 430m의 산으로 미륵사지가 위치한 역사적인 산이다. 과거에는 이 산의 동쪽 350m 높이의 낮은 산봉을 포함하여 용화산이라 불렀으나 현재는 북쪽을 미륵산, 나머지를 용화산으로 구분한다. ‘미륵’과 ‘용화’는 모두 미륵신앙과 관련된 명칭으로 미륵사가 세워진 이후 인근 산을 미륵산이라 부르게 된 것으로 보인다. 미륵산 정상에서 동쪽으로 내려가면 일부가 복원된 익산 미륵산성이 있으며 이를 통해 산성의 규모를 짐작할 수 있다. 이 외에도 등장암, 투구바위 등 독특한 지형이 관찰되며 주변에 높은 산이 없어 조망이 뛰어나다.",,,전구역 동반가능,전 견종 동반 가능,목줄 착용,"- 맹견의 경우, 입마개 착용 필수- 배변봉투 지참 및 배변처리 필수",,상시 개방,연중무휴,가능
129501,낙산공원,서울특별시 종로구 낙산길 41 (동숭동),12,서울특별시,37.5805179476871,127.006496092905,https://tong.visitkorea.or.kr/cms/resource/28/3506728_image2_1.jpg,"낙산공원은 대학로와 동대문으로부터 이어지며 역사와 문화를 함께 즐길 수 있는 공원이다. 낙산은 지형이 낙타의 등처럼 생겨 낙타산이라고도 했고, 궁에 우유를 보급하던 왕실 목장이 있어 타락산이라고도 불렀다. 1960년대 이후 시민아파트와 밀집된 주택으로 낙산 본래의 모습이 사라지게 되었고, 서울시가 낙산 복원계획을 수립하였다. 이 계획의 일환으로 공원화 사업이 진행되어 2002년 7월 낙산공원으로 개원하였다. 낙산공원 중앙광장에는 낙산전시관과 중앙무대, 매점 등이 있어서 쉬어가기 좋고 광장 바로 아래 주차장이 있어서 중앙광장으로 오기도 편하다. 낙산전시관은 낙산공원 입구에 있는 시설물로 낙산의 유래, 역사적 인물, 한양도성의 사진 자료 및 모형이 전시되어 낙산공원을 방문하는 시민들에게 다양한 정보를 제공한다. 주말에는 낙산과 서울한양도성에 관한 공원 이용 프로그램이 운영되며, 누구나 무료로 이용할 수 있다. 광장 한쪽으로는 낙산정이 있다. 낙산정은 낙산을 복원하면서 만든 정자로 서울의 전경이 한눈에 보이는 전망 좋은 곳이다.  
서울한양도성과 푸른 숲이 어우러져 아름다운 정취를 느낄 수 있는 시민의 휴식 공간으로 자리매김하였으며, 서울에서 가장 아름다운 야경을 볼 수 있는 곳으로 각광받고 있다. 언덕 정상에서 주택과 벽화가 있는 이화동 벽화마을로 갈 수 있고 흥인지문과 한양도성길로 가는 동대문 코스, 외부 성곽 벽면 전체를 보면서 걸을 수 있는 한성대 입구 방면 코스 등 다양한 코스가 있다. ◎ 한류의 매력을 만나는 여행 정보 - 애니메이션 
넷플릭스 애니메이션 ‘케이팝 데몬 헌터스’에서 루미와 진우가 대화를 나누며 걷던 장소 중 하나가 바로 이곳이다. 성곽 너머로 펼쳐지는 서울의 도시 풍경이 인상적으로 담겨, 애니메이션 속 감성을 더욱 깊이 있게 전한다. 실제로 방문하면 고즈넉한 성곽길과 함께 서울의 전경을 한눈에 내려다볼 수 있어 특별한 경험을 선사한다.",,https://parks.seoul.go.kr,전구역 동반가능,전 견종 동반 가능,목줄 착용,"- 맹견의 경우, 입마개 착용 필수- 배변봉투 지참 및 배변처리 필수",,,,
125514,안양예술공원,경기도 안양시 만안구 예술공원로131번길 7 (석수동),12,경기도,37.419055390784784,126.9195745452346,https://tong.visitkorea.or.kr/cms/resource/07/3506807_image2_1.jpg,,031-8045-5496,,전구역 동반가능,전 견종 동반 가능,목줄 착용,"- 맹견의 경우, 입마개 착용 필수- 배변봉투 지참 및 배변처리 필수",,,,
125694,송정해변,강원특별자치도 강릉시 창해로 118 (송정동),12,강원특별자치도,37.78009716001928,128.9371294664424,https://tong.visitkorea.or.kr/cms/resource/33/2671433_image2_1.jpg,,,,,,,,,,,
125696,사천해변(사천해수욕장),강원특별자치도 강릉시 사천면 해안로 877,12,강원특별자치도,37.8291989245582,128.87771380682673,https://tong.visitkorea.or.kr/cms/resource/21/2922021_image2_1.jpg,,,,,,,,,,,
125810,양구 펀치볼마을 (펀치볼),강원특별자치도 양구군 해안면 동막동길 50-3,12,강원특별자치도,38.2892026612359,128.143847206325,https://tong.visitkorea.or.kr/cms/resource/15/3514815_image2_1.jpg,,,,,,,,,,,
127893,운일암 반일암 계곡,전북특별자치도 진안군 주천면 동상주천로 1926,12,전북특별자치도,35.9798155106495,127.39632510468,https://tong.visitkorea.or.kr/cms/resource/55/3511855_image2_1.jpg,,,,,,,,,,,
128727,사근진해변(사근진해수욕장),강원특별자치도 강릉시 해안로604번길 16,12,강원특별자치도,37.8127060786326,128.898799870049,https://tong.visitkorea.or.kr/cms/resource/59/2921959_image2_1.jpg,,033-640-4925,,,,,,,,,
128758,경포해수욕장,강원특별자치도 강릉시 창해로 514 (안현동),12,강원특별자치도,37.80577602432606,128.90743823970874,https://tong.visitkorea.or.kr/cms/resource/58/2938658_image2_1.bmp,,,,,,,,,,,
128804,속초 엑스포타워,강원특별자치도 속초시 엑스포로 72,12,강원특별자치도,38.1916176038339,128.583101875452,https://tong.visitkorea.or.kr/cms/resource/68/3515468_image2_1.jpg,,,,,,,,,,,
129453,울산체육공원,울산광역시 남구 문수로 44 (옥동),12,울산광역시,35.537,129.2596,https://tong.visitkorea.or.kr/cms/resource/37/3510837_image2_1.jpg,,,,,,,,,,,
651687,국채보상운동기념공원,대구광역시 중구 국채보상로 670 (동인동2가),12,대구광역시,35.8686,128.6016,https://tong.visitkorea.or.kr/cms/resource/86/3515186_image2_1.jpg,,,,,,,,,,,
1959867,신남서원,경상남도 밀양시 무안면 판정로 125-13,12,경상남도,35.5008066849367,128.666176392571,https://tong.visitkorea.or.kr/cms/resource/12/3499512_image2_1.jpg,,,,,,,,,,,
2502643,함월루,울산광역시 중구 함월1길 7 (성안동),12,울산광역시,35.5709,129.3132,https://tong.visitkorea.or.kr/cms/resource/65/3510565_image2_1.jpg,,,,,,,,,,,
2502653,울산 경상좌도병영성,울산광역시 중구 서동 149-8,12,울산광역시,35.5769,129.3438,https://tong.visitkorea.or.kr/cms/resource/70/3510570_image2_1.jpg,,,,,,,,,,,
2570207,능파대 (강원평화지역 국가지질공원),강원특별자치도 고성군 죽왕면 괘진길 65,12,강원특별자치도,38.2963874857519,128.54993790158,https://tong.visitkorea.or.kr/cms/resource/73/3363773_image2_1.jpg,,,,,,,,,,,
2613436,원주 반계리 은행나무,강원특별자치도 원주시 문막읍 반저리2길 42,12,강원특별자치도,37.29387826708,127.787945146035,,,,,,,,,,,,
2661537,북구 편백산림욕장,울산광역시 북구 달천동 산170,12,울산광역시,35.6503,129.3042,https://tong.visitkorea.or.kr/cms/resource/35/3510535_image2_1.jpg,,,,,,,,,,,
2675086,송정 박상진호수공원,울산광역시 북구 저수지길 158-31,12,울산광역시,35.6096,129.3785,https://tong.visitkorea.or.kr/cms/resource/24/3506324_image2_1.jpg,,052-241-7732,,,,,,,,,
2733847,일산호수공원 반려견놀이터,경기 고양시 일산동구 장항동 903-1,12,경기,37.6499,126.7674,https://tong.visitkorea.or.kr/cms/resource/51/3513651_image2_1.jpg,,,,,,,,,,,
2756619,파도소리길,경상북도 경주시 양남면 읍천리 405-5,12,경상북도,35.6899,129.4749,https://tong.visitkorea.or.kr/cms/resource/50/3510650_image2_1.jpg,,,,,,,,,,,
2778109,울산애견공원,울산광역시 남구 남부순환도로 209 (옥동),12,울산광역시,35.532,129.2727,https://tong.visitkorea.or.kr/cms/resource/02/3510802_image2_1.jpg,,,,,,,,,,,
2778214,화동못수변공원,울산광역시 북구 화봉동 324,12,울산광역시,35.592,129.3735,https://tong.visitkorea.or.kr/cms/resource/31/3510531_image2_1.jpg,,,,,,,,,,,
2793017,추화산성,경상남도 밀양시 교동,12,경상남도,35.5038,128.7698,https://tong.visitkorea.or.kr/cms/resource/03/3499803_image2_1.jpg,,,,,,,,,,,
2796956,거창 별바람언덕,경상남도 거창군 신원면 연수사길 452,12,경상남도,35.58962170225394,127.91750830310365,https://tong.visitkorea.or.kr/cms/resource/69/4007869_image2_1.jpg,,,,,,,,,,,
2930702,강릉안반데기관광농원,강원특별자치도 강릉시 안반데기1길 203,12,강원특별자치도,37.6087388200507,128.740024321065,https://tong.visitkorea.or.kr/cms/resource/04/3500804_image2_1.jpg,,033-644-8552,,,,,,,,,
3080895,수운최제우유허지 동학관,울산광역시 중구 원유곡길 106-1 (유곡동),14,울산광역시,35.56644410669797,129.29113055925075,https://tong.visitkorea.or.kr/cms/resource/45/3510545_image2_1.jpg,,,,,,,,,,,
125702,낙산해수욕장,강원특별자치도 양양군 강현면 해맞이길 55,12,강원특별자치도,38.11733156584656,128.63355006579656,https://tong.visitkorea.or.kr/cms/resource/68/2929768_image2_1.jpg,"강원도 양양군 양양읍 조선리에 있는 양양 대표 해수욕장이다. 1963년 개장한 이래 해마다 전국 각지에서 약 100만 명 이상의 관광객이 다녀간다. 동해안에 있는 해수욕장을 통틀어 경포대해수욕장과 함께 가장 유명한 해수욕장으로 꼽힌다. 울창한 소나무 숲 앞으로 4㎞에 달하는 넓은 모래사장이 펼쳐진 모습이 인상적이다. 수심은 1.5m 내외로 비교적 깊지 않아 해수욕을 즐기기 좋다. 겨울에는 해돋이를 보기 위해 많은 사람이 방문하는데, 새해에는 해맞이 축제가 열려 소원을 염원하는 명소가 되기도 한다.
해수욕장 끝에는 낙산항이 있고, 그 뒤로 낙산사가 있는 낙산이 굽어본다. 반대편 쪽으로는 설악산에서 흘러내린 남대천이 하구에서 호수를 이루고 있다. 해변 주변으로는 카페, 편의점, 맛집 등이 들어서 있어 편리하게 이용할 수 있다. 또한  민박, 콘도, 호텔 등 숙박시설도 잘 갖춰져 있다.",,https://tour.yangyang.go.kr/http://naksan-beach.co.kr,일부구역 동반가능,전 견종 동반 가능,"입마개 착용,목줄 착용","- 해수욕장 개장 중 D구역에서만 동반 가능- 바다 입수 불가능- 배변봉투 지참 및 배변처리 필수- 맹견의 경우, 입마개 착용 필수",,상시 개방,연중무휴,가능(소형 150대)
126096,진하해수욕장,울산광역시 울주군 서생면 진하해변길 77,12,울산광역시,35.3838546791884,129.345975785015,https://tong.visitkorea.or.kr/cms/resource/33/3060633_image2_1.jpg,"울산의 남부 쪽 울주군 서생면 진하리에 자리 잡고 있는 진하 해수욕장은 울산 제일의 해수욕장이다. 해안에 바짝 붙어 달리는 31번 국도를 타고 북쪽으로 오르다 보면 바다 쪽으로 삐죽 내민 간절곶 등대가 보이고, 그 너머에 진하해수욕장이 펼쳐져 있다. 진하해수욕장은 동해의 검푸른 파도를 피해 북향으로 살짝 비켜 앉은 지형덕에 큰 파도도 엉거주춤 긴장을 풀고 쉬어가는 곳이다. 고운 백사장이 약 2km에 뻗쳐있으며, 수온이 적당해 피서지로서 알맞은 조건을 갖추고 있어 전국 각지에서 찾아온 피서객들로 만원을 이룬다. 백사장 뒤편에는 소나무숲이 짙은 그늘을 드리우고 있다. 해수욕으로 거칠어진 호흡을 가다듬기에 더없이 좋은 휴식처다. 2개의 해중암으로 이루어진 이덕도와 소나무숲이 우거진 명선도 등 아름다운 섬과 송림, 수심이 얕은 해수욕장이라 가족등반에 적격지다.

◎ 한류의 매력을 만나는 여행 정보 - 드라마 
서하와 도윤, 지음과 초원이 나란히 걸었던 해변이다. 이곳은 울산의 대표 피서지 중 하나로, 푸른 바다와 소나무 숲, 명선도가 어우러져 멋진 경치를 뽐낸다. 밤에는 명선도를 화려하게 밝히는 조명과 호랑이, 폭포수 등 다채로운 미디어아트를 볼 수 있어 야경 명소로도 인기다.",,https://www.ulju.ulsan.kr/tour,전구역 동반가능,전 견종 동반 가능,목줄 착용,"- 입수 시, 보호자 동행 필수- 맹견의 경우, 입마개 착용 필수- 배변봉투 지참 및 배변처리 필수",,상시 개방,연중무휴,가능
126330,죽도봉공원,전라남도 순천시 죽도봉길 81 (조곡동),12,전라남도,34.95358,127.494581,https://tong.visitkorea.or.kr/cms/resource/90/3495690_image2_1.jpg,"순천 죽도봉공원은 순천 시가지의 아름다운 풍경을 한눈에 바라볼 수 있는 곳이어서 순천 시민들의 산책과 휴식처이며, 녹음이 우거진 동산은 흡사 외롭게 둥둥 떠 있는 섬같이 생겼다. 이곳은 오래전 전죽 밭으로 전해져 왔고, 그의 생김새가 마치 섬(島)과도 같아 죽도(竹島)로 불렀다고 한다. 옛날에는 전죽을 많이 소산(所産)해서 전쟁병기로 사용했었다. 죽도봉 정상에 오르면, 당시 순천시가 건립한 전망대와 여순사건과 6·25 때 순국한 이 고장 출신들의 반공순국위령탑이 세워져 있었는데 모두 철거시키고 이 자리에 강남정(江南亭) 1981년 10월 15일 건립된 3층 8각정이라는 정자를 건립하여 전망대로 이용하고 있다. 공원 광장에서 남쪽으로 내려가면 백우비와 백우탑, 강계중 선생 동상이 있고 활터로 사용하고 있는 환선정이 있다. 죽도봉공원은 봄철엔 벚꽃과 철쭉꽃이 활짝 피어 시민들의 좋은 휴식처이다.",,,일부구역 동반가능,전 견종 동반 가능,목줄 착용,"- 맹견의 경우, 입마개 착용 필수- 배변봉투 지참 및 배변처리 필수",,상시 개방,연중무휴,가능
126848,해동용궁사,부산광역시 기장군 기장읍 용궁길 86,12,부산광역시,35.1882428912293,129.223530192843,https://tong.visitkorea.or.kr/cms/resource/35/3499335_image2_1.jpg,"해동 용궁사는 1376년 공민왕(恭民王)의 왕사(王師)였던 나옹대사(懶翁大師)의 창건으로 한국삼대관음성지(三大觀音聖地)의 한 곳이며 바다와 용과 관음대불이 조화를 이루어 신앙의 깊은 뜻을 담고 있으며, 진심으로 기도를 하면 누구나 꼭 현몽을 받고 한 가지 소원을 이루는 곳으로 유명하다. 임진왜란의 병화로 소실되었다가 1930년대 초 통도사의 운강(雲崗)이 중창하였다. 1974년 정암(晸菴) 스님이 이 절의 주지가 되어 관음도량으로 복원할 것을 발원하고 백일기도를 하였는데, 꿈에서 흰옷을 입은 관세음보살이 용을 타고 승천하는 것을 보았다 하여 절 이름을 해동용궁사로 바꾸었다. 현존하는 건물은 대웅전을 비롯하여 굴법당, 용왕당(용궁단) , 범종각, 요사채 등이 있다. 대웅전 옆에 있는 굴법당은 미륵전이라고 하여 창건 때부터 미륵좌상 석불을 모시고 있는데 자손이 없는 사람이 기도하면 자손을 얻게 된다 하여 득남불이라고 부른다. 대웅전 앞에는 사사자 석탑이 있다.",,http://www.yongkungsa.or.kr,일부구역 동반가능,전 견종 동반 가능,목줄 착용,"- 맹견의 경우, 입마개 착용 필수- 배변봉투 지참 및 배변처리 필수",,04:30~20:30,연중무휴,가능
127570,송지호해안 서낭바위 (강원평화지역 국가지질공원),강원특별자치도 고성군 죽왕면 오호리 29-47,12,강원특별자치도,38.3276,128.5302,https://tong.visitkorea.or.kr/cms/resource/00/3022400_image2_1.jpg,"서낭바위는 송지호해변 남쪽의 화강암지대에 발달한 암석해안으로 화강암의 풍화미지형과 파도의 침식작용이 어우러져 매우 독특한 지형경관을 이루고 있다. 특히, 화강암층 사이로 두터운 규장질 암맥이 파고든(관입한) 형태를 이루어 독특한 경관을 형성한다. 서낭바위는 오호리 마을의 서낭당(성황당)이 위치하는데서 유래된 지명이다. 서낭당은 마을의 수호신으로 서낭신(성황신)을 모셔놓은 우리나라의 전통신앙의 영역으로, 서낭당 일대는 물건을 함부로 파거나 헐지 않는 금기가 지켜져 온 장소이다.
또한 서낭바위는 동서남북 보는 방향에 따라 다른 모양으로 바뀌는 신기한 바위로 스누피를 닮았다고 스누피 바위란 별칭도 있다. 특히, 바위 꼭대기에서 자라는 작은 소나무 한 그루가 참으로 경이롭다. 부채 바위 옆으로 또 다른 신기한 바위가 있다. 정육면체 같은 바위에 가운데 구멍이 있고 틈 사이로 작은 소나무 한 그루가 자라고 있다.",,https://koreadmz.kr/geopark,전구역 동반가능,전 견종 동반 가능,목줄 착용,"- 맹견의 경우, 입마개 착용 필수- 배변봉투 지참 및 배변처리 필수",,상시 개방,연중무휴,가능요금 (무료)
128021,월드컵공원,서울특별시 마포구 월드컵로 243-60 (성산동),12,서울특별시,37.56352716059141,126.89843713529264,https://tong.visitkorea.or.kr/cms/resource/91/3500991_image2_1.jpg,"월드컵공원은 아름다운 섬 난지도 80여 만평에 1978년부터 1993년까지 15년간 서울시 쓰레기로 만들어진 2개의 거대한 산과 넓은 면적의 평매립지를 2002 월드컵 개최와 새 천년을 기념하기 위하여 난지도 쓰레기매립장을 안정화 및 공원화하였다. 270만㎡의 면적을 대규모 환경·생태공원으로 조성하면서 서울 시민들의 사랑받는 월드컵 공원으로 거듭났다. 대표 공원인 평화의 공원을 비롯하여, 하늘공원, 노을공원, 난지천공원, 난지한강공원의 5개 테마공원으로 조성되었다.
월드컵 경기장 앞 135,000평에 조성된 평화의 공원은 21세기 최초의 월드컵경기를 기념하며, 한국과 서울의 이미지를 제고할 수 있는 현대적이고 품격 높은 열린 광장이다. 월드컵 경기장의 앞마당으로서의 역할과 서울 서북부 지역의 중심공원으로 조성되었다. 월드컵공원 전체를 대표하는 공원으로서 자연과 인간의 공존과 공생을 추구하고 ‘평화’를 기원하는 공간이다. 
현재 월드컵 공원에는 92종 73만 3000그루의 나무가 공원을 가득 메우고 있으며, 난지연못과 난지천 등이 더해져 아름다운 자연경관을 이루고 있다. 난지도의 역사와 변천에 대한 전반적인 모습을 볼 수 있는 월드컵공원 전시관과 수종 동식물과 다양한 새들을 볼 수 있는 난지 연못은 공원의 명소라고 할 수 있다. 이제는 축구 경기가 없는 날에도 자연스레 시민들의 가벼운 발걸음이 이어지고, 다양한 학습 프로그램과 행사를 기획해 교육 생태공원의 역할도 하고 있다. 세계인들이 탐내는 환경생태 에너지 테마 공원으로 발돋움한 것이다.",,서울의 공원 http://parks.seoul.go.kr,일부구역 동반가능,전 견종 동반 가능,목줄 착용,"- 유아·어린이 놀이터, 유아숲체험원, 노을캠핑장, 노을파크골프장, 난지천 및 계류 지역은 동반 금지- 맹견의 경우, 입마개 착용 필수- 배변봉투 지참 및 배변처리 필수",,월별 이용시간 상이하므로 홈페이지 참조,연중무휴,가능
128184,울주 대곡리 반구대 암각화 [유네스코 세계유산],울산광역시 울주군 언양읍 대곡리 산234-1,12,울산광역시,35.6039,129.1784,https://tong.visitkorea.or.kr/cms/resource/85/3507485_image2_1.jpg,"울산 울주군 언양읍 대곡리에는 경승지인 반구대가 있는데, 연고산의 한 자락이 뻗어 내려와 이곳에 와서 우뚝 멎으면서 기암괴석으로 절정을 이루고 있으며 마치 거북이 넙죽 엎드린 형상이므로 반구대(盤龜臺)라 한다. 두동면 천전계곡(川前溪谷)으로부터 흘러내리는 옥류가 이곳에 모여 호반을 형성하니 절승가경(絶勝佳景)으로 이름이 높다. 그래서 옛날부터 경향각처의 시인묵객들은 이곳을 찾아 시영(詩詠)으로써 경관을 즐겼다고 한다. 암각화란 선사시대의 사람들이 생활 주변에서 일어난 갖가지 일들을 주제로 삼아 그것을 바위에 새겨서 그린 그림이다. 주로 커다란 바위 등 집단의 성스러운 장소에 그렸는데 사람들은 그곳에 모여서 각종 의례를 거행하였다고 추측된다. 

울주 대곡리 반구대 암각화는 태화강의 한 지류인 대곡천의 소위 ‘건너 각단’이라고 부르는 곳에 그려져 있으며, 그림이 집중된 곳의 바위면의 크기는 너비 10m, 높이 3m이다. 그러나 그 좌우에서도 적지 않은 형상들이 확인되고 있어 암각화가 새겨진 바위는 모두 10여 개에 이른다. 이 암각화는 신석기시대부터 여러 시기에 걸쳐서 제작되었으리라 여겨지며 시대별 양식의 차이를 살필 수 있다. 표현 대상의 내부를 모두 쪼아낸 면쪼기 기법과 윤곽만을 쪼아낸 선쪼기 기법으로 나눌 수 있다. 새겨진 물상은 크게 바다동물과 육지동물, 사람, 도구 등으로 나눌 수 있다. 바다동물로는 고래, 물개, 거북 등이, 육지동물로는 사슴, 호랑이, 멧돼지, 개 등이 많이 보인다. 사람은 얼굴만 그려진 경우와 바로 선 모습, 옆으로 선 모습, 배에 탄 모습 등을 볼 수 있다. 도구로는 배, 울타리, 그물, 작살, 노(弩)와 비슷한 물건 등을 볼 수 있다. 이러한 모습은 선사인들의 사냥 활동이 원활하게 이루어지고 사냥감이 풍성해지길 바라는 마음으로 바위에 새긴 것으로 여겨지는데, 동물과 사냥 장면을 생명력 있게 표현하고 사물의 특징을 실감 나게 묘사한, 사냥미술인 동시에 종교미술로, 선사시대 사람의 생활과 풍습을 살필 수 있는 최고 걸작품으로 평가된다. 이처럼 인류 최초 포경기록이자 한반도 최초 미술작품 반구대 암각화 및 우리나라에서 최초로 발견된 암각화 천전리각석은 대한민국 대표 역사 관광 자원이다. 2025년 7월 12일 울주 대곡리 반구대 암각화와 울주 천전리 명문과 암각화를 아우루는 약 3㎞의 ‘반구천의 암각화’는 유네스코 세계유산으로 등재되었다.",,https://www.ulsan.go.kr/s/bangucheonpetroglyphs,일부구역 동반가능,전 견종 동반 가능,목줄 착용,"- 맹견의 경우, 입마개 착용 필수- 배변봉투 지참 및 배변처리 필수",,상시 개방,연중무휴,가능
128676,경주 교촌마을,경상북도 경주시 교촌길 39-2,12,경상북도,35.8296308266303,129.214693367401,https://tong.visitkorea.or.kr/cms/resource/41/3507141_image2_1.JPG,"경주 교촌마을은 신라 신문왕 2년(682)에 설립된 신라 최초의 국립대학인 ‘국학’이 있던 곳이다. 이 교육기관은 시대에 따라 변화하며 고려시대에는 향학, 조선시대에는 향교로 이어졌다. 마을 이름이 교동, 교촌, 교리 등으로 불린 것도 모두 향교가 있던 곳이라는 사실에서 비롯된다. 마을 주변에는 삼국유사 속 이야기보따리가 곳곳에 숨겨져 있다. 김알지가 태어난 계림, 원효스님과 요석공주의 사랑을 이어준 문천교(蚊川橋) 터, 김유신이 살던 재매정, 월정교와 충담스님, 도화녀를 사랑한 진지왕, 선덕여왕이 만든 첨성대 등 수많은 이야기의 흔적이 교촌과 남천을 따라 펼쳐져 있다. 최부자 고택을 중심으로 향교와 전통한옥이 많이 남아있으며 가까운 곳에 월성, 월정교, 첨성대, 계림, 고분 등 소중한 신라유적이 있어 신라 문화 속의 조선 문화가 공존하는 특별한 곳이다. 또한 새롭게 복원·조성되어 문화유적의 원형을 잘 보존하면서도 관광객이 보고 즐길 수 있는 관광지로 거듭났으며 국내 최대 규모의 목조 교량인 월정교가 복원되어 목조건축의 웅장함을 느낄 수 있다. 또한 야간에는 화려한 조명으로 또 다른 볼거리를 제공해 많은 관광객이 찾는 야경 코스가 되었다.",,https://gyeongju.go.kr/gyochon,일부구역 동반가능,전 견종 동반 가능,목줄 착용,"- 일부 실내 시설 이용 시 입장 가능 여부 확인 필요- 맹견의 경우, 입마개 착용 필수- 배변봉투 지참 및 배변처리 필수",,상시 개방,연중무휴,가능
228866,울진 후포항,경상북도 울진군 후포면 후포리,12,경상북도,36.6783,129.4572,https://tong.visitkorea.or.kr/cms/resource/21/3514521_image2_1.jpg,"경상북도 울진군 남쪽 끝에 있는 후포항은 동해 중부해역의 주요 어항이다. 꽁치, 오징어, 고등어, 대게, 가자미 등 동해에서 나는 모든 어종의 집산지이다. 후포항 인근에는 선박 모양으로 지은 후포수산업협동조합, 후포수협수산물유통센터, 어판장, 후포어시장, 횟집 등이 있다. 뒤쪽으로는 등기산과 후포등대, 그 주변으로는 후포등기산공원이 있다. 후포항 부둣가에서는 이른 아침 고깃배에서 내려지는 각종 어패류와 어시장 풍경을 구경할 수도 있고 싱싱한 횟감이나 어패류를 저렴하게 구입할 수도 있다.",,,일부구역 동반가능,이동장(켄넬)에 들어가는 전 견종 동반 가능,이동장(켄넬)사용,승선 시 반드시 이동장(켄넬)을 사용하여 이동,,상시 개방,연중무휴,가능
753619,양평 황순원문학촌 소나기마을,경기도 양평군 서종면 소나기마을길 24,12,경기도,37.59491953218188,127.37788662673272,https://tong.visitkorea.or.kr/cms/resource/60/3505360_image2_1.jpg,"소나기마을은 작가 황순원 선생님의 삶과 문학 정신을 기리기 위해 양평군과 경희대학교가 힘을 모아 조성한 테마파크이다. 시 104편, 단편소설 104편, 중편 1편, 장편 7편으로 우리 문학에 빛나는 금자탑을 쌓은 황순원 선생님의 작품들 가운데서도 국민 소설로 사랑받는 『소나기』의 배경을 현실적 공간으로 재현했다. 이곳에는 황순원 선생님의 삶과 작품세계를 엿볼 수 있는 공간인 황순원문학관을 조성했다. 문학관에는 황순원 선생님의 유품과 작품을 전시하는 3개의 전시실, 그리고 야외에 인공소나기가 내리는 소나기광장이 있다. 또, 징검다리, 수숫단오솔길, 송아지들판, 들꽃마을 등 소설 『소나기』의 배경을 재현한 체험장도 조성되어 있다. 특히 주목할 만한 공간으로는 2021년에 개관한 실감콘텐츠 영상체험관 ‘디지털『소나기』 산책’이다. 국내 문학관 최초로 실감형콘텐츠를 도입해 관람객이 『소나기』의 주인공이 되어 이야기를 직접 체험할 수 있게 설계된 몰입형 공간이다. 최첨단 IT 기술을 활용하여 소설 속 장면을 생생하게 구현함으로써 황순원 문학의 감성과 메시지를 오감으로 경험할 수 있게 한다. 그 외에 황순원 선생의 다른 소설을 주제로 한 고향의 숲, 해와 달의 숲, 야외공연을 위한 사랑의 무대 등 부대시설도 설치되어 있다.
황순원 선생님은 간결하고 세련된 문체, 소설 미학의 전범을 보여주는 다양한 기법적 장치들, 소박하면서도 치열한 휴머니즘의 정신, 한국인의 전통적인 삶에 대한 애정 등을 고루 갖춘 작가로 유명하다. 특히 그의 소설들이 예외 없이 보여주고 있는 서정적인 아름다움은 소설문학이 추구할 수 있는 예술적 성과의 한 극치를 시현하는 것으로 간주된다. 소설문학이 서정적인 아름다움을 추구하는 데 주력할 경우 자칫하면 역사적 차원에 대한 관심의 결여라는 문제점이 동반될 수 있지만 황순원의 문학은 이러한 위험도 잘 극복하고 있다.",031-770-2473,https://www.yp21.go.kr/museumhub,일부구역 동반가능,전 견종 동반 가능,목줄 착용,"- 문학관 내부는 동반 불가- 맹견의 경우, 입마개 착용 필수- 배변봉투 지참 및 배변처리 필수",,[하절기(3월~10월)]09:30~18:00[동절기(11월~2월)]09:30~17:00,"매주 월요일 (단, 월요일이 공휴일인 경우 다음날 휴관) / 1월 1일 / 설·추석 / 그 밖에 군수가 필요하여 정하는 날",가능
780768,화도푸른물센터 피아노폭포,경기도 남양주시 화도읍 폭포로 562,12,경기도,37.6319928701052,127.34593929531,https://tong.visitkorea.or.kr/cms/resource/47/3507847_image2_1.jpg,"피아노폭포는 남양주시 화도읍의 친환경 시설인 화도푸른물센터 내에 위치해 있다. 이곳에는 인공폭포 외에도 무료 물놀이장, 생태공원, 피아노 화장실 등의 시설이 마련돼 있다. 피아노폭포는 절개지에 철골 구조를 세우고 인공 암반 틀을 이용해 절벽을 만든 뒤 하수처리장에서 나오는 방류수를 펌프로 끌어올려 높이 61m 절벽에서 흘러내리게 하는 방식으로 운영된다. 2005년부터 운영을 시작했으며, 동절기인 12월부터 2월까지는 동파 방지를 위해 운영하지 않는다. 피아노폭포를 마주한 곳에는 피아노 모양의 건물인 피아노 화장실이 있다. 이 화장실은 2008년 ‘아름다운 화장실’ 대상을 수상했으며, 내부에는 수유실과 휴게실이 갖춰져 있고 곳곳에 화분이 배치돼 있다. 통창으로 설계된 공간에서는 피아노폭포를 정면으로 감상할 수 있다. 여름철 한시적으로 운영되는 무료 물놀이장은 수심이 얕아 어린아이들이 안전하게 이용할 수 있으며, 다양한 조형물과 그늘막, 데크 시설이 함께 제공된다. 인근에는 간단한 간식을 판매하는 매점과 산책을 즐길 수 있는 생태공원도 조성돼 있다. 주차장 옆에 위치한 환경홍보관은 교육적인 요소를 갖춘 공간으로 방문해 볼 만하다.",,남양주도시공사 https://www.ncuc.or.kr,일부구역 동반가능,전 견종 동반 가능,목줄 착용,"- 실내 및 수경시설은 동반 불가- 맹견의 경우, 입마개 착용 필수- 배변봉투 지참 및 배변처리 필수",,09:00~18:00,매주 월요일,가능
1338947,삼락생태공원,부산 사상구 삼락동 29-46,12,부산,35.1691043434193,128.973176285884,https://tong.visitkorea.or.kr/cms/resource/90/3497090_image2_1.jpg,"삼락은 가장 넓은 둔치지역을 자랑하는 곳으로, 다양한 자연환경과 시민들을 위한 친수공간이 조성되어 있는 체육 및 휴식공간이다. 삼락생태공원은 과거 비닐하우스 경작지였던 곳을 1998년 사상구청에서 삼락둔치 상단부 일부에 운동장을 조성하였고, 2006년 부산시 낙동강둔치 재정비사업으로 겨울철새 먹이터로 이용하기 위한 친환경영농원, 물놀이장, 인라인스케이트장 등 체육시설과 습지를 복원하였다. 삼락생태공원은 크게 세 부분으로 볼 수 있는데, 첫째는 최상단부와 중앙 부분에 시민들을 위한 체육시설, 둘째는 상단부 쪽에 갈대 및 갯버들 군락의 커다란 자연초지와 곳곳의 산책로, 셋째는 하단부의 갈대습지 형성과 철에 많은 철새들이 찾아오는 곳으로 구성되어 있다.",,https://www.busan.go.kr/nakdong,전구역 동반가능,전 견종 동반 가능,목줄 착용,"- 맹견의 경우, 입마개 착용 필수- 배변봉투 지참 및 배변처리 필수",,상시 개방,연중무휴,가능
1437418,자라섬,경기도 가평군 가평읍 자라섬로 60,12,경기도,37.82086770299424,127.52085760205225,https://tong.visitkorea.or.kr/cms/resource/69/3512869_image2_1.jpg,"자라섬은 경기도 가평군 가평읍 일원에 있는 섬이다. 1943년 청평댐[淸平]이 건설되면서 북한강[北漢江]에 생긴 자라섬은 남이섬과 직선거리로 800m 정도에 자리 잡고 있다. ‘자라처럼 생긴 언덕’이 바라보고 있는 섬이라 하여 ‘자라섬’이라는 이름을 얻었다. 동도, 서도, 중도, 남도 등 4개 섬으로 이뤄진 자라섬에는 레저 및 생태공원 시설도 들어서고 있다. 서도 일원에는 오토캠핑장이 중도에는 지름 100m가 넘는 잔디광장을 갖춘 생태문화공원이 있으며, 자라섬 캠핑장 서단에는 자연생태테마파크 ‘이화원[二和園]’이 조성되어 있다. 또한 자라섬국제재즈페스티벌이 열리는 곳으로도 알려져 있다.",,가평 문화관광 https://www.gptour.go.kr/tour,일부구역 동반가능,전 견종 동반 가능,"입마개 착용,목줄 착용","- 중도 이외지역이나 캠핑장은  동반불가- 맹견의 경우, 입마개 착용 필수- 배변봉투 지참 및 배변처리 필수",,상시 개방,연중무휴,가능
1959911,예림서원,경상남도 밀양시 부북면 예림서원로 128,12,경상남도,35.4660092060962,128.729754724561,https://tong.visitkorea.or.kr/cms/resource/69/3499669_image2_1.jpg,"경상남도 밀양시 부북면에 위치한 예림서원은 조선 전기 김종직의 학문과 덕행을 기리고 지방민의 유학교육을 위하여 지은 서원으로 1567년 조선 명종 때 짓고 위패를 모셨다. 임진왜란으로 불탄 것을 1606년에 다시 지었다. 본래는 명종 1567년 당시 부사 이 경우가 밀양 유림의 요청으로 퇴계 이황의 자문을 받아 자씨산 아래 영원사 옛터인 덕성동에 서원을 짓고 덕성서원이라고 했다. 1635년에는 상남면 예림리로 옮겼으며, 이름을 예림서원으로 바꾸고, 박한주와 신계성을 더하여 모셨으며, 1680년에 지금의 위치로 옮겨 지었다. 건물의 구조는 교육공간은 앞에, 제사 공간은 뒤에 위치한 전학후묘의 배치를 하였다. 사당인 육덕사와 유생들의 모임 및 학문을 닦는 곳인 강당, 생활공간인 돈선재와 직방재, 그리고 전사청, 독서루 등이 남아있다.",,https://www.miryang.go.kr/,일부구역 동반가능,,,,,※ 자세한 사항은 전화문의 요망,연중무휴,가능
2037020,서촌마을,서울특별시 종로구 필운대로 45 (누하동),12,서울특별시,37.58019343681578,126.96850792378918,https://tong.visitkorea.or.kr/cms/resource/97/3497497_image2_1.jpg,"서촌은 경복궁 서쪽에 있는 마을을 일컫는 별칭이다. 서촌마을은 인근에 명동과는 다른 분위기로 오랫동안 골목을 지켜온 낡은 상점들과 한옥집 등을 구경할 수 있으며, 미로 같은 골목길을 걷다 보면 상큼한 파스텔컬러의 벽화와 앙증맞은 그림들이 눈길을 사로잡는다. 옛 느낌과 더불어 감각적이고 세련된 공간들도 함께 공존하고 있으며, 특유의 정겨움과 소박함을 유지하고 있다. 이런 분위기 덕에 영화, 드라마, 뮤직비디오 촬영지로 인기 있는 곳이다.",,비짓서울 https://korean.visitseoul.net,전구역 동반가능,전 견종 동반 가능,목줄 착용,"- 맹견의 경우, 입마개 착용 필수- 배변봉투 지참 및 배변처리 필수",,상시 개방,연중무휴,불가능
2500687,다산생태공원,경기도 남양주시 조안면 다산로 767,12,경기도,37.5143591026577,127.298375113133,https://tong.visitkorea.or.kr/cms/resource/53/3507853_image2_1.jpg,"다산생태공원은 생태·역사·문화가 어우러진 친환경적인 가치를 부여할 수 있는 물환경 생태공원으로 다양한 초화가 조성되어 이용객이 자연과 교감할 수 있는 수변공원이다. 2012년 한강살리기 사업의 일환으로 훼손된 팔당호 수변부를 생태계가 살아있는 수변공간 및 정약용유적지의 의미를 살려 팔당호변을 따라 친환경적인 공간으로 조성하였다. 다산생태공원에는 생태습지, 정화습지, 조류생태습지 등을 돌아볼 수 있는 산책로와 수생식물원이 있고, 곳곳에 조성된 쉼터와 야생화 꽃밭, 팔당호와 생태공원을 한눈에 담을 수 있는 전망대도 있다.

(출처 : 남양주시 문화관광 홈페이지)

◎ 한류의 매력을 만나는 여행 정보
트와이스 지효가 멍 때리기 위해 자주 찾는다는 ‘다산생태공원’은 생태·역사·문화가 어우러진 생태공원으로 한강변을 따라 산책하기 좋은 장소다. 또한 생태해설사를 통해 공원 내에 있는 다양한 식물의 정보와 역사를 알아갈 수 있다.",,남양주 문화관광 https://www.nyj.go.kr/culture,전구역 동반가능,전 견종 동반 가능,목줄 착용,"- 맹견의 경우, 입마개 착용 필수- 배변봉투 지참 및 배변처리 필수",,상시 개방,연중무휴,가능
2610236,이사부길(새천년해안도로),강원특별자치도 삼척시 새천년도로 61-18 (정하동),12,강원특별자치도,37.4392320453912,129.187997616522,https://tong.visitkorea.or.kr/cms/resource/07/3503607_image2_1.jpg,"이사부길은 삼척항에서 삼척해수욕장까지 약 4.6km에 걸쳐 푸른 동해를 따라 이어지는 동해안의 대표적인 해안도로로, ‘한국의 아름다운 길 100선’에 선정될 만큼 뛰어난 경관을 자랑한다. 길을 따라 펼쳐지는 해안 절경과 바다 바람에 깎이고 다듬어진 기암괴석, 울창한 송림이 어우러져 걷거나 드라이브하기에 최적의 코스로 손꼽힌다. 해안도로 중간중간에는 차량을 잠시 멈추고 여유롭게 경치를 감상할 수 있는 쉼터가 마련되어 있어, 여행객들에게 휴식과 감상의 즐거움을 동시에 선사한다. 또한 이 길의 끝자락에는 새천년해안유원지가 위치해 있어, 소망의 탑에서 새해의 희망을 빌거나, 조각공원에서 부담 없이 휴식을 취하며 삼척 바다의 매력을 온전히 느낄 수 있다.",,삼척 문화관광 http://www.samcheok.go.kr/tour,전구역 동반가능,전 견종 동반 가능,목줄 착용,"- 맹견의 경우, 입마개 착용 필수- 배변봉투 지참 및 배변처리 필수",,상시 개방,연중무휴,가능
2648607,용인 8경,경기도 용인시 기흥구 동탄기흥로 923,12,경기도,37.2408665253727,127.099810549654,https://tong.visitkorea.or.kr/cms/resource/04/3501204_image2_1.jpg,"제1경 석성산 일출
석성산은 용인의 진산(珍山)으로 처인구 유림동과 포곡읍 마성리, 기흥구 동백동 일원이다. 서쪽에서는 기암절벽의 웅장함을, 남과 북쪽에서는 군사 요충지와 봉수터가 있었음을 확인시켜 주듯 당당한 기상이다. 동쪽은 완만하지만 육중한 힘이 보인다. 정상의 일출이 장관이라 새해 첫날 해맞이 장소로 유명하다. 영동고속도로 개설로 단절된 한남정맥인 석성산과 향수산(할미산성)을 이어준 성산교(168m)가 명물이다.

제2경 광교산 사계
광교산은 수지구 성복동, 신봉동, 고기동, 동천동 일원과 수원시와 의왕시 일부에 걸쳐 있다. 주봉인 시루봉(582m)과 형제봉(448m)은 용인시 소재다. 정상에서 보면 수지구 일대를 비롯 인접한 도시들이 한눈에 들어온다. 설경이 아름답기로 유명하지만 수목이 울창해 여름에도 햇빛을 보지 않고 산행과 삼림욕이 가능하다. 사계절 광교산을 사랑하는 등산객들은 물맛이 좋기로 유명한 성복동 소재의 천년약수를 많이 애용하고 있다.

제3경 기흥호수공원
기흥구 하갈동과 공세동, 고매동 일원 기흥호수공원은 원래 농업용수를 공급하던 저수지였으나 시민들의 새로운 휴식처로 거듭났다. 10여㎞에 이르는 호수공원 둘레길을 걷다 보면 보는 시간과 방향, 계절에 따라 다양한 풍광이 연출된다. 조정 경기장 방면에서 바라보는 넓은 풍경도 좋지만 수문 방향이나 반대편에서 보이는 이국적인 풍경도 매력적이다. 밤에는 저수지 위에 조성된 산책로 조명이 환상적이다.

제4경 용인농촌테마파크와 연꽃단지
도시민들에게는 농촌의 추억과 향기를, 아이들에게는 농촌 체험을 제공하는 농촌테마파크이다. 용인시민이라면 누구나 무료입장과 시설 사용이 가능하다. 원두막과 들꽃 광장, 꽃과 바람의 정원 등이 인기다. 초입에 있는 연꽃단지에는 연과 수련 등 다양한 수생식물이 재배되고 있다. 또한, 연꽃단지는 가족 단위의 관광객과 사진작가들이 많이 찾는 곳이다. 인근에 있는 법륜사와 와우정사를 방문하면 다양한 문화체험을 할 수 있다.

제5경 용인자연휴양림
모현읍 초부리 정광산 자락에 위치한 휴양림으로 자연 공간을 최대한 이용해 조성했다. 수려한 자연환경 속에서 등산과 삼림욕을 즐길 수 있는 레포츠공간이다. 가족들의 쉼터나 직장인들의 세미나 공간으로도 적합하다. 특히 다양한 규모와 형태의 숙박시설과 유아부터 청소년까지 모든 연령층을 고려한 놀이시설이 배치되어 있다. 울창한 숲속에서 사색의 여유를 느낄 수 있는 체류형 휴식처로 인기다.

제6경 조비산 조망
조비산(鳥飛山)은 새가 나는 형상을 뜻한다. 넓은 들녘 가운데 봉우리 하나가 우뚝 솟아 돌을 이고 있는 듯하다. 해발 294.5m로 백암면 용천리, 석천리, 장평리에 접해 있다. 산이 가파르지만 그리 높지 않고, 정상부가 한쪽으로 기운 듯하다. 늦가을 사방이 확 트인 정상에서 내려다보이는 황금 들녘은 용인 최고의 전원 풍경이다. 예로부터 다른 산들과는 달리 머리를 남쪽으로 두고 있다 해서 ‘역적산’이라고도 불리었다.

제7경 가실벚꽃
에버랜드가 있는 포곡읍 가실리 호암미술관 일원으로 봄철마다 벚꽃들의 향연이 펼쳐진다. 향수산 물줄기가 이어진 양어저수지 주변은 용인에서 최고의 벚꽃나무 군락지다. 호암미술관 입구 왕벚꽃나무 터널과 함께 호수 주변의 환상적인 벚꽃나무 숲을 보고 있노라면 황홀경에 빠지지 않을 수 없다. 미술관 옆, 한국 정원의 진수를 보여주는 희원(熙園)과 함께 봄철이면 벚꽃 나들이의 대표적인 공간으로 자리매김 했다.

제8경 어비낙조
이동읍 송전저수지에서 해질 녘에 볼 수 있는 노을 풍경이다. 일교차가 큰 계절엔 저수지 주변에 즐비한 버드나무 사이로 피어오르는 물안개가 몽상적이다. 지도상에는 이동저수지라고도 표기되어 있으며, 수몰된 마을 어비리를 기억하는 사람들이 많아 어비리 저수지라고도 불리고 있어 ‘어비낙조’가 유래되었다.",,https://www.yongin.go.kr,일부구역 동반가능,전 견종 동반 가능,목줄 착용,"- 석성산일출, 광교산사계, 기흥호수공원, 조비산, 어비낙조, 가실벚꽃 일대는 동반 가능- 용인농촌테마파크, 연꽃단지, 용인자연휴양림, 호암미술관 및 희원은 동반 불가- 맹견의 경우, 입마개 착용 필수- 배변봉투 지참 및 배변처리 필수",기흥호수공원 내 반려견 놀이터 구비,※ 관광지마다 상이하므로 전화문의 요망,※ 관광지마다 상이하므로 전화문의 요망,
2650046,익선동 한옥거리,서울특별시 종로구 익선동,12,서울특별시,37.5734657272497,126.989775703463,https://tong.visitkorea.or.kr/cms/resource/54/3497254_image2_1.jpg,"익선동은 골목과 한옥이 어우러져 아름다운 매력을 풍기는 곳으로 남녀노소 많은 관광객들이 찾고 있으며, 젊은 세대와 어르신 간 세대를 이어주는 장소이기도 하다. 익선동은 2018년 한옥보전지구 지정 후 2019년부터 레트로, 뉴트로 열풍과 맞물려 첨단 도시 서울의 기묘한 시간 여행지로 급부상했다. 아담하고 야트막한 한옥 사이로 핏줄처럼 가느다랗고 촘촘히 골목이 이어진 익선동 한옥거리는 하나의 여행 상품처럼 구역 전체가 주목받고 있다. 한옥을 개조된 카페, 음식점, 각종 샵들이 자리 잡고 있어서 볼거리도 많은 서울 대표 데이트 코스이다.",,비짓서울 https://korean.visitseoul.net/,일부구역 동반가능,전 견종 동반 가능,목줄 착용,"- 각 가게 개별 정책 문의 필요- 맹견의 경우, 입마개 착용 필수- 배변봉투 지참 및 배변처리 필수",,점포 별로 상이함,점포 별로 상이함,불가능
2706354,강릉 안목해맞이공원,강원특별자치도 강릉시 견소동 287-6,12,강원특별자치도,37.7742755493868,128.945118827483,https://tong.visitkorea.or.kr/cms/resource/09/3378409_image2_1.JPG,"안목해맞이공원은 안목해변과 연결된 공원이다. 일출 명소로도 유명하다. 공원에는 ‘ANMOK’이라는 글자로 조형물을 만들어 놓았다. 안목을 방문하는 관광객들의 포토존이 되었다. 또한 바다를 보며 휴식을 취할 수 있도록 벤치도 조성되어 있다. 
안목해맞이공원에는 작은 무대가 설치되어 있는데, 이곳에서 특별한 행사날이나 여름 피서철에 많은 공연을 한다. 이 공원은 일상의 스트레스를 털고 재충전할 수 있는 휴양지로 적합하다.",,https://visitgangneung.net/,전구역 동반가능,전 견종 동반 가능,목줄 착용,"- 맹견의 경우, 입마개 착용 필수- 배변봉투 지참 및 배변처리 필수",,상시 개방,연중무휴,가능
2736371,백만송이장미원,경기도 부천시 원미구 성곡로63번길 99 (도당동),12,경기도,37.51704946047589,126.79319459099696,https://tong.visitkorea.or.kr/cms/resource/50/3508050_image2_1.jpg,"경기 부천시에 위치한 백만송이장미원은 1998년부터 2만여 평 부지에 불법 경작 및 잡목으로 방치된 산림을 IMF 외환위기 대책 일환으로 공공근로사업으로 장미원을 조성하여 오늘에 이르렀다. 장미 151종, 25,830본이 식재되어 있어 다양한 빛깔의 장미가 피어나는 매년 5월~6월 절경을 이룬다.

(출처 : 부천시 문화관광 홈페이지)",,부천관광 https://www.bucheon.go.kr/,전구역 동반가능,전 견종 동반 가능,목줄 착용,"- 맹견의 경우, 입마개 착용 필수- 배변봉투 지참 및 배변처리 필수",,상시 개방,연중무휴,가능
2774004,물무리골생태습지,강원특별자치도 영월군 영월읍 영월로 1713-12,12,강원특별자치도,37.199342,128.450579,https://tong.visitkorea.or.kr/cms/resource/03/3501003_image2_1.jpg,"물무리골 생태습지는 강원 고생대 국가지질공원 중 하나인 내륙습지다. 습지 일대에는 급한 경사를 보이는 해발고도 400m 이상의 산지가 발달해 있는데, 이들 산지 사이를 하천이 흐르면서 퇴적물이 이동해 아래쪽에 소규모의 평평한 내륙습지가 형성된 것이다. 이 같은 석회암 지대의 자연 내륙습지는 학술 가치가 매우 높다. 또 물무리골 생태습지는 조선 단종의 무덤인 장릉과도 이웃하고 있어 사적으로 보호받고 있다. 잘 다듬어진 산책로를 따라 걷다 보면 이곳에 뿌리내린 다양한 식물의 이름과 특징, 개화 시기 등을 설명한 푯말이 꼼꼼하게 붙여져 있다. 하늘 높이 뻗은 전나무숲길에선 시원한 나무 그늘에 쉬어갈 수 있는 평상도 마련되어 있다. 자연 습지라 벌이나 곤충도 다양한데, 입구에 마련된 기피제를 미리 사용하면 보다 안전한 탐방을 즐길 수 있다.",,https://www.yw.go.kr/tour/index.do,일부구역 동반가능,전 견종 동반 가능,"입마개 착용,목줄 착용,기타","- 맹견의 경우, 입마개 착용 필수- 배변봉투 지참 및 배변처리 필수",,상시 개방,연중무휴,가능
2784167,가야산생태탐방원,경상북도 성주군 수륜면 봉양로1길 313,12,경상북도,35.8340723837092,128.153737946127,https://tong.visitkorea.or.kr/cms/resource/66/3515766_image2_1.JPG,"국립공원공단은 자연·사람·미래를 연결하는 국립공원 생태체험 사업을 종합적으로 지원함으로써 국민의 삶의 질 향상에 기여하고자 생태탐방원을 설립했다. 성주군 수륜면에 위치한 가야산생태탐방원은 가야산국립공원에 위치한 생태체험·환경교육 전문기관으로 2018년 11월에 개원했다. 가야산권의 우수한 생태, 문화, 자원 등을 활용하여 다양한 프로그램과 생활관을 운영하고 있다. 개인, 가족 단위뿐만 아니라 워크숍, 연수 등 단체 이용객을 위한 강당, 강의실 등이 갖춰져 있다. 계절별 각기 다른 오전, 오후 상시생태프로그램을 운영하고 있으며 2019년에는 경상북도 유니크베뉴 최우수기관으로 선정되어 자연 속 힐링을 필요로 하는 이용객들에게 많은 사랑을 받고 있다.",,https://res.knps.or.kr,일부구역 동반가능,"최근 1년이내 광견병 접종(증빙서류 필요) 을 완료한 등록된 반려견만 입장 가능(단, 맹견은 입장제한 )",,가야산생태탐방원 2동 (자연의집 - 반려견 전용실)에서만 동반 가능,,- 입실 15:00- 퇴실 11:00,연중무휴,가능
2792592,화포해변,전남 순천시 별량면 학산리,12,전남,34.841537,127.485983,https://tong.visitkorea.or.kr/cms/resource/38/3496238_image2_1.jpg,"화포해변은 순천 별량면 학산리에 위치한 해변이다. 이곳은 수산자원이 풍부하고, 간조 때 깨끗한 개펄에서 잡히는 세 발 낙지가 유명하며, 겨울이면 흑두루미, 저어새, 검은 머리갈매기 등 철새들이 몰려와 장관을 이룬다. ㄷ자로 생긴 순천만의 아랫부분에 위치하여 바닷가에서 멋진 해돋이를 맞이할 수 있다. 주차장, 어부장터, 산책로 등의 시설이 잘 갖추어져 있어 드라이브나 차박을 즐기기 위해 방문하는 사람들이 많다. 주변에 대대 포구 갈대숲과 송광사, 선암사, 동화사, 낙안읍성 민속마을, 주암호, 고인돌공원 등 관광지를 함께 여행할 수 있다.",,,일부구역 동반가능,전 견종 동반 가능,목줄 착용,"- 맹견의 경우, 입마개 착용 필수- 배변봉투 지참 및 배변처리 필수",,상시 개방,연중무휴,가능
2795448,기적의놀이터 4호 올라올라,전남 순천시 용당동 491-1,12,전남,34.9672515796655,127.498139292997,https://tong.visitkorea.or.kr/cms/resource/57/3495657_image2_1.jpg,"순천에 위치한 기적의 놀이터 4호의 다른 이름은 올라올라로, 이름에서 놀이터의 콘셉트가 엿보인다. 놀이터의 시설물은 그리 많지 않은데, 큰 미끄럼틀과 그 옆으로 모랫바닥에 거미줄 같은 네트 모양의 시설이 눈에 띈다. 둘 다 오르면서 즐길 수 있는 시설이다. 뒤쪽으로는 짧지만 넓은 미끄럼틀도 있다. 눈썰매장의 출발대처럼 여러 명이 동시에 탈 수 있는 놀이 시설과 비슷하다. 놀이 시설물 주변은 자연 녹지인데, 주위로 작은 개울이 흐르고 자연학습원도 마련되어 있다. 놀이를 마치고 나올 때는 저수지를 한 바퀴 돌며 산책하기에도 좋다.",,,일부구역 동반가능,전 견종 동반 가능,목줄 착용,"- 맹견의 경우, 입마개 착용 필수- 배변봉투 지참 및 배변처리 필수",,상시 개방,연중무휴,가능
2795458,기적의놀이터 3호 시가모노,전라남도 순천시 서면 선평리 818-23,12,전라남도,34.986671,127.499028,https://tong.visitkorea.or.kr/cms/resource/74/3495974_image2_1.jpg,"순천 기적의 놀이터 3호의 다른 이름은 시가모노다. 시가모노의 뜻은 시간 가는 줄 모르고 노는 놀이터의 약자다. 아파트 사이를 흐르는 동천의 천변에 길게 자리한 놀이터로 놀이터에 들어서자마자 킥보드와 밸런스 바이크를 탈 수 있는 곡선형 아스팔트 길이 나온다. 그 주변으로 모래 놀이터가 있고 가장 인기 있는 집라인도 있다. 안쪽으로 조금 더 들어가면 그네 놀이터와 체력 단련용 액티비티 시설이 나온다. 유아들이 탈 수 있는 보호대가 있는 그네부터 2인용 그네, 원형 바구니처럼 생긴 다인용 그네도 있다. 바닥에는 모래가 깔려 있어서 완충 역할을 한다. 조금 더 내려가면 아이들이 안전하게 인라인스케이트를 탈 수 있는 스케이트장이 나온다.",,,일부구역 동반가능,전 견종 동반 가능,목줄 착용,"- 맹견의 경우, 입마개 착용 필수- 배변봉투 지참 및 배변처리 필수",,상시 개방,연중무휴,가능
2862152,밀락더마켓,부산광역시 수영구 민락수변로17번길 56,12,부산광역시,35.1542200827309,129.127037352653,https://tong.visitkorea.or.kr/cms/resource/36/3495536_image2_1.jpg,"부산 수영구에 위치한 밀락더마켓은 보리에에서 운영하는 복합문화공간이다. 양옆에 에스컬레이터와 엘리베이터가 있어 편리하게 이용이 가능하다. 들어서서 보이는 벽면의 그래피티들이 인상적인 포토존 형성하고 있다. 차별화된 열린 광장형의 체험공간을 지향하는 이곳은 로컬과 문화를 연결하는 새로운 라이프스타일의 공간이며, 누구나 주인공이 될 수 있는 꿈의 무대 버스킹스퀘어와 부산바다를 느낄 수 있는 오션뷰스탠드, 수준 높은 국내외 외식브랜드를 경험할 수 있는 F&B존 등으로 공간이 구성되어 있다. 입점한 브랜드에 따라 팝업 스토어로 기간을 정해놓고 운영 중인 곳도 있기에 방문하고 싶었던 브랜드가 있다면 미리 확인해 보고 방문하면 좋을 듯하다.",,https://www.instagram.com/millac_the_market_official,전구역 동반가능,15kg 이하 동반 가능,"반려동물 유모차 탑승,이동장(켄넬)사용",배변봉투 지참 및 배변처리 필수,,10:00~24:00,연중무휴,가능
2993378,씨사이드파크,인천광역시 중구 하늘달빛로2번길 6 씨사이드파크 관리사무실,12,인천광역시,37.4833018704679,126.568160681001,https://tong.visitkorea.or.kr/cms/resource/32/3501132_image2_1.png,"인천 중구 영종도에 위치한 씨사이드파크는 바닷바람정원, 염전테마정원, 수변, 송산, 하늘구름 광장, 영종진으로 구획되어 있다. 다양한 체육시설과 놀이터는 물론 인공암벽폭포, 야외공연장, 조형분수, 전망대, 조형물 등이 있다. 바다공원답게 물놀이터와 족욕장, 갯벌과 염전창고도 찾아볼 수 있다. 또한 씨사이드파크의 중간부에 위치한 캠핑장을 이용할 수 있고 다채로운 볼거리와 탁 트인 바다 전망을 동시에 즐길 수 있다. 매년 6월~8월 무료로 운영하는 어린이 물놀이장은 아이와 함께 찾아오는 가족들에게 인기가 많다. 어린이 물놀이장은 관리사무소 뒤편에 위치해 있으며 근처에 카페와 편의점도 있어 이용이 편리하다.

(출처 : 중구 문화관광)",,https://www.insiseol.or.kr/main/,일부구역 동반가능,전 견종 동반 가능,목줄 착용,- 물놀이장 내부 동반 불가- 배변봉투 지참 및 배변처리 필수,,※ 시설별 상이하므로 홈페이지 참고,연중무휴,가능
3029628,빛누리정원,경상북도 경주시 용담로 107 (황성동) (황성공원 내),12,경상북도,35.864152,129.208179,https://tong.visitkorea.or.kr/cms/resource/04/3509104_image2_1.jpg,"황성공원 예술의 전당 뒤편에 위치한 경주 빛누리정원은 경주 야경 명소로 인기 있는 곳이다. 낮에는 아름다운 자연 속에서 산책을 즐기며 밤에는 산책로를 따라서 설치된 음향 시설에서 대중가요, 국악, 가곡, 클래식 등 다양한 음악이 흘러나와 음악을 들으며 야경을 감상할 수 있다. 빛누리정원 뒤편에는 신라시대 건축 방법을 고증해 재현한 상우정 누각과 연못이 있다. 또한 곳곳에 의자가 배치되어 있어 마음에 드는 풍경을 보면서 쉬어가기 좋은 곳이다.",,,전구역 동반가능,전 견종 동반 가능,목줄 착용,"- 맹견의 경우, 입마개 착용 필수- 배변봉투 지참 및 배변처리 필수",,상시 개방,연중무휴,가능
126658,태종대,부산광역시 영도구 전망로 24 (동삼동),12,부산광역시,35.05969491904282,129.07980569117214,https://tong.visitkorea.or.kr/cms/resource/83/3506383_image2_1.jpg,"부산 영도구 태종대는 아름다운 자연경관과 풍부한 역사적 의미를 가진 관광지이다. 이곳은 부산의 대표적인 명승지로, 기암괴석과 울창한 숲이 어우러져 독특한 경관을 자랑한다. 태종대에는 전망대가 있어, 멀리 바다를 바라보며 경치를 즐길 수 있다. 또한, 태종대 일대에는 다양한 산책로와 해안선을 따라 펼쳐진 길이 있어 관광객들에게 자연 속에서 힐링할 수 있는 기회를 제공한다. 이곳은 태종대 등대와 태종사와 같은 역사적인 유적지들도 있어 방문객들이 찾는 명소이다. 태종대에서는 다누비 열차도 함께 즐길 수 있어 아이와 가족과 함께 주말 나들이 장소로도 추천한다.",,https://www.bisco.or.kr/taejongdae/,일부구역 동반가능,전 견종 동반 가능,목줄 착용,"- 맹견의 경우, 입마개 착용 필수- 배변봉투 지참 및 배변처리 필수",,[하절기(3월~10월)]04:00~24:00[동절기(11월~2월)]05:00~24:00※ 자세한 사항은 홈페이지 참조,연중무휴,가능
2594360,익산교도소세트장,전북특별자치도 익산시 성당면 함낭로 207,12,전북특별자치도,36.0694771349201,126.930667188611,https://tong.visitkorea.or.kr/cms/resource/35/4003835_image2_1.jpg,"익산시 성당면 와초리 성당초등학교 남성분교 폐교부지 위에 세워진 국내 유일의 영화 촬영용 교도소 세트장이다. 이곳에서 영화 의 현실감 넘치는 교도소 장면이 연출되었고 이외에도 200여 편의 영화와 드라마가 촬영되었다. 교도소 세트장에 들어가면 ‘영화가 탄생하는 마술상자’라는 말을 증명이라도 하듯 입구에는 그동안 촬영된 영화 포스터들을 전시하고 있다.  세트장은 1층과 2층으로 이루어져 있고 건물 내부와 외벽에는 교화에 필요한 문구들이 여기저기 붙어 있다. 국내 유일의 영화촬영용 교도소인 이곳은 새로운 관광명소로 각광받고 있으며 운동장에 깔린 천연잔디는 관광객들의 휴식공간과 포토존으로 인기가 많다.

◎ 한류의 매력을 만나는 여행 정보 
한국에서 유일한 영화 촬영용 교도소 세트장으로 드라마 , , 영화 ,  등을 촬영했다. 폐교를 활용해 만든 세트장이지만 법정, 독방, 취조실, 고문실 등에서 사진을 찍다 보면 오싹해진다. 의상을 대여해 교도관이나 죄수가 되어 보면 더 실감 나게 교도소 체험을 할 수 있다.",,https://www.iksan.go.kr/strange/,전구역 동반가능,"전 견종 동반 가능(단, 짖음, 공격성이 심한 반려견은 현장에서 입장 제한될 수 있음)","목줄 착용,반려동물 유모차 탑승,이동장(켄넬)사용,매너벨트 착용","- 외부는 목줄 착용 시 자유롭게 도보 이동 가능- 내부는 유모차 및 이동장(켄넬) 사용 필수- 맹견의 경우, 입마개 착용 필수- 배변봉투 지참 및 배변처리 필수",,- 하절기 09:00~18:00- 동절기 09:00~17:00,매주 월요일 / 촬영일,가능
2578005,트윈터널,경상남도 밀양시 삼랑진읍 미전리 1026-4,12,경상남도,35.4088,128.8029,https://tong.visitkorea.or.kr/cms/resource/50/3499450_image2_1.jpg,"트윈 터널은 빛과 캐릭터로 이루어진 테마파크이다. 경부선 폐터널을 재생사업한 공간으로 약 1억 개의 불빛으로 수놓아 포토존이 가득하다. 터널 내부에는 크게 10가지의 테마로 꾸며져 있다. 삼랑진 트윈 터널은 조선시대 고종이 직접 명령하여 만든 철도 터널로, 실제로 열차가 달리던 터널이었지만 더 이상 사용하지 않게 된 곳이다. 일제 강점기부터 터널에서 도깨비불을 봤다거나 빛나는 돌을 주워 큰 행운을 얻었다는 등 많은 신비한 이야기가 전해오던 곳이다. 이런 신비한 빛에 관한 이야기들을 캐릭터와 접목시켜 테마파크로 만든 곳이 삼랑진 트윈 터널이다. 계절과 상관없이 일정한 온도를 유지하여 여름엔 시원하고 겨울에는 따뜻한 공간이다.",,밀양 문화관광 https://www.miryang.go.kr,전구역 동반가능,반려동물 유모차 및 이동장(켄넬)에 들어가는 전 견종 동반 가능,"반려동물 유모차 탑승,이동장(켄넬)사용",- 반려견의 몸체가 땅에 닿으면 동반 불가- 배변봉투 지참 및 배변처리 필수,,- 평일 10:30~19:00 (입장 마감 18:00) - 주말 10:30~20:00 (입장 마감 19:00),연중무휴,가능
2661446,아미르공원,부산광역시 영도구 해양로301번길 55 (동삼동),12,부산광역시,35.07716670828908,129.08195628761837,https://tong.visitkorea.or.kr/cms/resource/50/3498650_image2_1.jpg,"아미르 공원은 1990년 말 부산항 북항 개발과정의 준설토를 매립하여 조성된 동삼 혁신도시 내 공원으로서, 지역개발을 염원하는 주민대표인 ‘동삼혁신지구발전대책위원회’의 지속적 관심과 노력으로 2012년 7월 탄생하였다. 영도구 국립해양박물관 옆에 위치한 아미르 공원은 넓은 잔디공간에 탁 트인 바다를 감상할 수 있고, 여름에는 수국이 만개하여 화려한 수국길을 걸을 수 있는 곳이며, 길이 600m, 폭 38m 규모의 공원으로 많은 시민들이 찾는 힐링공간이다.",,영도구 문화관광 https://www.yeongdo.go.kr/tour,전구역 동반가능,전 견종 동반 가능,목줄 착용,"- 맹견의 경우, 입마개 착용 필수- 배변봉투 지참 및 배변처리 필수",,상시 개방,연중무휴,불가능
126674,해운대 달맞이길,부산광역시 해운대구 달맞이길 190,12,부산광역시,35.1576790506242,129.182540419138,https://tong.visitkorea.or.kr/cms/resource/48/3412848_image2_1.jpg,"해운대는 부산 해운대구 동쪽 바닷가에 있는 동백[冬柏] 섬을 지칭하지만 오늘날에는 ‘달맞이길’이라 불리는 해안선 일대와 언덕을 포함한 곳을 말한다. 부산의 몽마르트라고도 불리는 달맞이길은 예로부터 푸른 바다, 백사장, 동백숲, 소나무숲이 어우러진 절경으로 이 지역을 대표하는 명소이며 부산팔경[釜山八景]의 하나이기도 하다. 해운대 달맞이 고개와 청사포[靑沙浦]에서 바라보는 저녁달은 운치가 있다고 하여 대한팔경에 포함시켰다. 해운대해수욕장을 지나 송정해수욕장으로 향하는 길목은 ‘15곡도[曲道]’라고도 하며 드라이브 코스를 형성하고 있다. 이곳에서는 특히 정월 대보름날에 달빛과 어우러진 바다의 정취를 마음껏 즐길 수 있다. 또한 길목 중간 부분에는 달맞이동산이 조성되어 있다. 이곳에는 자연석으로 건립된 동산비가 있고 특히 달맞이 정자 해월정[海月亭]은 옛날 정자식으로 건축되어 고풍스러운 분위기가 운치를 더하고 있다.",,해운대 문화관광 http://www.haeundae.go.kr/tour/,전구역 동반가능,전 견종 동반 가능,목줄 착용,"- 맹견의 경우, 입마개 착용 필수- 배변봉투 지참 및 배변처리 필수",,상시 개방,연중무휴,가능
127291,강화 동막해변,인천광역시 강화군 화도면 해안남로 1481,12,인천광역시,37.5932371251479,126.457049441181,https://tong.visitkorea.or.kr/cms/resource/37/3501337_image2_1.jpg,"동막해변은 세계 5대 갯벌 중 하나로 꼽힐 만큼 갯벌 체험을 하기에 좋은 곳이다. 백사장과 울창한 소나무 숲으로 둘러싸여 천혜의 자연경관을 자랑하고 있다. 밀물 시에는 해수욕을 즐길 수 있고, 썰물 시에는 갯벌에 사는 여러 가지 생물들을 관찰할 수 있다. 물이 빠지면 끝없이 펼쳐진 갯벌이 드러나면서 칠게, 가무락, 쌀무늬고둥, 갯지렁이 등 다양한 바다 생물들을 관찰할 수 있다.
해변 한쪽으로는 ‘저어새 보러 가는 길’이라는 해안 산책로가 조성되어 있다. 저어새는 세계적인 멸종 위기종으로 천연기념물로 지정해 보호하고 있는데 강화 갯벌에서 번식지가 발견된 바 있다. 강화 갯벌 및 저어새 번식지는 천연기념물로 지정됐다.",,강화 문화관광 https://www.ganghwa.go.kr,전구역 동반가능,전 견종 동반 가능,목줄 착용,"- 맹견의 경우, 입마개 착용 필수- 배변봉투 지참 및 배변처리 필수",,상시 개방,연중무휴,"가능요금 (1일 최대 2,000원)"
126166,경주 불국사 [유네스코 세계유산],경상북도 경주시 불국로 385 (진현동),12,경상북도,35.7923023161251,129.331725391321,https://tong.visitkorea.or.kr/cms/resource/70/3506170_image2_1.jpg,,,,,,,,,09:00~18:00 (입장 마감 17:00),연중무휴,가능
127619,황성공원,경상북도 경주시 황성동,12,경상북도,37.859,127.2144,https://tong.visitkorea.or.kr/cms/resource/18/3499418_image2_1.JPG,"경주 황성공원은 신라 때 화랑들의 훈련장으로 쓰인 역사가 있는 오래된 숲에 자리해 있다. 삼릉에 뒤지지 않는 멋스러운 소나무와 수 백 년 수령을 자랑하는 고목이 어우러져 울창한 숲을 이룬다. 여름이면 솔숲 산책로에 맥문동 군락이 조성되어 수려한 풍광을 더 해주고 가을이면 느티나무, 상수리나무, 떡갈나무에 단풍이 아늑하게 물든다. 또한 도심 속 힐링 공간으로 경주 시민과 관광객의 사랑을 지속적으로 받고 있으며 문화유적 답사에 지친 여행자들의 발을 편하게 해주는 쉼터 구실을 하고 있다. 가을 10월 초순에는 격년제로 신라문화제가 개최해 볼거리를 더해준다.",,경주 문화관광 https://www.gyeongju.go.kr,일부구역 동반가능,전 견종 동반 가능,목줄 착용,"- 맨발 걷기 황토길은 반려견 출입 불가- 인식표 착용 요망- 맹견의 경우, 입마개 착용 필수- 배변봉투 지참 및 배변처리 필수",,상시 개방,연중무휴,가능
2707924,와온해변,전라남도 순천시 해룡면 상내리,12,전라남도,34.8493409467926,127.523703800491,https://tong.visitkorea.or.kr/cms/resource/54/3496254_image2_1.jpg,"와온해변은 전라남도 순천시 해룡면 상내리 와온마을에 위치한 해변이다. 한 스님이 인근 상봉우리에 있는 바위를 보고 소가 누워 있는 형상을 하고 있으며, 산 아래로 따뜻한 물이 흐른다고 말해 이후 부터 와온[臥溫]이라 부른다고 한다. 남서쪽으로는 고흥반도와 순천만, 동쪽으로는 전라남도 여수시 율촌면 가장리에 인접한 조용한 해변으로 길이는 약 3㎞다. 낙조풍경이 아름다운 곳으로 와온해변 앞에 있는 솔섬 너머로 해가 넘어가는 모습은 장관을 연출 시킨다. 썰물로 인해 드넓은 개펄이 드러나는데, S자 라인으로 좁고 구불구불한 물길이 생긴다. 또한 흑두루미를 비롯한 겨울 철새의 모습을 볼 수도 있다.",,순천여행 https://www.suncheon.go.kr/tour,전구역 동반가능,전 견종 동반 가능,목줄 착용,"- 맹견의 경우, 입마개 착용 필수- 배변봉투 지참 및 배변처리 필수",,상시 개방,연중무휴,가능
126080,송정해수욕장,부산광역시 해운대구 송정동 712-2,12,부산광역시,35.178728,129.199722,https://tong.visitkorea.or.kr/cms/resource/22/3495922_image2_1.jpg,"송정해수욕장은 달맞이 길을 따라 해월정과 벚꽃단지를 지나서 만날 수 있다. 백사장 길이는 1.2㎞, 폭 30~60m, 면적 54,000㎡이며 규모가 큰 편이다. 송정해수욕장은 부드러운 모래와 완만한 경사, 얕은 수심으로 가족들과 어린이들이 해수욕하기 좋아 가족 휴양지로 나날이 인기를 끌고 있다. 해수욕장 입구에 위치한 죽도에는 울창한 송림과 휴식공간이 마련되어 있고 해마다 기원제가 열리며 우리 고유의 정자 양식인 팔각정모양의 송일정도 운치를 더해준다. 해안을 따라 자연산 회를 취급하는 횟집이 늘어서고 있고 해안 끝 광어골에는 외식문화 거리가 조성되어 있어 또 다른 별미를 맛볼 수 있다. 또한 해마다 대보름 미역축제와 송정해변축제, 송정죽도 문화제 등 많은 행사가 열리고 있다.",,해운대 문화관광 http://www.haeundae.go.kr/tour,일부구역 동반가능,전 견종 동반 가능,목줄 착용,"- 입수도 가능, 샤워도 가능- 맹견의 경우, 입마개 착용 필수- 배변봉투 지참 및 배변처리 필수",,상시 개방,연중무휴,가능
127931,순천 낙안읍성,전라남도 순천시 낙안면 충민길 30,12,전라남도,34.90606162058277,127.34172763575718,https://tong.visitkorea.or.kr/cms/resource/51/3497851_image2_1.jpg,"삼한시대 마한땅, 백제 때 파지성, 고려 때 낙안군 고을 터였으며 조선시대 성과 동헌, 객사, 임경업장군비, 장터, 초가가 원형대로 보존되어 성과 마을이 함께 국내 최초로 사적에 지정되었다. 조선 태조 6년(1397) 왜구가 침입하자 이 고장 출신 양혜공 김빈길 장군이 의병을 일으켜 토성을 쌓아 방어에 나섰고 300년 후, 인조 4년(1626) 충민공 임경업 장군이 낙안 군수로 부임하여 현재의 석성으로 중수했다. 다른 지역 성과는 달리 넓은 평야 지대에 1~2m 크기의 정방형의 자연석을 이용하여 높이 4m, 너비 3~4m, 성곽 총길이가 1,410m로 동내, 남내, 서내 등 3개 마을 생활근거지를 감싸 안은 듯 장방형으로 견고하게 축조되어 400년이 가까운 지금도 끊긴 데가 없고 웅장하기 이를 데 없다. 지금도 많은 세대가 실제 생활하고 있는 민속 고유의 전통마을로서, 민속학술자료는 물론 역사의 산교육장으로 가치를 인정받고 있다. 동문을 비롯 서·남문을 통해 성 안에 들어서면 사극 촬영장이 아닌가 하는 착각에 빠져들며(사극 용의 눈물, 태조왕건 등 촬영장소) 용인, 제주민속마을과 같은 전시용이나 안동 하회마을과 같이 양반마을도 아닌 그저 대다수의 우리 서민들이 살아왔던 옛 그대로의 모습이기에 조상들의 체취가 물씬 풍겨 친근한 정감이 넘친다. 남부 지방의 독특한 주거양식인 툇마루와 부엌, 토방, 지붕, 섬돌 위의 장독, 이웃과 이웃을 잇는 돌담은 모나지도, 높지도 않고 담장이와 호박넝쿨이 어우러져 술래잡기하며 뛰놀던 어린 시절 마음의 고향을 연상케 한다.

◎ 한류의 매력을 만나는 여행 정보 - 드라마 
조선 시대부터 지금까지 한국인의 삶의 모습을 볼 수 있는 전통 마을로 옹기종기 모인 초가집들은 정겹고 흙과 돌로 만든 담과 곡선이 아름다운 지붕은 소박하게 아름답다. 성벽 위를 걸어가면 초가집으로 이루어진 마을의 경관을 한눈에 바라볼 수 있다. 드라마 에서 민재이가 사는 마을의 배경지이다.",,http://www.suncheon.go.kr/nagan/,일부구역 동반가능,전 견종 동반 가능,목줄 착용,- 목줄은 2m미터 이내로 필수- 배변봉투 지참 및 배변처리 필수,,- 1월/11월~12월 09:00~17:30- 2월~4월/10월 09:00~18:00- 5월~9월 08:30~18:30,연중무휴,가능
126079,다대포해수욕장,부산광역시 사하구 몰운대1길 14,12,부산광역시,35.046247,128.963151,https://tong.visitkorea.or.kr/cms/resource/15/3497115_image2_1.jpg,"낙동강과 남해안이 만나 양질의 모래밭을 만든 곳, 일출과 일몰 조망지이다. 대포해수욕장은 자연이 주는 황홀경을 맘껏 즐길 수 있는 기분 좋은 장소이다. 다대포 해수욕장의 희고 고운 모래는 오랜 풍화작용 덕에 매우 부드러운 것이 특징이다. 또한 다대포해수욕장은 수심이 얕고 수온이 차지 않아 아이들이 놀기에 적격이다. 최근에는 패들보드나 카이트보딩 등 해양스포츠를 즐기는 사람들로 사시사철 활기가 넘치는 곳이다. 다대포해수욕장에 해변공원과 생태탐방로가 생기고 난 후 이곳을 찾는 사람들이 훨씬 많아졌다. 해수욕장 입구에 드넓은 광장이 펼쳐지고 세계 최대 규모를 자랑하는 꿈의 낙조 분수와 함께 해변공원이 시작된다. 꿈의 낙조분수는 화려한 조명과 음악이 춤을 추는 분수와 어우러져 장관을 연출한다. 4월 말부터 10월까지 정기적으로 펼쳐지는 화려한 분수쇼가 아름다운 것으로 유명하다.

◎ 한류의 매력을 만나는 여행 정보 - 드라마 
송중기와 천우희 주연의 드라마 에서 성제연과 선우해가 노을이 지는 바닷가를 함께 거닐다, 제연이 선우해에게 고백하는 장면의 배경이 바로 이곳이다. 붉게 물든 하늘과 잔잔한 파도가 어우러진 해변 풍경은 보는 이로 하여금 절로 감탄을 자아내며, 드라마 속 감정을 더욱 깊이 있게 전해준다.",,비짓부산 https://www.visitbusan.net/,전구역 동반가능,전 견종 동반 가능,목줄 착용,"- 맹견의 경우, 입마개 착용 필수- 배변봉투 지참 및 배변처리 필수",,상시 개방,연중무휴,불가능
126799,민락수변공원,부산광역시 수영구 민락동 110-19,12,부산광역시,35.1545,129.133,https://tong.visitkorea.or.kr/cms/resource/66/3498366_image2_1.jpg,"민락수변공원은 부산 수영구 민락동에 위치한 아름다운 해변 공원이다. 이곳은 광안리해수욕장과 인접해 있어 바다의 경관을 즐기며 산책할 수 있는 최적의 장소이다. 공원 내에는 넓은 잔디밭과 산책로가 잘 조성되어 있어 가족 단위 방문객이나 연인들이 여유로운 시간을 보낼 수 있다. 또한, 민락수변공원은 야경이 아름다워 특히 광안대교와 바다의 조화를 즐기기에 좋은 곳이다. 근처에는 카페와 레스토랑도 있어 바다를 바라보며 식사를 즐길 수 있다. 자연과 도시가 어우러진 이 공원은 부산의 대표적인 휴식처로 지역 주민뿐만 아니라 관광객들에게도 인기 있는 명소이다.",,수영구 문화관광 https://www.suyeong.go.kr/tour/,일부구역 동반가능,전 견종 동반 가능,목줄 착용,"- 맹견의 경우, 입마개 착용 필수- 배변봉투 지참 및 배변처리 필수",,상시 개방,연중무휴,가능
1824216,선암호수공원,울산광역시 남구 선암호수길 104,12,울산광역시,35.5169977357808,129.326041902412,https://tong.visitkorea.or.kr/cms/resource/21/3495121_image2_1.jpg,공업용수공급을 위해 설치되어 수질보전과 안전을 이유로 1.2㎢의 유역면적 전역에 철조망이 설치되어 타 지역에 비해 상대적으로 낙후됨으로써 사람이 찾지 않는 소외지역으로 전락한 지 40년이었다. 자연과 인간을 경계 지어온 지역을 철조망을 철거하고 저수지 주변의 수려한 자연경관을 활용하여 산책로 및 다양한 테마를 가진 시설물을 조성하였다. 호수 주변을 산책하면서 피톤치드를 느끼며 편안한 휴식을 취할 수 있다.,,https://www.ulsannamgu.go.kr,일부구역 동반가능,전 견종 동반 가능,목줄 착용,"- 맹견의 경우, 입마개 착용 필수- 배변봉투 지참 및 배변처리 필수",,상시 개방,연중무휴,가능
2663155,죽성드림세트장,부산광역시 기장군 기장읍 두호1길 2-7 일원,12,부산광역시,35.240969,129.248501,https://tong.visitkorea.or.kr/cms/resource/74/3495474_image2_1.jpg,부산 기장군 죽성리에 위치한 죽성성당은 2009년 SBS 드라마 을 촬영하기 위해 지어진 드라마 세트장이다. 오래전 방영된 드라마는 잊혔지만 잘 만들어진 이 공간만큼은 기장을 찾는 여행객의 필수 코스라고 할 정도로 명소가 되었다. 성당 내부는 갤러리로 운영되고 있어서 운 좋게 전시일정과 겹친다면 뜻하지 않은 볼거리를 경험할 수 있다. 작은 어촌마을에 위치한 지리적 특성 덕분인지 남다른 분위기를 간직하고 있다. 중세시대의 어느 바닷가 마을을 그대로 옮겨 놓은 것 같은 풍경은 마치 한 폭의 그림 같다. 바위 위로 부서지는 하얀 포말은 성당의 붉은 지붕과 대비되어 이곳을 찾는 이들의 시선을 한눈에 사로잡는다. 죽성성당에서 가장 많은 이들이 줄을 서서 기다리는 곳은 마치 액자의 프레임을 그대로 옮겨 놓은 듯한 포토존이다. 액자 속으로 들어간 푸른 바다와 하늘이 더없이 아름다운 배경을 만들어 준다.,,비짓부산 https://www.visitbusan.net/kr/,일부구역 동반가능,전 견종 동반 가능,목줄 착용,"- 실내 시설 동반 불가- 맹견의 경우, 입마개 착용 필수- 배변봉투 지참 및 배변처리 필수",,상시 개방,연중무휴,가능요금 (무료)
2569476,비둘기낭 폭포 (한탄강 유네스코 세계지질공원),경기도 포천시 영북면 대회산리 415-2,12,경기도,38.0797774400536,127.216913767376,https://tong.visitkorea.or.kr/cms/resource/83/3496483_image2_1.jpg,"비둘기낭 폭포는 영북면 대회산리에 위치한 현무암 침식 협곡으로 불무산에서 발원한 불무천의 말단부에 위치해 있다. 비둘기낭이란 이름은 주변 지형이 비둘기 둥지처럼 움푹 들어간 주머니 모양을 하고 있다고 하여 비둘기낭 폭포라 부른다. 또 다른 설은 예전부터 양비둘기가 폭포 주변의 동굴에 서식하고 있다고 하여 비둘기낭이라 불린다고 전해진다. 예전 6·25 전쟁 당시에는 수풀이 우거지고 외부에 잘 드러나지 않아 마을주민의 대피시설로도 사용되었고 군인들의 휴양지로도 사용되었다. 그러나 현재는 2012년 천연기념물로 지정되어 보호되고 있으며 많은 관광객들에게 그 아름다움과 비경을 전하고 있다. 비둘기낭 폭포는 지질·지형학적으로 하식동굴, 협곡, 두부침식, 폭포 등 하천에 의한 침식 지형을 관찰할 수 있고, 주상절리, 판상절리 등 다양한 지질구조도 확인할 수 있다. 또한, 한탄강에 흐른 용암의 단위를 한눈에 관찰할 수 있어 학술적으로도 가치가 있다고 할 수 있다.

(출처 : 한탄강지질공원)

◎ 한류의 매력을 만나는 여행 정보 - 드라마 
드라마 의 극 중 캐릭터 장호우 일행이 단체 야외 실사를 나간 장소 비둘기낭폭포는 포천에 위치한 지질생태공원이다. 주상절리의 절경과 푸른 물줄기가 떨어지는 폭포를 볼 수 있는 곳으로 한탄강 8경 중 하나로 꼽히기도 한다.",,https://www.hantangeopark.kr,일부구역 동반가능,15kg 이하 동반 가능,목줄 착용,- 목출착용후 동반가능하나 폭포내려갈땐 소형견은 안아서 이동하는것을 권장- 배변봉투 지참 및 배변처리 필수,,09:00~18:00,연중무휴,가능
2720434,덕봉산 해안생태탐방로,강원특별자치도 삼척시 근덕면 덕산리,28,강원특별자치도,37.3880614532962,129.238672133392,https://tong.visitkorea.or.kr/cms/resource/88/3495788_image2_1.jpg,"『해동여지도』와 『대동여지도』 기록을 통해 본래 섬이었다가 후에 육지와 연결되었음을 알 수 있는 덕봉산은 산모양이 물독과 흡사하여 ‘더멍산’이라고 불렸다고 전해진다. 군 경계 철책을 철거와 함께 해안생태탐방로가 개방되면서 53년 만에 숨겨진 비경이 공개되었다. 대나무 숲이 우거진 산책로를 따라 전망대로 올라가는 내륙코스(317m)와 해상 기암괴석을 감상할 수 있는 해안코스(626m)로 구성되어 있으며 산책로를 따라 정상에 오르면 상쾌한 해풍과 함께 탁 트인 바다 풍경과 맹방해변, 덕산해변을 한눈에 감상할 수 있다.

(출처 : 삼척 문화관광)",,삼척 문화관광 https://www.samcheok.go.kr/tour,전구역 동반가능,전 견종 동반 가능,목줄 착용,"- 맹견의 경우, 입마개 착용 필수- 배변봉투 지참 및 배변처리 필수",,상시 개방,연중무휴,
125804,고성 왕곡마을,강원특별자치도 고성군 왕곡마을길 41,12,강원특별자치도,38.34054032032672,128.49955589748643,https://tong.visitkorea.or.kr/cms/resource/75/3332475_image2_1.jpg,"왕곡마을은 해안에서 내륙 쪽으로 약 1.5㎞ 지점에 있으며 석호인 송지호(둘레 4㎞, 넓이 20만 평)와 해발 200m 내외의 봉우리 형태인 야산 다섯 개에 둘러 쌓여 외부와 차단된 골 형태의 분지를 이룬다. 마을의 동쪽은 골무산(骨蕪山), 남동쪽은 송지호, 남쪽은 호근산(湖近山)과 제공산(濟孔山), 서쪽은 진방산(唇防山), 북쪽은 오음산(五音山)으로 막혀 있고 마을 북쪽에 위치한 오음산에서 남서방향으로 마을을 관통하며 흐르는 왕곡천 좌우에 종심이 깊은 촌락으로 형성되어 있다. 마을 중앙의 개울을 따라 이어져 있는 마을 안 길을 중심으로 가옥들이 자연스럽게 자리 잡고 있으며 가옥과 가옥 사이에 비교적 넓은 텃밭이 있어서 따로 담이 없고 텃밭을 경계로 가옥들이 분리되어 있는 것이 특징이다. 왕곡마을의 가옥구조는 안방, 도장방, 사랑방, 마루, 부엌이 한 건물 내에 수용되어 있으며 부엌에 가축우리가 붙어 있는 겹집구조이다. 마을 안길 과 바로 연결되는 앞마당은 가족의 공동작업 공간 역할을 하면서 타인에게 개방적이었던 반면에 비교적 높은 담으로 둘러싸인 뒷마당은 여인들의 공간으로 비개방적이다. 뒷마당은 보이지 않고 지붕만 보여 여인들의 활동공간을 배려한 구조이다. 역사와 전통의 멋이 가득 담긴 왕곡마을의 전통가옥에선 숙박체험도 가능하다. 현대 도시생활을 벗어나 200년 전의 옛 방식 그대로, 시간이 멈춘 곳에서 오붓하고 여유로운 시간을 보낼 수 있다.",,http://www.wanggok.kr,일부구역 동반가능,전 견종 동반 가능,목줄 착용,"- 실내 시설은 동반 불가- 맹견의 경우, 입마개 착용 필수- 배변봉투 지참 및 배변처리 필수",,[왕곡마을]09:00~18:00[숙박]- 입실14:00- 퇴실 11:00,연중무휴,가능요금 (무료)
125616,민둥산,강원특별자치도 정선군 남면 무릉리,12,강원특별자치도,37.2709,128.7749,https://tong.visitkorea.or.kr/cms/resource/27/3492827_image2_1.jpg,"가을 억새 산행지이자 철도 산행지의 대표적인 산이 정선 민둥산이다. 민둥산은 억새산이라고 할 만큼 온통 억새로 뒤덮여 있다. 산 7부 능선까지는 관목과 잡목이 우거져 울창한 숲이 이어지지만, 정상 부분은 산의 이름처럼 나무가 거의 없다. 산세는 완만한 경사를 이루고 있으며, 특히 산 정상에서 사방으로 끝없이 둘러친 가을 억새 군락지는 많은 등산객을 불러 모으기에 충분하다. 민둥산 억새는 거의 한길이 넘고 또 매우 짙어서 길이 아닌 일부 지역은 걸음을 옮기기가 어려울 정도지만 등산로가 잘 정비되어 있어 오르기 쉽다.",,http://www.jeongseon.go.kr/tour,일부구역 동반가능,전 견종 동반 가능,"입마개 착용,목줄 착용,기타","- 맹견의 경우, 입마개 착용 필수- 배변봉투 지참 및 배변처리 필수",,상시 개방,연중무휴,가능
127916,청남대,충청북도 청주시 상당구 문의면 청남대길 646,12,충청북도,36.4628,127.4918,https://tong.visitkorea.or.kr/cms/resource/44/3502344_image2_1.jpg,"청남대는 대청호반에 자리 잡고 있는 청남대는 따뜻한 남쪽의 청와대라는 뜻으로 1983년부터 대한민국 대통령의 공식 별장으로 이용되던 곳이다. 역대 대통령들은 청남대에서 다양한 인사들과 회동하며 지역현안을 논의하는 한편, 여러 국빈들을 맞이하기도 했다. 주요 시설로는 본관을 중심으로 골프장, 그늘집, 헬기장, 양어장, 오각정, 초가정 등이 있고, 개방 전까지 총 다섯 분의 대통령이 88회 이용하였으며, 2003년 4월 18일 일반인에게 개방되었다. 사계(四季)에 따라 제 모습을 바꾸는 조경수와 야생화는 청남대의 또 다른 자랑거리 중 하나이다. 자연생태계도 잘 보존되어 천연기념물 수달, 날다람쥐와 멧돼지, 고라니, 너구리 등이 서식하고 있으며 각종 철새의 도래지이기도 하다.",,http://chnam.chungbuk.go.kr,일부구역 동반가능,전 견종 동반 가능,목줄 착용,"- 실내 시설은 반려동물 출입 불가- 맹견의 경우, 입마개 착용 필수- 배변봉투 지참 및 배변처리 필수",,[하절기(2월~11월)]- 09:00~18:00- 매표 마감 16:30[동절기(12월~1월)]- 09:00~17:00- 매표 마감 15:30,"매주 월요일 (단, 월요일이 공휴일인 경우 다음의 첫 번째 평일) / 1월 1일 / 설·추석 당일",가능
128908,신두리해수욕장,충청남도 태안군 원북면 신두해변길 199,12,충청남도,36.83977656029601,126.18973690295046,https://tong.visitkorea.or.kr/cms/resource/86/3493386_image2_1.jpg,사막의 분위기를 느끼게 하는 곳이 충남 태안군 원북면 신두리 마을에 있다. 마을 앞에 이르면 허름한 이정표가 신두리 해수욕장의 방향을 가리킨다. 삼거리에서 오른쪽으로 따라가면 국사봉 넘어가는 두웅개재가 있고 수목 골을 지나 해변 쪽으로 빠지면 멀리 신기루 같은 풍경이 소나무 숲 위로 떠오른다. 고운 모래로 된 넓은 백사장에 물이 맑고 깨끗하다. 수온이 높고 경사도도 완만하여 가족 단위 피서객에게 적합하다. 해수욕장의 모래는 고운 모래로 되어있다. 해수욕장 오른편으로는 해안사 구인 신두리 사구가 있는데 신두리해수욕장과 함께 둘러보기 좋다.,,http://www.taean.go.kr/tour.do,전구역 동반가능,전 견종 동반 가능,목줄 착용,"- 맹견의 경우, 입마개 착용 필수- 배변봉투 지참 및 배변처리 필수",,상시 개방,연중무휴,가능
1532480,백화산(태안),충청남도 태안군 태안읍 동문리 41-2 일대,12,충청남도,36.7668960557251,126.301189902246,https://tong.visitkorea.or.kr/cms/resource/74/3493374_image2_1.jpg,"태안 동문리에 위치한 백화산은 태안의 진산이자 영산이다. 눈 덮인 산봉우리의 모습이 하얀 천을 씌운 듯하다고 이름 붙여진 백화산의 높이는 해발 284m이고 정상으로 가는 길에 만나는 기암괴석과 소나무의 어울림이 좋다. 특히 산 정상에서 바라보는 일몰이 아름답기로 유명하다. 동문리 쪽에서 백화산을 오르게 되면 태을암을 만나게 되는데, 태을암에는 백제의 보물이라 불리는 태안 동문리 마애삼존불이 봉안되어 있다. 솔향기길 5코스가 지나가기 때문에, 도보 여행객들이 자주 찾는다. 특히 백화산 냉천골은 한여름에도 서늘한 기운을 유지하는 곳으로 주민들이 더위를 피해 찾았던 곳이다. 산이 높지 않아서 남녀노소 누구나 쉽게 오를 수 있는 것이 장점이다.",,http://www.taean.go.kr,전구역 동반가능,전 견종 동반 가능,목줄 착용,"- 대형견의 경우, 입마개 착용 필수- 배변봉투 지참 및 배변처리 필수",,상시 개방,연중무휴,가능
2569511,감악산 출렁다리,경기 파주시 적성면 설마천로 238,12,경기,37.937772,126.947116,https://tong.visitkorea.or.kr/cms/resource/73/3494673_image2_1.jpg,"감악산은 경기 오악(五岳) 중 하나로 바위 사이로 검은빛과 푸른빛이 동시에 나왔다 하여 감색 바위산이란 뜻이다. 감악산 둘레길의 시작점에 위치한 출렁다리는 도로로 인해 잘려 나간 설마리 골짜기를 연결하는 다리이다. 출렁다리는 무주탑 산악 현수교로 자연과 조화를 이루도록 시공되었다. 설마천을 끼고 있는 아기자기한 계곡, 운계폭포가 감악산의 자랑으로 거의 수직으로 떨어지는 폭포는 겨울 빙벽훈련에도 이용된다. 정상에는 감악산비가 서 있고, 장군봉 바로 아래에는 임꺽정이 관군의 추격을 피해 숨어 있었다는 임꺽정 굴도 있다. 감악산은 휴전선과 가까워 정상에 오르면 임진강과 개성의 송악산이 눈에 들어온다.",,https://tour.paju.go.kr/user/tour/,전구역 동반가능,전 견종 동반 가능,목줄 착용,"- 맹견의 경우, 입마개 착용 필수- 배변봉투 지참 및 배변처리 필수",,09:00~18:00※ 자세한 사항은 전화문의 요망,연중무휴,가능
2633904,대청호 벚꽃길,대전광역시 동구 신상동 282,12,대전광역시,36.3665,127.5043,https://tong.visitkorea.or.kr/cms/resource/00/3489900_image2_1.jpg,"대전 동구는 세상에서 가장 긴 벚꽃길(26.6㎞)로 유명세를 타고 있는 ‘회인선 벚꽃길’을 구의 지역적 특성을 반영한 ‘오동선 대청호 벚꽃길’로 명칭을 변경했다. 대청호 양옆으로 길게 펼쳐진 벚꽃길. 아름다운 벚꽃, 금강의 수려한 경관을 함께 느낄 수 있다. 특히 충북 보은군 회인면에서 시작해 대전시 산성동까지 이어지는 벚꽃길은 무려 26.6㎞ 로 국내 최장 길이를 자랑한다.",042-251-6683,대전 동구청 관광문화축제 http://www.donggu.go.kr,전구역 동반가능,전 견종 동반 가능,목줄 착용,"- 맹견의 경우, 입마개 착용 필수- 배변봉투 지참 및 배변처리 필수",,상시 개방,연중무휴,가능요금 (무료)
2633942,마장호수 출렁다리,경기도 파주시 광탄면 기산로 313,12,경기도,37.775713,126.927864,https://tong.visitkorea.or.kr/cms/resource/56/3490756_image2_1.jpg,"마장호수를 가로지르는 국내 최장 길이의 출렁다리로, 호수의 아름다운 자연경관을 감상하며 짜릿한 스릴을 즐길 수 있는 명소로 알려져 있다. 총길이는 220m, 폭은 1.5m이며 돌풍과 지진에도 안전하게 견딜 수 있게 설계되었다. 다리 중간에는 방탄유리가 설치되어 있어 스릴감을 느낄 수 있다. 이 방탄유리는 18m 구간에만 설치되어 있으며, 무서운 사람은 목제발판이나 철망을 걸으면 된다. 다리 위를 걸을 때 느껴지는 출렁임과 함께 호수의 고요한 풍경이 어우러져 색다른 체험을 제공한다. 가족 단위 방문객과 연인들에게 인기 있는 관광지로, 파주를 대표하는 랜드마크 중 하나로 자리매김하고 있다.",,https://tour.paju.go.kr,일부구역 동반가능,맹견 제외 전 견종 동반 가능,이동장(켄넬)사용,다리 폭이 협소하므로 이동장(켄넬) 또는 안아서 이동 필수,,[11월~2월]09:00~17:00[3월~4월]09:00~18:00[5월~10월]09:00~20:00,연중무휴,가능
2729918,용소웰빙공원,부산광역시 기장군 기장읍 서부리 산7-2,12,부산광역시,35.2467,129.2045,https://tong.visitkorea.or.kr/cms/resource/87/3494087_image2_1.jpg,"용소웰빙공원은 논밭이 있던 곳에 주택단지가 들어서면서 용도를 다한 저수지를 공원화하는 사업을 진행하며 탄생했으며, 2008년 대한민국 조경대상 장관상을 받은 공원이다. 사계절 내내 자연풍을 느끼며 숲길 산책을 하기에 좋고, 저수지의 잔잔한 물결을 바라보며 휴식하기에도 좋다. 숲으로 아늑하게 둘러싸인 아담한 호수와 다양한 수생식물을 전망대에 올라 바라보면 지친 일상도 잊게 만들어준다. 산책로를 따라 호수를 한 바퀴 도는데 약 30분 정도가 걸리며, 벤치와 흔들의자, 정자, 운동기구 등 휴식공간과 편의시설이 구비되어 있어 많은 주민들에게 사랑받고 있는 공원이다.",,비짓부산 https://www.visitbusan.net/,전구역 동반가능,전 견종 동반 가능,목줄 착용,"- 맹견의 경우, 입마개 착용 필수- 배변봉투 지참 및 배변처리 필수",,상시 개방,연중무휴,불가능
2783371,구절산,경상남도 고성군 동해면 외곡1길 535,12,경상남도,35.0146429249422,128.419951604805,https://tong.visitkorea.or.kr/cms/resource/19/3491419_image2_1.jpg,"동해면에 위치해 있는 구절산은 아담한 산으로 산행에 부담이 없고, 주변 바다 풍경이 뛰어나며 정상에 서면 다도해를 비롯한 주변 경관을 한눈에 볼 수 있다. 구절산에서는 구절폭포를 만나게 되는데 이 폭포는 일명 용두폭포, 또는 사두암폭포로 불린다. 폭포 오른쪽에 백호굴이라는 석굴이 있으며, 절벽 왼쪽에는 보덕굴이 있는데 신비한 약수가 솟아나고 있다. 이 굴 주변에 있는 흔들바위는 한 사람이 흔들 때나 열 사람이 흔들 때나 똑같이 흔들린다. 서산대사가 거처했다는 사두사라는 절터에 현재도 작은 암자 하나가 있다. 

(출처: 고성군청 문화관광 홈페이지)",,https://www.goseong.go.kr/tour,전구역 동반가능,전 견종 동반 가능,목줄 착용,"- 맹견의 경우, 입마개 착용 필수- 배변봉투 지참 및 배변처리 필수",,상시 개방,연중무휴,가능
2790730,조곡동 철도문화마을,전라남도 순천시 자경1길 10-81 (조곡동),12,전라남도,34.94993249909668,127.50043539899843,https://tong.visitkorea.or.kr/cms/resource/96/3495596_image2_1.jpg,"조곡동 철도문화마을은 전라선과 경전선이 만나는 분기점 역, 순천역에 1936년 일제강점기 당시 순천철도사무소 종사자들의 주거 안정을 위해 계획적으로 조성된 마을이다. 현재 이곳에는 공동주택이 들어선 4동의 관사와 일부 복지시설을 제외하고는 등급별 관사와 승무원 숙소 등 당시의 모습을 보여주고 있다. 주택뿐 아니라 운동장, 병원, 수영장 등의 복지시설이 함께 조성되어 당시엔 신도시로 평가받았던 이곳은 일제강점기에 지어진 탓에 아직도 마을 주변에는 관사로 사용된 일본식 가옥이 많이 남아있다. 마을 한가운데를 뚫고 기차가 달려올 것 같은 카페 기적소리는 이 마을의 사랑방이자 철도문화마을 여행의 시작점이다. 카페 안에는 철도문화마을 지도가 배치되어 있으며 관사의 위치 표시, 장소별 자세한 설명과 마을의 역사까지 나와 있으니 마을을 탐방하기 전에 들릴 것을 추천한다.",,https://main.suncheon.go.kr/tour,일부구역 동반가능,전 견종 동반 가능,목줄 착용,"- 철도문화체험관은 반려동물 입장 불가- 맹견의 경우, 입마개 착용 필수- 배변봉투 지참 및 배변처리 필수",,상시 개방,연중무휴,가능
127978,이천 산수유마을,경기도 이천시 백사면 원적로775번길 17,12,경기도,37.3407110012255,127.462247541742,https://tong.visitkorea.or.kr/cms/resource/94/3490694_image2_1.jpg,"매년 봄 꽃 개화시기에 맞추어 산수유꽃축제가 열리는 산수유마을은 초봄에는 노란 꽃이, 가을에는 빨간 열매가 마을을 물들이는 아름다운 경관을 자랑한다. 산수유를 이용한 비누 만들기, 초콜릿 만들기, 쿠키 만들기 등 요리체험과 마을과 연계한 압화체험, 꽃차블렌딩체험 등을 진행하고 있다. 역사가 살아 숨 쉬는 마을의 전통숲에서 남녀노소 안전하고 다채로운 숲체험을 할 수 있다. 유치원, 어린이집, 초등학교 단체체험 전문, 심신의 휴식이 필요한 성인을 위한 힐링체험이 가능하다. 산수유전통숲에는 자연의 품속에서 느린 시간을 느껴볼 수 있는 어린이 및 가족단위 방문객을 위한 생태놀이터가 있다.",,http://www.2000sansuyu.co.kr,일부구역 동반가능,전 견종 동반 가능,목줄 착용,"- 1층 마당 공간은 자유롭게 이동 가능하나 숙박 시설은 동반 불가- 맹견의 경우, 입마개 착용 필수- 배변봉투 지참 및 배변처리 필수",,10:00~18:00,매주 월요일,가능
2383570,포항운하,경상북도 포항시 남구 해도동 537,12,경상북도,36.029094,129.373672,https://tong.visitkorea.or.kr/cms/resource/55/3493455_image2_1.jpg,"2014년 1월 준공된 포항운하는 포항시 송도동과 죽도1동 사이에 있는 동빈대교와 형산강을 남북으로 잇는 물길로 바닷길과 연결하면 8~10㎞의 운하이다. 옛 물길과 생태환경을 복원하여 시민들의 공원이자 새로운 관광명소로 탄생한 이곳은 도시 사이로 흐르는 물길을 따라 크루즈를 타고 낭만을 즐기기에 안성맞춤이며 산책길로도 많은 사람들이 찾고 있다. 포항운하는 기존에 없었던 물길을 인공적으로 만든 것이 아니고, 전에 있던 물길을 복원해 옛 모습을 찾으면서 자연스럽게 운하가 만들어졌다.",,http://innerharbor.pohang.go.kr,일부구역 동반가능,전 견종 동반 가능,목줄 착용,"- 운하 내 시설은 자유롭게 이동 가능하나 승선은 불가- 맹견의 경우, 입마개 착용 필수- 배변봉투 지참 및 배변처리 필수",,[포항운하관]09:00~18:00,연중무휴※ 크루즈는 기상상황에 변동되므로 전화문의 요망,가능
126479,인왕산,서울특별시 종로구 옥인동,12,서울특별시,37.585,126.9593,https://tong.visitkorea.or.kr/cms/resource/78/3493378_image2_1.jpg,"인왕산은 서울 종로구와 서대문구에 걸쳐있는 산이다. 산 전체가 화강암으로 구성되어 있고, 기묘한 형상의 바위들이 많아 다양한 이름이 붙었다. 스님이 장삼을 입고 서 있는 것처럼 보이는 선바위와 모자를 닮은 모자바위, 돼지를 닮은 돼지바위 등이 있으며, 인왕산 정상에는 삿갓 모양의 삿갓바위가 있다. 정상에 오르면 경복궁을 중심으로 인왕산과 함께 조선시대 한양을 둘러싸고 있던 내사산인 낙산, 남산, 백악산이 펼쳐진다. 정상 아래편에 겸재의 인왕제색도에 나오는 매바위와 치마바위가 장관을 이룬다. 인왕산의 경치가 아름다워 이를 배경으로 한 산수화가 많은데, 특히 겸재 정선의 인왕제색도와 강희언의 인왕산도가 널리 알려져 있다. 
인왕산에는 태조, 무학대사의 기도 터와 사직터널에서 자하문까지 서울 외곽을 쌓았던 성곽이 남아 있다. 많은 사람이 즐겨 찾는 코스는 사직터널을 기점으로 성곽 터와 정상을 지나 부암동으로 하산하는 코스다. 청와대 앞길과 연결되어 있어 여유가 된다면 팔판로, 효자로, 경복궁까지 걸어보는 것도 좋다.",,비짓서울 https://korean.visitseoul.net,전구역 동반가능,전 견종 동반 가능,목줄 착용,"- 맹견의 경우, 입마개 착용 필수- 배변봉투 지참 및 배변처리 필수",,상시 개방,연중무휴,
2606204,장림포구,부산광역시 사하구 장림로93번길 72 (장림동),12,부산광역시,35.080926,128.957464,https://tong.visitkorea.or.kr/cms/resource/88/3493588_image2_1.jpg,"행정구역상 사하구 장림동에 속해 있으며 포구의 이름은 지명을 따서 장림포구라 한다. 포구를 따라 늘어선 알록달록한 건물과 떠 있는 작은 배들이 베네치아의 무라노 섬을 닮았다고 해서 부산의 베네치아라는 뜻으로 ‘부네치아’라는 별명이 붙었다. 노을이 아름답고 다대포해수욕장으로 가는 길목에 있어 아미산전망대, 다대포 꿈의 낙조분수 등과 연계한 관광이 가능해 부산의 새로운 피서지로 떠오르고 있다.",,비짓부산 https://www.visitbusan.net/kr/index.do,전구역 동반가능,전 견종 동반 가능,목줄 착용,"- 맹견의 경우, 입마개 착용 필수- 배변봉투 지참 및 배변처리 필수",,상시 개방,연중무휴,가능요금 (무료)
125445,생각하는 정원,제주특별자치도 제주시 한경면 녹차분재로 675 (한경면),12,제주특별자치도,33.3253707253964,126.255164378424,https://tong.visitkorea.or.kr/cms/resource/76/4031676_image2_1.jpg,"제주특별자치도 제주시에 위치한 생각하는 정원은 침묵과 머묾을 통해 사람을 자기 자신으로 돌아오게 하는 곳이다. 단순한 관광지를 넘어 'K-Wellness'와 사유 기반 체험 콘텐츠를 지향하는 한국형 정원이다. 한 사람의 60년 시간이 창작하고 만든 생각하는 정원은 자연과 사유, 웰니스 체험이 결합된 콘텐츠이며 사색의 공간이다.",,http://www.spiritedgarden.com,전구역 동반가능,전 견종 동반 가능,목줄 착용,"- 맹견의 경우, 입마개 착용 필수- 배변봉투 지참 및 배변처리 필수",,09:00~18:00,연중무휴,가능
127220,북한산국립공원(서울),서울특별시 성북구 보국문로 262 (정릉동),12,서울특별시,37.62117635092582,126.99395569761464,https://tong.visitkorea.or.kr/cms/resource/53/3493353_image2_1.jpg,"북한산국립공원은 세계적으로 드문 도심 속의 자연공원이다. 수려한 자연경관과 문화자원을 온전히 보존하고 쾌적한 탐방 서비스 제공을 위하여 우리나라의 15번째 국립공원으로 지정되었다. 서울특별시와 경기도에 걸쳐 약 76.922㎢의 면적을 차지하며 우이령을 중심으로 남쪽의 북한산 지역과 북쪽의 도봉산 지역으로 구분된다. 중생대 때 관입된 화강암이 주된 암석을 이루고 있다. 북한산을 구성하고 있는 화강암 지반은 시간의 흐름에 따라 풍화 침식되면서 보른하르트(Bornhardt), 토르(tor), 판상절리, 수직절리, 타포니(tafoni), 나마(gnama), 그루브(groove) 등 다양한 미지형으로 나타나고 있다. 지질학적으로 고생대부터 화강암의 지반이 융기 및 침식되어 지금으로부터 약 2억만 년 전 중생대 쥐라기 중엽의 대보조산(大寶造山) 운동에 의해 형성되었다. 대표적인 지질명소로는 인수봉, 사모바위, 구천계곡 등 능선과 계곡을 따라 위치하여 다양한 볼거리를 제공함과 동시에 수도권 최고의 야외 지질교육의 장이 되고 있다. 거대한 화강암이 빚어낸 선인봉, 자운봉, 만장봉, 우이암, 오봉은 도봉산을 대표하는 봉우리로 장관을 이룬다. 이처럼 북한산국립공원은 거대한 화강암으로 이루어진 주요 암봉 사이로 수십 개의 맑고 깨끗한 계곡이 형성되어 산과 물의 조화를 빚어내고 있으며 아름다운 자연환경 속에서 1,300여 종의 동식물이 서식하고 있다. 또한 삼국시대 이래 과거 2,000년의 역사가 담긴 북한산성을 비롯한 수많은 역사 ·문화유적과 100여 개의 사찰, 암자가 곳곳에 위치하여 다양한 볼거리와 생태, 문화, 역사 학습장소를 제공한다.",,https://www.knps.or.kr/,일부구역 동반가능,"최근 1년이내 광견병 접종(증빙서류 필요) 을 완료한 등록된 반려견만 입장 가능(단, 맹견은 입장제한)",목줄 착용,"둘레길 10 내시묘역길 일부 구간(서울북한산 초등학교~백화사), 무장애탐방로 구간(안내센터~공중화장실)만 허용국립공원예약사이트에 반려견 동반 입장 예약 후 현장 안내센터 체크 인(Check-in) 확인",,"상시 개방※ 단, 기상 여건에 따라 통제 가능","연중무휴※ 단, 기상 여건에 따라 통제 가능",가능
125984,서동공원과 궁남지,충청남도 부여군 부여읍 궁남로 52,12,충청남도,36.2697027713353,126.912310853356,,"궁남지는 백제시대의 연못으로, 삼국사기에 의해 백제 무왕이 궁궐 남쪽에 만들어 궁남지라고 불린다. 삼국유사에는 무왕의 어머니가 궁남지의 용과 정을 통하여 무왕을 낳았다고 기록되어 있다. 현재 연못 주변에는 우물과 주춧돌들이 남아있는데, 이는 우리나라에서 가장 오래된 인공 조경으로 백제의 조경 기술 수준을 엿볼 수 있다. 
못 가운데 섬을 만들어 신선사상을 표현한 궁남지는 우리나라 최고(最古)의 인공정원으로 백제의 노자공은 일본에 건너가 백제의 정원 조경기술을 전해주었다고 한다. 백제가 삼국 중에서도 정원을 꾸미는 기술이 뛰어났음을 알 수 있다. 사계절이 아름다운 관광지이다. 
현재 궁남지는 자연과 인간의 공존하는 이상적인 친환경 여행지로 발전했는데, 자연환경 보전을 위해 적극적인 관리가 진행되고 있다. 덕분에 관광 시에는 역사와 자연을 동시에 경험할 수 있는 체험을 선사하고 있는데, 자전거와 도보를 통해 더욱 친환경적인 관광이 가능하다. 또한, 유적지를 둘러보며 관광지에 있는 역사적 가치를 더욱 심도 있게 이해할 수 있다. 
7월에는 천만 송이 연꽃들의 아름다운 향연인 서동연꽃축제가 열리고, 10~11월에는 다양한 작품으로 꾸며진 굿뜨래 국화전시회가 열려 궁남지의 아름다움을 더해준다.",,부여군 문화관광 https://www.buyeo.go.kr/html/tour/국가유산청 https://www.heritage.go.kr/,전구역 동반가능,전 견종 동반 가능,목줄 착용,"- 맹견의 경우, 입마개 착용 필수- 배변봉투 지참 및 배변처리 필수",,상시 개방,연중무휴,가능
126128,동촌유원지,대구광역시 동구 효목동 산 234-29,12,대구광역시,35.8825752,128.6506105,https://tong.visitkorea.or.kr/cms/resource/86/3488286_image2_1.JPG,"동촌유원지는 대구시 동쪽 금호강변에 있는 44만평의 유원지로 오래전부터 대구 시민이 즐겨 찾는 곳이다. 각종 위락시설이 잘 갖춰져 있으며, 드라이브를 즐길 수 있는 도로가 건설되어 있다. 수량이 많은 금호강에는 조교가 가설되어 있고, 우아한 다리 이름을 가진 아양교가 걸쳐 있다. 금호강을 끼고 있어 예로부터 봄에는 그네뛰기, 봉숭아꽃 구경, 여름에는 수영과 보트 놀이, 가을에는 밤 줍기 등 즐길 거리가 많은 곳이다. 또한, 해맞이다리, 유선장, 체육시설, 실내 롤러스케이트장 등 다양한 즐길 거리가 있어 여행의 재미를 더해준다.",,https://tour.daegu.go.kr,전구역 동반가능,전 견종 동반 가능,목줄 착용,"- 맹견의 경우, 입마개 착용 필수- 배변봉투 지참 및 배변처리 필수",,상시 개방,연중무휴,가능
988459,강구항 대게거리,경상북도 영덕군 강구면 강구리,12,경상북도,36.3588,129.3913,https://tong.visitkorea.or.kr/cms/resource/97/3014897_image2_1.jpg,"강구항 대게거리는 경상북도 영덕군 강구항에 있는 대게거리이다. 11월부터 이듬해 4~5월까지의 대게 철에는 수많은 대게잡이 어선들이 이곳에 집결한다. 대게 위판장이 운영되며 일명 대게 거리로 불리는 식당가가 3㎞에 이른다. 대게 거리 주변에는 강구 수협 공판장과 대게 직판장 등이 자리해 있어서 대게를 직접 구입할 수 있으며, 매년 대게 철이 되면 강구항 일대에선 영덕대게축제가 열려서 평소보다 더 많은 방문객이 이곳을 찾는다.",,,전구역 동반가능,전 견종 동반 가능,목줄 착용,"- 맹견의 경우, 입마개 착용 필수- 배변봉투 지참 및 배변처리 필수",,상시 개방,연중무휴,가능
1720749,계족산 황톳길,대전광역시 대덕구 장동,28,대전광역시,36.3947042,127.4538486,https://tong.visitkorea.or.kr/cms/resource/08/2661808_image2_1.jpg,"계족산 황톳길은 2006년 질 좋은 황토 2만여 톤을 투입하여 조성한 맨발 트래킹의 명소이다. 경사가 완만해 맨발로 걷기 무리 없을 뿐 아니라, 여름에는 발끝부터 황토의 시원한 기운이 올라와 무더위를 식히기 좋다. 신발을 신고 걸을 수 있는 둘레길도 있으며, 산책로의 시작 지점에는 황톳길 이야기와 미술 작품을 살펴볼 수 있는 숲 속 광장이 있다. 놀이터나 정자 등 편의시설, 세족장이 있어 발을 담그고 잠시 머물기 좋다. 곳곳에 벤치가 있어 산책 도중 쉬기 좋고, 자리에 앉으면 대청호, 벚꽃 나무 군락 등 대전 시내가 한눈에 담긴다.",,https://www.durunubi.kr,일부구역 동반가능,전 견종 동반 가능,목줄 착용,"- 맹견의 경우, 입마개 착용 필수- 배변봉투 지참 및 배변처리 필수- 맨발 체험이 가능한 황톳길은 동반 불가- 황톳길 옆 보행 도로는 동반 가능",,상시 개방,연중무휴,
2663631,방아머리해변,경기도 안산시 단원구 대부북동,12,경기도,37.2895262898783,126.577476660827,,"방아머리해변은 경기도 안산시 대부북동에 위치하여 서울·경기 지역에서 찾아가기 좋은 곳이다. 모래사장은 워낙 넓어서 사람이 많이 오는 주말에도 붐비지 않으며 모래가 부드러워서 맨발로 다니기 좋다. 밀물 때에도 해변의 적당한 수심은 물놀이하기에 좋고, 썰물 때에는 생생한 갯벌 체험을 하며 촉촉한 갯벌을 따라 걸어보는 기회를 제공한다. 갯벌 체험은 도구를 준비해 온다면 별도의 비용이 들지 않으며 동죽과 게를 잡을 수 있다. 또한 해변 옆 솔숲 길을 따라 산책하거나, 방아머리 음식문화 거리에서 다양한 음식점과 분위기 좋은 카페도 많이 있어 함께 즐기기에 좋다.",,대부도생태관광 https://daebuecotour.com/,전구역 동반가능,전 견종 동반 가능,목줄 착용,"- 맹견의 경우, 입마개 착용 필수- 배변봉투 지참 및 배변처리 필수",,상시 개방,연중무휴,가능
2756585,함창명주테마파크공원(명주테마공원),경상북도 상주시 함창읍 교촌리,12,경상북도,36.577351,128.161663,https://tong.visitkorea.or.kr/cms/resource/55/2756755_image2_1.JPG,"함창명주 테마파크 공원은 경북 상주시 함창읍에 자리 잡고 있다. 명주의 역사와 유래, 명주 짜기의 전통을 후세에 알리고 천연섬유인 명주의 가치를 새롭게 인식시키기 위해 건립된 명주 박물관과 한복의 아름다움을 감상할 수 있는 한국 한복 진흥원도 가까이 있다. 상주의 대표 전통산업인 함창명주의 위상을 높이고 알리기 위한 ‘함창명주 페스티벌’도 이곳에서 개최하고 있다. 18,500㎡ 규모의 장미 동산에는 20여 종의 다양한 장미꽃 품종 약 4만 그루가 100만 송이의 꽃을 피워 장관을 이룬다. 산책로도 잘 꾸며져 있어 자연과 생태, 장미 그리고 명주의 가치와 역사를 감상할 수 있는 테마 공원이다.",,,전구역 동반가능,전 견종 동반 가능,목줄 착용,"- 맹견의 경우, 입마개 착용 필수- 배변봉투 지참 및 배변처리 필수",,09:00~18:00,연중무휴,가능
2767886,송도 도그파크,인천광역시 연수구 센트럴로 350 (송도동),12,인천광역시,37.408118,126.634506,,"인천 연수구 송도동 달빛축제공원 내에 있는 송도 도그 파크는 5,500㎡ 규모의 야외 반려견 놀이터로 입장료가 무료이다. 전염병, 유기방지 동물 등록을 한 후 입장 절차를 거친 반려견만 들어갈 수 있다. 인식 칩 또는 인식표가 없는 반려견의 경우는 보호자가 동물등록증을 소지해야 입장이 가능하다. 도그파크는 대형견, 중소형견, 혼합형인 3개의 공간으로 구성되어 있고 반려견 보호자를 위한 공간으로 벤치와 그늘막이 설치되어 있다.",,https://www.insiseol.or.kr/park/,전구역 동반가능,맹견 제외 전 견종 동반 가능,목줄 착용,배변봉투 지참 및 배변처리 필수,"펜스, 안전문, 운동장, 산책로, 놀이기구",- 화요일~금요일 11:00~20:00- 토요일~일요일 / 법정공휴일 10:00~20:00,매주 월요일,가능
2784124,공룡발자국공원,"울산광역시 중구 종가로 250 (유곡동, 우정혁신도시1차 동원로얄듀크)",12,울산광역시,35.562963,129.307188,https://tong.visitkorea.or.kr/cms/resource/32/2800032_image2_1.JPG,"울산 중구 공룡발자국공원은 약 1억 5천만 년 전 공룡이 살았던 시대의 발자국을 관찰할 수 있는 특별한 장소이다. 이곳은 공룡 발자국을 비롯한 다양한 고생물학적 유적들이 잘 보존되어 있어, 공룡 연구와 교육의 중요한 현장으로 알려져 있다. 공원 내에는 발자국을 실제로 볼 수 있는 탐방로와 전시관이 마련되어 있어 방문객들이 쉽게 공룡의 흔적을 체험할 수 있다. 또한, 아름다운 해안선과 자연경관이 어우러져 산책과 힐링의 공간으로 인기가 높다. 공룡발자국공원은 가족 단위 여행객들에게도 매력적인 명소이다.",,,전구역 동반가능,전 견종 동반 가능,목줄 착용,"- 맹견의 경우, 입마개 착용 필수- 배변봉투 지참 및 배변처리 필수",,상시 개방,연중무휴,가능요금 (무료)
126230,경주 보문관광단지,경상북도 경주시 보문로 446 (신평동),12,경상북도,35.84369802390392,129.2869679882431,https://tong.visitkorea.or.kr/cms/resource/85/3479385_image2_1.jpg,"경주 보문 단지는 경주 시가지에서 동쪽으로 약 10여㎞ 정도 떨어진 명활산 옛 성터에 보문호를 중심으로 조성되었다. 보문관광단지는 전 지역이 온천지구 및 관광특구로 지정되어 있고 도로, 전기, 통신, 상하수도 등 기반 시설이 완비되어 있으며 컨벤션시티로의 육성, 보문관광단지와 연계한 감포 관광단지의 개발을 추진하고 있는 등 국제적 수준의 종합관광 휴양 단지로 자리를 잡아가고 있다. 총 8,000,036㎡(242만 평)의 대지에 국제적 규모의 최고급 호텔, 가족단위의 콘도미니엄, 골프장, 각종 수상시설, 산책로, 보문호와 고사분수 등 수많은 위락시설을 갖춘 경주의 사랑방이라고 일컫는 종합관광 휴양지이다. 경주지역에는 특히 벚나무가 많다. 어느 특정 지역에만 많은 것이 아니라 도시 전체가 벚꽃 천지인 것이 다른 지역과 다르다. 4월 개화기 때에는 발길 닿는 곳마다 온통 벚꽃 천지이지만 그중에서 특히 이곳 보문호 주위와 불국사 공원 벚꽃이 한층 기염을 토한다. 바람이라도 부는 날이면 꽃송이가 눈발처럼 날려 환상적인 경관을 연출한다.",,경주문화관광 http://www.gyeongju.go.kr/tour,전구역 동반가능,전 견종 동반 가능,목줄 착용,"- 맹견의 경우, 입마개 착용 필수- 배변봉투 지참 및 배변처리 필수",,상시 개방,연중무휴,가능
2615569,짚트랙코리아,충청남도 보령시 해수욕장10길 79 (신흑동),28,충청남도,36.3208378219891,126.506090133116,https://tong.visitkorea.or.kr/cms/resource/35/2947535_image2_1.jpg,"대천 짚트랙은 대천타워 안에 자리해 있다. 대천타워의 최상층인 20층에는 스카이워커가 있는 전망대가 있으며, 19층에는 짚트랙 탑승장이 있다. 대천 바다를 가로질러 가는 코스로 탑승장에서 지상까지 연결된 거리는 613m, 높이는 52m로 타게 된다. 20층 높이에서 대천의 바다를 발 아래 두고 하늘을 가르며 타는 짚트랙은 짜릿하고 스트레스를 한방에 날릴 수가 있다. 짚트랙을 이용할 경우 전망대가 입장료가 할인 되며, 짚트랙 옆에는 스카이바이크가 운행 중이여서 같이 연계하여 이용하기 좋다.",,http://www.ziptrek.co.kr/,일부구역 동반가능,중소형견 동반 가능,목줄 착용,"- 하네스 및 목줄 착용 상태로 안고 짚트랙 동반 가능- 안전상, 이동장(켄넬) 사용보다는 보호자가 안고 동반하는 것을 권장- 라운지는 자유롭게 이동 가능하나 카페 이용은 제한될 수 있음",,,※ 자세한 사항은 전화문의 요망,
2658227,경주 황리단길,경상북도 경주시 포석로 1080 (황남동),12,경상북도,35.83740829748873,129.20995370588062,https://tong.visitkorea.or.kr/cms/resource/62/3480062_image2_1.jpg,"황리단길은 경주에서 가장 젊은 길로 황남동과 이태원의 경리단길을 합쳐진 단어로 ‘황남동의 경리단길’이라는 뜻을 가지고 있다. 내남사거리에서 시작해 황남초등학교 사거리까지의 도로를 기준으로 양쪽의 황남동, 사정동 일대의 지역을 일컫는다. 1960~70년대의 낡은 건물 등이 그대로 보존되어 있어 옛 정취를 고스란히 느낄 수 있는 거리이다. 몇 해 전부터 젊은이들이 모여들기 시작해 분위기 좋은 카페, 아기자기한 소품, 기념품 가게, 개성 있는 식당들이 들어섰다. 초기에는 도로변을 중심으로 상점들이 들어섰는데 황리단길 외연이 확장되면서 골목골목마다 개성 있는 가게들이 속속 들어서고 있다. 경주여행에서 빼놓을 수 없는 필수코스가 되었으며 인근의 첨성대, 대릉원의 관광지를 함께 둘러볼 수 있어 경주의 명소로 각광을 받고 있다.",,경주문화관광 http://www.gyeongju.go.kr/tour상상 황리단길 https://황리단길.kr/,일부구역 동반가능,전 견종 동반 가능,목줄 착용,"- 일부 실내 시설 이용 시 입장 가능 여부 확인 필요- 맹견의 경우, 입마개 착용 필수- 배변봉투 지참 및 배변처리 필수",,점포 별로 상이함,점포 별로 상이함,가능
2807380,감자밭,강원특별자치도 춘천시 신북읍 신샘밭로 674,39,강원특별자치도,37.92959102272685,127.78452037852075,,"감자밭은 소양강이 흐르는 춘천시 신북읍에 위치한 카페다. 신선한 제철 농산물을 활용하여 다양한 디저트와 음료를 제공한다. 대표메뉴인 감자빵은 타피오카 전분과 쌀가루를 이용하여 만든 쫀득한 겉피에 고소하고 부드러운 국내산 감자소를 가득 채웠다. 이 외에도 다양한 재료를 응용하여 치즈 감자빵, 토마토바질 감자빵, 마늘 감자빵 등 다양한 맛의 감자빵을 선보이고 있다.",,,일부구역 동반가능,,목줄 착용,10kg 미만 리드줄 착용 시 입장 가능합니다. 빵 구매 시 반려견은 안아주세요. 배설물 처리 깔끔하게 부탁드립니다. 1층과 야외 정원만 이용 가능합니다. 입질이 심한 반려견은 출입 제한이 될 수 있습니다. 테이블 위에 반려견을 두지 말아주세요.*반려견 동반 운영 정책은 현지 사정에 따라 변동 될 수 있습니다.,정원,10:00~21:00 (마지막 주문 20:30),연중무휴,가능요금 (무료)
3101682,화랑의 언덕,경상북도 경주시 산내면 수의길 569,12,경상북도,35.77004501803982,129.087150672808,https://tong.visitkorea.or.kr/cms/resource/47/3100047_image2_1.jpg,"강호와 동네 꼬마들이 뛰어놀던 초원은 SNS에서 인생샷 명소로 꼽힌다. 명상바위라 불리는 절벽 끝 바위에 오르면 발밑으로 아담한 마을과 다랑논이 펼쳐지며, 언덕 위는 너른 잔디밭과 잔잔한 저수지가 어우러져 평온한 풍경을 만끽할 수 있다. 산책과 피크닉은 가능하지만, 캠핑 및 차박은 불가하다.",,https://www.instagram.com/gyeongju_okgreen,전구역 동반가능,,,,,09:00 ~ 18:00,연중개방,있음
2769492,월미산,인천광역시 중구 북성동1가 125,12,인천광역시,37.4712268172968,126.602633050249,,"인천항 옆 월미도의 대부분을 차지하는 면적이 월미산이다. 월미산을 중심으로 대규모 휴식 공원인 월미공원이 있다. 월미산 일대는 원래, 군부대가 있던 곳으로 민간인 출입이 덜했던 탓에 생태 환경 보전이 잘 되어 있는 곳으로 탐방 및 산책로로 인기다. 월미산을 따라 둘레길 조성도 잘 되어 있으며 월미산 정상에 오르면 서해를 한눈에 볼 수 있는 월미공원 전망지구가 있다.",,,전구역 동반가능,전 견종 동반 가능,목줄 착용,"- 맹견의 경우, 입마개 착용 필수
- 배변봉투 지참 및 배변처리 필수",,[하절기 (3~10월)]05:00~23:00[동절기 (11~2월)]05:00~22:00,연중무휴,가능
1618031,소래습지생태공원,인천광역시 남동구 소래로154번길 77,12,인천광역시,37.4073621562599,126.746334700259,,"소래습지생태공원은 갯벌, 갯골과 폐염전 지역을 다양한 생물 군락지 및 철새 도래지로 복원시키기 위한 공원 조성 사업을 2009년 5월 완료했다. 약 350만㎡에 달하는 넓은 부지에서 습지 내에서 각종 해양생물을 관찰할 수 있다. 또한, 천일염을 생산했던 시설물과 자료를 볼 수 있는 전시관, 직접 천일염 생산 및 습지 내 사는 다양한 동·식물을 탐구해 볼 수 있는 자연학습장과 광활한 갈대 및 풍차, 산책로, 쉼터 등이 마련되어 있어 시민의 편안한 휴식 공간으로 활용되고 있다. 갯벌과 습지의 중요성을 몸소 깨달을 수 있는 소중한 공간으로 소래습지에서의 특별한 경험을 체험해 보기 추천한다.",,인천광역시 https://www.incheon.go.kr/,전구역 동반가능,전 견종 동반 가능,목줄 착용,"- 맹견의 경우, 입마개 착용 필수
- 배변봉투 지참 및 배변처리 필수",,[공원]- 04:00~21:00[내부산책로]- 09:30~17:30[생태전시관]- 10:00~17:00※ 기관 사정에 따라 관람 시간 단축 및 조정될 수 있음,"매주 월요일 (단, 월요일이 공휴일인 경우 그 다음날) / 1월 1일 / 법정 공휴일 다음날 / 설·추석 연휴",가능요금 (최초 30분 300원 / 이후 15분 당 150원 추가 요금 발생)
2612802,강화루지(강화씨사이드리조트),인천광역시 강화군 길상면 장흥로 217,12,인천광역시,37.617122026781765,126.4981147248393,,"강화루지는 특별한 동력장치 없이 특수 제작된 카트를 타고 땅의 경사와 중력만을 이용해 트랙을 내려오는 다이내믹한 체험 레포츠 시설이다. 방향조정과 제동이 가능하며, 어린이부터 어른까지 누구나 즐길 수 있는 것이 특징이다. 트랙 경사도는 완만하지만 곡선 코스가 반복되는 트랙으로 이내 속도감과 스릴을 느낄 수 있으며 보호구를 착용하고 안전하게 즐길 수 있다. 트랙 규모는 연장 1.8km/line 총 2코스(오션코스, 밸리코스)로 동양 최대 규모를 자랑하며, 각 코스마다 흥미와 재미를 배가 시켜주는 360 º 회전코스와 구간별 터널과 낙차구간을 배치하였다.",,https://www.ganghwa-resort.co.kr/,일부구역 동반가능,전 견종 동반 가능,목줄 착용,"- 반려동물과 함께 루지탑승 절대 불가
- 잔디 구역 제외 모든 실외 공간 동반 가능
- 실내 및 케이블카 탑승 시 반려동물 케이지(켄넬) 또는 유모차 이용
- 맹견의 경우, 입마개 착용 필수
- 배변봉투 지참 및 배변처리 필수",,- 평일 09:30~17:30- 주말 09:30~18:00※ 이용시간은 변동될 수 있으므로 홈페이지 참고,연중무휴,가능요금 (무료)
125534,강화 전등사,인천광역시 강화군 길상면 전등사로 37-41,12,인천광역시,37.6316384449525,126.482901392044,,"전등사는 현존하는 한국 사찰 중 가장 오랜 역사를 가졌으며, 부처님의 가피로 나라를 지킨 호국불교 근본도량으로 역사와 권위를 간직한 사찰이다. ‘세종실록지리지’에 기록된 바와 같이 삼랑성은 단군이 세 아들(三郞)을 시켜 쌓았던 고대의 토성이었고, 삼국시대에는 토성 자리에 석성을 쌓아 올려 오늘날까지 이어지고 있다. 전등사가 창건된 것은 서기 381년(고구려 소수림왕 11년)으로 전해지고 있다. 처음 전등사를 창건한 분은 진나라에서 건너온 아도 화상이었다. 당시 아도 화상은 강화도를 거쳐 신라 땅에 불교를 전한 것으로 알려지고 있다. 아도 화상이 강화도에 머물고 있을 때 지금의 전등사 자리에 절을 지었으니 그때의 이름은 ‘진종사(眞宗寺)’라 하였다. 이후 고려 왕실에서는 삼랑성 안에 가궐을 지은 후 진종사를 크게 중창시켰으며, 16년이 지난 충렬왕 때 왕비인 정화궁주가 진종사에 경전과 옥등을 시주한 것을 계기로 ‘전등사’라 사찰 명칭을 바꾸었다. 이후 조선 광해군 때인 1614년에 화재로 인해 건물이 모두 소실되었다가 지경 스님을 중심으로 재건을 시작하여 1621년 2월에 전등사의 옛 모습을 되찾았다. 
전등사에는 대웅전, 약사전, 범종 등 대한민국의 보물이 있고, 조선왕조실록을 보관했던 정족사고가 경내에 있다. 또, 동문 쪽에는 전등사가 호국불교의 진원지임을 증명하는 양헌수승전비가 있다. 병인양요 때 전략적 요충지였던 전등사에 쳐들어온 프랑스군을 물리치고 나라를 위기에서 구한 양헌수 장군의 공적을 기념하기 위해 고종 10년인 1873년에 건립한 것이다. 체험 프로그램으로는 템플스테이가 준비되어 있으며, 당일형, 체험형, 휴식형으로 나뉘어 있다. 당일형은 짧은 시간 틈을 내 한국의 불교문화를 체험할 수 있도록 구성되어 있고, 체험형은 계절 또는 참가자들의 특성에 따라 사찰마다 조금씩 다른 프로그램들이 진행되고, 휴식형은 말 그대로 사찰에 머물며 지친 몸과 마음을 잠시 쉴 수 있도록 도와주는 프로그램이다.",,http://www.jeondeungsa.org,일부구역 동반가능,전 견종 동반 가능,"목줄 착용,반려동물 유모차 탑승,이동장(켄넬)사용","- 맹견의 경우, 입마개 착용 필수
- 배변봉투 지참 및 배변처리 필수",,09:00~17:30,연중무휴,"가능요금 (대형 8,000원 / 소형 2,000원)"
894027,안동 하회마을 [유네스코 세계유산],경상북도 안동시 풍천면 전서로 186-8,12,경상북도,36.55061488550214,128.52829350319018,https://tong.visitkorea.or.kr/cms/resource/33/3542033_image2_1.jpg,"하회마을은 풍산 류 (柳)씨가 대대로 살아오던 전형적인 집성촌으로 한국 전통가옥의 미(美)가 살아 숨 쉬는 마을이다. 조선시대의 대유학자 겸암 류운룡 선생과 서애 류성룡선생이 태어난 곳이기도 한 안동 하회마을은 1999년 4월 21일에는 방한 3일째였던 영국 엘리자베스 2세 여왕이 한국 전통의 고장으로서 방문하여 더욱 유명해졌다. 이곳 하회 (河回)라는 지명은 낙동강물이 동쪽으로 흐르다가 S자형을 이루면서 마을을 감싸도는 데서 유래했다. 동으로는 태백산의 지맥인 화산이 있고 그 줄기의 끝이 마을까지 뻗어서 아주 낮은 구릉을 이루고 있다. 집들은 구릉을 중심으로 낮은 곳을 향하여 배치되어 있기 때문에 집의 좌향이 일정하지 않고 동서남북 각각으로 집들이 앉혀져 있는 것이 특징이다. 마을 중심부에는 류 씨들의 집인 큰 기와집이 자리 잡고 있으며 원형이 잘 보존된 초가집들이 그 주위를 둘러싸고 있다. 마을 앞쪽에 유유히 흐르는 낙동강과 멋들어지게 깎아지른 부용대, 끝없이 펼쳐진 백사장, 울창한 노송숲이 절경을 이룬다. 한편, 부용대 앞에 물길이 다시 열려 나룻배를 이용할 수 있다. 
하회마을에서는 하회별신굿탈놀이를 상설공연으로 진행하고, 매년 가을 안동국제탈춤페스티벌을 진행하며 주변에는 신라 시대에 창건되었다는 봉정사, 고산서원, 귀래정, 계명산 자연휴양림, 학가산 자연휴양림, 와룡산 등 다양한 볼거리가 많은 곳이다. 특히 2010년 7월 31일 안동 하회마을과 경주 양동마을이 ‘한국의 역사마을’로서 유네스코 세계문화유산에 등재됐다. 두 마을의 등재로 한국의 세계유산은 석굴암ㆍ불국사, 해인사 장경판전, 종묘(이상 1995), 창덕궁, 수원 화성(1997), 경주역사유적지구, 고창ㆍ화순ㆍ강화 고인돌 유적(이상 2000), 그리고 제주 화산섬과 용암 동굴(2007), 조선왕릉(2009)에 이어 통산 10번째 세계유산을 보유하게 됐다. 하회마을의 대표적인 먹을거리는 안동소주와 유명한 서원이 많아 생기게 되었다는 헛제삿밥, 안동 간고등어, 안동 국시 등이 있다.  

◎ 한류의 매력을 만나는 여행 정보 - 드라마 
해발 64m 절벽에서 줄을 타고 수많은 불꽃이 다가온다. 강에는 달걀 불이 유유히 떠내려오고, ‘낙화(洛花)야!’라는 소리와 함께 커다란 불꽃이 절벽 아래로 폭포처럼 떨어진다. 한국식 불꽃놀이 축제 선유줄불놀이는 그곳에 모인 이들의 염원을 담아낸 거대한 정화의식이다. 그 누구를 위해서가 아닌 온전히 자신의 의지로 살아가겠다는 구산영은 실명의 위기 속에서도 희망과 소원이 별빛처럼 빛나는 그곳에서 환하게 미소 짓는다.",,www.hahoe.or.kr,일부구역 동반가능,전 견종 동반 가능,"목줄 착용,이동장(켄넬)사용","- 맹견의 경우, 입마개 착용 필수
- 배변봉투 지참 및 배변처리 필수",,[하절기(4월~9월)]- 09:00~18:00 - 입장 마감 17:30[동절기(10월~3월)]- 09:00~17:00- 입장 마감 16:30,연중무휴,가능요금 (무료)
756625,시흥 갯골생태공원,경기도 시흥시 동서로 287 (장곡동),12,경기도,37.38977114685834,126.78124058551218,https://tong.visitkorea.or.kr/cms/resource/11/3304111_image2_1.JPG,"갯골생태공원은 150만 평의 폐염전 부지에 깊숙한 내만갯벌로 형성된 습지이다. 내만갯골 자연생태자원과 옛 염전의 문화유산을 활용하여 조성되었으며, 자연생태가 살아 숨 쉬는 보고［寶庫］이자, 시민에게 휴식을 제공하는 자연과 사람이 어우러진 친환경적 생태공원이다. 갯골 수로에는 서해안의 특성인 조수간만의 차가 크게 나타나고, 이곳에 형성된 갯골과 초지 군락지는 보기 드문 다양한 생물의 분포를 보이고 있으며, 옛 염전부지와 소금창고 등은 사라져 가는 해안문화의 자취를 지니고 있다. 이곳에서 칠면초, 나문재, 퉁퉁마디 등의 염생식물을 관찰할 수 있으며, 붉은 발 농게, 방게 등 다양한 생물도 관찰할 수 있다. 시흥갯골은 아름다운 경관과 생태적 우수성으로 시흥시의 생태환경 1등급 지역이며, 2012년 2월 국가 해양 습지보호지역으로 지정되었다.",,https://www.shsi.or.kr/,일부구역 동반가능,전 견종 동반 가능,목줄 착용,"- 맹견의 경우, 입마개 착용 필수
- 배변봉투 지참 및 배변처리 필수",,상시 개방,연중무휴,가능(소형 300대 / 대형18대)
2756567,경천섬(경천섬공원),경상북도 상주시 용마로 415 (도남동),12,경상북도,36.45322840113161,128.25506127077355,https://tong.visitkorea.or.kr/cms/resource/33/3407833_image2_1.png,"경천섬은 낙동강 상류에 위치한 약 20만㎡의 섬으로 그 섬을 둘러싸고 있는 생태공원을 경천섬 공원이라 부른다. 유유히 흐르는 강물과 비봉산 절벽이 어우러져 아름다운 경관을 이룬다. 봄이면 유채꽃이 만개하고, 가을에는 코스모스와 메밀꽃이 장관을 이루어 많은 관광객이 찾는 관광 명소이다. 해 질 무렵이면 경천섬 너머로 펼쳐지는 노을과 황금빛으로 물든 낙동강은 아름답기로 유명하다. 경천섬 주변으로 국립 낙동강 생물자원관과 회상나루 관광지, 수상레저센터, 자전거 박물관, 국제승마장, 밀리터리 테마파크 등 연계자원이 풍부해 다양한 여행을 즐길 수 있다. 

◎ 한류의 매력을 만나는 여행 정보 - 드라마 
제주도 황우치 해안과 함께 목하가 15년간 머물렀던 필지도의 배경이 됐던 경천섬은 낙동강과 비봉산 절벽이 어우러지는 자연 경관으로 유명하다. 목하를 따라 경천섬이 내려다보이는 학전망대에 다다르면 마음속에 자리한 고민이 조금이나마 가시는 듯하다.",,,전구역 동반가능,전 견종 동반 가능,목줄 착용,"- 맹견의 경우, 입마개 착용 필수
- 배변봉투 지참 및 배변처리 필수",,상시 개방,,가능
264512,인천 차이나타운,인천광역시 중구 차이나타운로59번길 20,12,인천광역시,37.4737962412948,126.619148032048,,"인천 차이나타운은 1883년 인천항이 개항되고 1884년 제물포지역이 청나라의 치외법권 (治外法權, extraterritoriality) 지역으로 지정되면서 형성된 곳이다. 120년이 넘는 역사 동안 화교 고유의 문화와 풍습을 간직하고 있는 곳으로, 붉은색으로 치장된 골목 구석구석을 둘러볼 때마다 마치 중국으로 여행을 온듯한 기분이다. 과거에는 중국에서 수입된 물품들을 파는 상점들이 대부분이었으나, 현재는 중국 음식점들이 많다. 현재 이 거리를 지키고 있는 한국 내 거주 중국인들은 초기 정착민들의 2세나 3세가 이어 운영하고 있기 때문에 1세들이 지키고 있던 전통문화를 많이 지키지 못하고 있지만 중국의 맛만은 고수하고 있다. 남녀노소 사랑하는 짜장면이 탄생된 곳이기도 하며, 하얀 짜장과 양꼬치, 공갈빵, 화덕만두 등 다양한 먹거리들이 많다.",,https://itour.incheon.go.kr,일부구역 동반가능,24kg 이하 동반 가능,"목줄 착용,반려동물 유모차 탑승,이동장(켄넬)사용","- 맹견의 경우, 입마개 착용 필수- 배변봉투 지참 및 배변처리 필수",,,,가능
129438,장태산자연휴양림,대전광역시 서구 장안로 461,12,대전광역시,36.2159112482284,127.341257320067,https://tong.visitkorea.or.kr/cms/resource/42/3569842_image2_1.jpg,"장태산 자연휴양림은 국내 유일의 메타세쿼이아 숲이 울창하게 형성되어 있어 이국적인 경관과 더불어 가족 단위 산림욕을 즐기기에 적합한 곳이다. 천혜의 자연경관과 잘 어우러진 이곳은 산책길이 잘 조성되어 있을 뿐만 아니라 건강지압로, 추억의 놀이, 출렁다리, 교과서 식물원, 생태연못, 숲 속 교실 등을 갖추고 있어 자연과 더불어 자연학습과 휴식을 동시에 즐길 수 있다. 또한 단체오락, 미니축구, 농구 경기 등을 즐길 수 있는 소규모(380㎡) 운동공간과  스카이웨이, 전망대, 비탈 놀이 시설을 통해 메타세쿼이아 숲을 특별히 체험할 수 있는 공간도 마련되어 있으며 장태산 정상의 형제바위 위에 있는 전망대에서는 낙조를 바라볼 수 있고 장군봉, 행상바위 등 기암괴석도 볼 수 있다.",,https://www.jangtaesan.or.kr:454/index.asphttps://www.foresttrip.go.kr/indvz/main.do?hmpgId=ID02030106,일부구역 동반가능,전 견종 동반 가능,자유이용,"- 맹견의 경우, 입마개 착용 필수- 숙박시설, 출렁다리, 스카이 타워는 동반 불가- 배변 봉투 지참 및 배변 처리 필수",,[숲속어드벤처/출렁다리]- 3월~6월/9월~10월 09:00~18:00- 7월~8월 09:00~19:00- 11월~2월 09:00~17:00[숙박시설]- 입실 15:00- 퇴실 11:00,연중무휴,가능요금 (무료)
1325945,수도권매립지 드림파크 야생화단지,인천광역시 서구 자원순환로 170 (백석동),12,인천광역시,37.57309049314356,126.64811305670366,https://tong.visitkorea.or.kr/cms/resource/90/3527490_image2_1.jpg,"드림파크 야생화단지는 수도권매립지 내에 축구장 60개 규모의 대규모 녹지공간으로 조성된 도시숲이다. 과거 연탄재 야적장이었던 부지를 수도권매립지관리공사와 지역주민이 함께 가꾸어 꽃과 나무가 어우러진 생태녹지로 탈바꿈시켜, 수도권 시민들에게 산책과 휴식, 환경교육의 장을 제공하고 있다.
드림파크 야생화단지는 테마식물지구, 야생초화지구, 습지생태지구 등 다양한 주제 공간으로 구성되어 있으며, 약 300여 종의 식물이 식재되어 있어 사계절 내내 다채로운 자연을 즐길 수 있다. 4월에는 벚꽃과 수선화, 5~6월에는 작약과 수국, 9~11월에는 핑크뮬리로 물든 꽃밭이 펼쳐져 풍성한 생태계를 감상할 수 있다.
이 밖에도 연꽃과 벗풀, 꽃창포가 있는 수생식물원, 시원한 녹음이 드리운 참나무 쉼터, 물 위를 걷는 듯한 징검다리길, 피톤치드가 가득한 메타세쿼이아길 등이 조성되어 있어 방문객들에게 특별한 휴식 경험을 선사한다. 또한 매년 가을에는 드림파크 국화축제가 열려 다채로운 시민참여 프로그램이 함께 진행되어 나들이객들에게 큰 사랑을 받고 있다.",,수도권매립지관리공사 https://www.slc.or.kr/인천투어 https://itour.incheon.go.kr/,일부구역 동반가능,전견종,목줄 착용,"- 맨발걷기 산책로 외 야생화단지 전구역 동반 가능- 맹견의 경우, 입마개 착용 필수- 배변봉투 지참 및 배변처리 필수",,4월~11월 10:00~18:00 (입장 마감 17:00),매주 월요일,가능
2445137,문차이나,인천광역시 중구 차이나타운로 20,39,인천광역시,37.4774985661498,126.619070158455,https://tong.visitkorea.or.kr/cms/resource/08/2445108_image2_1.jpg,"문차이나는 재료 선별 하나에도 정성을 들여 음식을 만들고, 깔끔하고 세련된 실내와 안락한 분위기를 만끽할 수 있어 더욱 특별하다. 총 150석의 다양한 크기와 분위기의 테이블은 문차이나의 최고급 요리와 함께 각종 연회와 모임의 즐거움을 더해 주며 고객들의 소중한 자리를 빛내준다.",,,일부구역 동반가능,크기나 견종 상관업이 출입 가능,,,"침대, 반려동물 유모차, 텐트",10:00~21:00 (마지막 주문 20:00),"매주 월요일 (단, 월요일이 공휴일인 경우 정상영업 후 그 다음날 휴무)",가능
2930322,도그스포지움 송추점,경기도 양주시 호국로 542-20,12,경기도,37.7176978582783,126.975036899963,,"도그스포지움은 송추 IC 바로 옆에 위치한 수도권 최대 규모의 애견 수영장이 있는 사계절 애견테마파크이다. 본래 애견 동반 수영장으로 유명한 도그베이 송추점이었으나 2023년 도그스포지움 송추점으로 새 단장한 곳으로 기존의 도그베이와는 관련이 없다.
반려견 동반 수영장, 애견운동장, 애견 샤워&드라이룸, 샤워실&파우더룸, 의무실, 매점, 분리수거장 등의 시설을 갖추고 있으며, 반려견 훈련사, 동물 보건사, 애견 미용사, 안전요원, 바리스타 등 보호자들에게 최상의 서비스를 제공하기 위한 전문 인력을 보유하고 있다. 반려견의 스트레스를 줄이기 위해 체구에 따라 소형견, 중형견존, 프리존으로 구분하여 입장 후 이용한다. 가장 인기 있는 핫플레이스는 역시 수영장으로 소형견존, 소·중형견존, 프리존 3곳인데 24시간 정수 시스템을 도입하고 수질 타임을 운영하여 최상의 수질을 제공하고 있다. 소형견존은 수심이 아주 낮아 반려견만 수영할 수 있지만, 나머지 두 곳은 보호자와 반려견이 함께 수영을 즐길 수 있어 도그스포지움에서 가장 붐비는 곳이다. 애견 운동장은 수영장과 같은 영역 내에 있어 반려견들이 운동장으로 따로 이동하지 않아도 수영 후 마음껏 뛰놀 수 있으며, 발바닥이나 발목에 무리 가지 않도록 인조잔디를 굴곡 없이 평탄 작업하여 배려하였다. 또 별도 지정된 기간에는 야간개장도 오픈하여 밤 수영도 즐길 수 있다. 100% 사전예약제로 이용 시 온라인 예약 후 현장 결제하여야 한다. 단, 5대 맹견 및 타인에게 공격성을 보이는 반려견, 5차 접종이 완료되지 않은 반려견, 피부질환이 있는 반려견, 꽃도장 중인 반려견은 입장 제한된다. 또 취사 및 조리 가능한 테마파크로 버너 등의 취사도구, 먹거리 반입이 허용되나, 배달음식 및 반려견 취식 불가 음식, 유리병류의 음료 반입은 제한된다. 매점에서 다양한 카페 음료 및 과자, 라면, 아이스크림, 고기, 간식류를 비롯해 물놀이 용품, 각종 애견 용품 및 간식 등을 판매하고 버너 등의 취사도구도 대여하고 있다. 발생한 모든 쓰레기는 직접 음식물 쓰레기와 재활용품을 분리배출하여 지정된 쓰레기장에 버려야 하고 일반 쓰레기는 개인 지참한 쓰레기봉투에 담아 가지고 가야 한다. 또 보호자가 반려견의 배변을 치울 수 있도록 반려견 배변봉투는 테이블마다 준비되어 있다.
송추 IC에서 차량으로 약 2분 소요된다. 인근에 장흥유원지, 가나아트파크, 두리랜드, 필룩스조명박물관, 회암사지, 북한산국립공원, 국립아세안자연휴양림 등이 있다.",,https://www.instagram.com/dog_sporsium,전구역 동반가능,"- 반려견만 동반 가능- 출입 제한 반려견 1) 법령으로 정해진 맹견 5종 및 5대 맹견의 하이브리드 반려견2) 생후 6개월 이전, 5차 예방접종이 완료 되지 않은 반려견",목줄 착용,사람은 폴리소재 의류만 착용 가능,"운동장, 애견샤워실, 드라이룸, 수영장",09:00~19:00,- 애견호텔 연중무휴- 애견유치원 매주 토요일~일요일 / 법정공휴일※ 애견 수영장은 여름시즌에만 개장함으로 자세한 사항은 홈페이지 참조 및 전화 문의 요망,가능
2781336,삼국지벽화거리,인천광역시 중구 제물량로 262-15 (선린동),12,인천광역시,37.4745183588882,126.6182147697,https://tong.visitkorea.or.kr/cms/resource/97/3381797_image2_1.jpg,‘인천 속 작은 중국’ 차이나타운은 중국 화교의 130년 역사를 지니고 있는 인천의 주요 관광지 중 하나이다. 차이나타운이 알려지면서 찾는 사람이 많아지자 중산학교 담장에 새로운 볼거리를 만들었는데 바로 삼국지 벽화거리이다. 현재에는 주말이면 관광객으로 발 디딜 틈 없는 차이나타운에서도 필수 관광코스로 유명하다. 삼국지 벽화거리는 길 양쪽 벽면에 나관중 원작의 에 등장하는 80여 개의 중요 장면에 설명을 붙여 제작한 타일 벽화로 장식해 둔 거리다. 그 길이가 자그마치 150m에 달해 를 읽지 않은 사람이라도 그 줄거리를 이해할 수 있을 정도다. 연인들의 데이트 장소로도 좋으며 어린이들이나 학생들의 교육에도 좋아 주말이면 많은 가족 단위의 관광객들이 다녀가는 곳이다. 삼국지 벽화 거리는 차이나타운 안에 있기 때문에 차이나타운을 전체적으로 같이 관광하면서 보는 것을 추천한다. 차이나타운 맨 꼭대기에는 자유공원이 있으니 시간이 된다면 함께 돌아보는 것도 좋다.,,https://www.icjg.go.kr/tour,전구역 동반가능,전 견종 동반 가능,목줄 착용,"- 맹견의 경우, 입마개 착용 필수- 배변봉투 지참 및 배변처리 필수",,상시 개방,,가능
131300,휘닉스 스노우파크,강원특별자치도 평창군 봉평면 태기로 174,28,강원특별자치도,37.5825421416807,128.326740667555,,"시원하게 뚫려있는 8차선 영동고속도로를 통해 서울에서 1시간 50분 정도에 도착할 수 있는 산악 휴양지 휘닉스파크는 전체 면적 120만 평(3,978,575㎡)의 광활한 부지에 호텔, 콘도, 스키장, 골프장, 레저시설 등 최첨단 시설을 갖춘 산악형 종합 휴양 리조트이다. 중앙고속도로의 개통으로 대구권과 충청권에서도 2시간 30분이면 최고 설질의 슬로프를 즐길 수 있게 되었다. 드라마 의 메인 촬영지이기도 했던 휘닉스파크는 대한민국의 대표적인 대단위 종합 리조트이다. 스노보드 공식 경기장과 프리스타일 스키 6면을 포함해 총 21면의 슬로프를 가진 가장 좋은 설질의 스키장과 ‘잭 니클라우스’에 의해 설계된 18홀의 아름다운 멤버십 골프클럽, 9홀로 운영되는 퍼블릭 골프클럽, 독특한 격자무늬 설계로 유명한 메인 콘도, KBS 미니시리즈 의 촬영지인 콘도, 강원권 최초의 특급 호텔인 휘닉스파크 호텔, 단체 이용객들을 위한 유스호스텔, 그리고 야외수영장을 포함한 다양한 레저시설 등 온 가족이 사계절 내내 즐길 수 있는 다양한 시설들이 준비되어 있다. 1995년에 개장한 휘닉스 스노파크는 태기산 천혜의 지형을 살린 계곡형 슬로프로 뛰어난 설질을 자랑한다. 또한 자연 친화적인 설계로 주변 경관과의 멋진 조화를 즐길 수 있다. 다채로운 재미를 자랑하는 21면의 슬로프와 8기의 리프트, 오스트리아 Doppelmire 社의 최신형 곤돌라, 그리고 스키 강습과 하프파이프 이용객을 위한 컨베이어 벨트 6기 등이 설치되어 있다. 특히 정상에서부터 스키 베이스까지 연결되는 2.4㎞, 평균 폭 46m의 파노라마 슬로프는 초보자부터 상급자까지 다양한 재미를 느낄 수 있도록 설계되어 휘닉스파크 스키장을 대표하는 슬로프로 자리매김하고 있다. 2003년부터는 스노보더들을 위해 하프파이프, 테이블 탑, 라운드 쿼터, 레일 등이 설치된 익스트림 파크가 운영되고 있으며 2005년에는 총연장 2km의 초중급자용 키위 슬로프와 중상급자용 듀크 슬로프 등을 신설하는 등 이용객들의 즐거움을 위해 끊임없이 변모하는 모습을 보여주고 있다.",,http://www.phoenixpark.co.kr,일부구역 동반가능,,"목줄 착용,반려동물 유모차 탑승,이동장(켄넬)사용",입마개 필요한 경우 착용필요,"펜스, 안전문, 샤워실, 운동장, 산책로, 드라이룸, 펫카페, 놀이기구",09:00~22:00 (휴게시간 16:00~18:00),연중무휴※ 겨울 시즌만 운영함으로 자세한 사항은 홈페이지 참조 및 전화 문의 요망,
131774,동강 래프팅(영월),강원특별자치도 영월군 영월읍 제방안길 (영월읍),28,강원특별자치도,37.1958481055834,128.503806835113,https://tong.visitkorea.or.kr/cms/resource/00/1822100_image2_1.jpg,"우리나라에서의 3대 래프팅지로 꼽히는 한탄강, 내린천, 동강은 각각의 특성이 뚜렷하다. 동강은 중국의 비경지대인 구이린에 비견할 정도로 풍광이 뛰어난 곳으로 유명하다. 전형적인 석회암 지대의 감입 곡류형 하천으로 조양강이 동남천을 만나는 서강(평창강)과 만나는 영월군까지의 강을 동강이라 부른다.
원시의 숲과 깎아지른 기암괴석 등 천혜의 자연을 거느린 동강은 완만한 물살과 급류를 모두 갖추고 있다. 온몸의 힘을 모아 물살을 헤치며 노를 저어야 하기에 전신운동의 효과가 크고 잔잔한 물살과 급류가 적절히 혼재해 있어 짜릿한 스릴이 있는 래프팅의 참맛을 느낄 수 있다.",033-370-2946,http://www.ywtour.go.kr,전구역 동반가능,24kg 이하 동반 가능,"목줄 착용,반려동물 유모차 탑승,이동장(켄넬)사용,매너벨트 착용","- 반려견 동반 체험은 개별업체에 문의요망
- 맹견의 경우, 입마개 착용 필수
- 배변봉투 지참 및 배변처리 필수",,09:00~18:00,동절기,
3043644,신불산억새평원,울산광역시 울주군 삼남읍 가천리 산254,12,울산광역시,35.5342,129.0561,,"신불산은 울주군 군립공원으로서 예로부터 신성한 산으로 불린다. 울주군 상북면과 삼남읍 경계에 걸쳐 있으며 간월산, 영축산과 함께 영남알프스 동부 능선의 한 축을 이루는 봉우리이다. 신불산 정상에서 영축산으로 이어지는 약 4km 구간에는 넓고 평탄한 능선이 이어지면서 수백만평의 억새평원이 파란 하늘 아래 펼쳐진다. 광활하게 펼쳐지는 억새밭을 바라보고 있노라면 자연의 장엄함에 엄숙해지기까지 한다. 신불산억새평원은 울산12경의 하나로 재약산 사자평과 더불어 전국 최고 억새평원이다. 봄이면 억새밭의 파릇파릇한 새순을, 가을이면 황금빛 물결이 일렁이는 억새를 보기 위해서 수많은 등산객이 몰려들며 억새꽃 절정인 10월에 가장 방문객이 많다.
등억알프스리 또는 배내골에서 간월재까지는 비교적 쉬운 등산로와 임도로 이어져 있어 초보 등산코스로 적당하다.",,울주 문화관광 https://www.ulju.ulsan.kr/tour/,전구역 동반가능,전 견종 동반 가능,목줄 착용,"- 맹견의 경우, 입마개 착용 필수- 배변봉투 지참 및 배변처리 필수",,상시 개방,연중무휴,가능
2407328,정안천생태공원,충청남도 공주시 의당면 의당로 257,12,충청남도,36.49446124076723,127.1361500786776,,"정안천 생태공원은 충남 공주의 신관동부터 강가에 조성된 자전거길, 걷기 길을 따라 정안천을 즐길 수 있는 곳이다. 넓고 푸르른 공간에서 지친 마음을 힐링할 수 있다. 특히 정안천 생태공원의 명소인 메타세쿼이아길을 걷고 감상하기 위해 많은 지역 주민들이 방문하고 있다. 또한 메타세쿼이아길 아래로 펼쳐진 연지에 진흙을 뚫고 나온 연꽃들이 여름의 싱그러움을 느끼게 해주는 공원이다.",,http://www.gongju.go.kr/tour/,전구역 동반가능,전 견종 동반 가능,목줄 착용,"- 생태공원 내부에 독사 및 독충이 있어 보호자 주의 필요- 생태공원 내 황톳길도 반려동물과 함께 맨발 체험 가능- 맹견의 경우, 입마개 착용 필수- 배변봉투 지참 및 배변처리 필수",,상시 개방,연중무휴,가능
2726420,근포땅굴,경상남도 거제시 남부면 근포3길 42-14,12,경상남도,34.7229,128.5908,,"거제시 남부면 근포마을 뒤편 바닷가에 5개의 땅굴이 있는데 그중 일부이다. 일제 강점기 때 파 놓았던 것으로 1941년 일본군이 외지인 보급대를 동원하여 발파작업 등으로 포진지 용도로 굴착하다 1945년 해방이 되자 중단되었다고 한다. 땅굴 중 쌍굴이 있는데 내부가 H자형으로 서로 관통되어 있다. 최근 인생사진 촬영 명소로 입소문을 타면서 거제 여행 필수 코스로 알려져 있으며, 사진은 노을이 질 무렵에 찍는 것이 가장 좋은 사진이 나오는 곳이며, 해 질 무렵 동굴 밖으로 보이는 풍경과 역광으로 실루엣만 보이는 인물사진은 감탄을 일으킨다.",,,전구역 동반가능,전 견종 동반 가능,목줄 착용,"- 맹견의 경우, 입마개 착용 필수- 배변봉투 지참 및 배변처리 필수",,상시 개방,연중무휴,가능
2930677,대전반려동물공원,대전광역시 유성구 금고길 7,12,대전광역시,36.4597299541423,127.384460411507,,"대전 반려동물공원은 사람과 반려동물이 함께 교감하고 행복한 동행을 위한 공간을 그리는 공원이다. 드넓은 잔디광장에서 뛰놀 수 있으며 실내 시설과 쉼터도 있다.  보호자와 반려견이 함께하는 체험 프로그램들이 준비되어 있어 자신의 반려견에 대한 이해를 할 수 있게 도와준다. 어질리티대회, 건강상담 등 계절별로 반려동물과 참여할 수 있는 행사도 다양하다.",,https://www.daejeon.go.kr,전구역 동반가능,맹견 제외 필수 예방접종 및 동물등록 완료한 전 견종 동반 가능,"목줄 착용,매너벨트 착용","체고 40cm 미만)은 중소형견 전용 놀이터, 체고 40cm 이상)은 대형견 전용 놀이터 이용","샤워실,수영장(여름철 한시 운영),운동장,산책로,드라이룸",[하절기(4월~9월)]- 문화센터 10:00~18:00 (입장 마감 17:30)- 야외시설 10:00~21:00 (입장 마감 20:00)[동절기(10월~3월)]- 문화센터 10:00~18:00 (입장 마감 17:30)- 야외시설 10:00~19:00 (입장 마감 18:00),"매주 월요일 (단, 월요일이 휴일이면 다음 평일 휴관) / 설·추석 연휴 3일 / 1월 1일",가능
3082705,옥정호 작약 꽃밭,전북특별자치도 임실군 운암면 운종리,12,전북특별자치도,35.579642,127.110774,,"전라북도 임실에 위치한 옥정호는 섬진강 다목적댐으로 형성된 인공 호수이다. 빼어난 경관을 자랑하는 임실의 대표적인 관광지로 5월에 만개하는 작약꽃밭이 유명하다. 전국에서 호수를 배경으로 작약꽃을 감상할 수 있는 유일무이한 장소이다.
옥정호에는 2개의 작약꽃 단지가 있다. 진입로와 가까운 첫 번째 작약꽃밭은 쉼터가 있어 정자에 앉아 작약을 감상할 수 있다. 호수와 더 가까운 두 번째 작약꽃밭은 넓은 꽃밭 사이로 가로지르는 길이 있고 꽃 사이에 사람이 들어갈 수 있는 고랑이 있어 자유롭게 사진을 찍을 수 있다. 
작약의 꽃말은 수줍음, 새로운 만남으로 매년 4월 초중순부터 꽃이 피어나는 모습을 볼 수 있다. 바람을 따라 흔들리는 분홍빛 파도가 동화 속의 한 장면 같다. 옥정호 인근의 붕어섬 출렁다리, 요산공원도 같이 둘러보기 좋다.",,,일부구역 동반가능,전 견종 동반 가능,목줄 착용,"- 인근 붕어섬 출렁다리 구역은 안전상의 이유로 동반 불가- 맹견의 경우, 입마개 착용 필수- 배변봉투 지참 및 배변처리 필수",,,,없음
2648994,구례 섬진강 벚꽃길,전라남도 구례군 문척면,12,전라남도,35.1792176705878,127.469719834145,,이른 봄 노란 산수유 꽃이 시들어지는 무렵 청정 하천인 섬진강변과 어울리는 하얀 벚꽃이 만발하는 곳이다. 섬진강변 벚꽃 축제가 열리는 이곳은 지난 1992년부터 조성되어 곡성에서 하동까지 연결되는 국도 17호선과 19호선을 따라 온통 하얀 벚꽃이 강변을 따라 만발해 있어 봄의 향기를 느끼면서 멋진 드라이브를 경험할 수 있고 최적의 마라톤 코스로도 각광을 받고 있다. 또한 매년 3월 구례 300리 벚꽃축제가 열리는 꽃 명소이다.,,구례 문화관광 https://www.gurye.go.kr/tour/main.do,전구역 동반가능,전 견종 동반 가능,목줄 착용,"- 맹견의 경우, 입마개 착용 필수- 배변봉투 지참 및 배변처리 필수",,상시 개방,연중무휴,가능
2662745,퍼플교,전라남도 신안군 안좌면 소곡두리길 257-35,12,전라남도,34.7175051957653,126.121869756195,https://tong.visitkorea.or.kr/cms/resource/73/2662673_image2_1.jpg,"퍼플교는 신안군 안좌면 박지마을에서 평생 살아온 할머니의 소망이 담겨있는 다리이다. 할머니의 간절한 소원은 살아생전 박지도 섬에서 목포까지 두 발로 걸어가는 것이었다. 이후 2007년 신활력 사업으로 목교가 조성되었으며 반월, 박지도가 보라색 꽃과 농작물이 풍성한 사계절 꽃피는 1004 섬의 의미로 퍼플교로 불리게 되었다. 다리 중간에는 휴식을 취할 수 있는 팔각정과 낚시를 할 수 있는 공간도 있다. 밤이 되면 소망의 다리는 더욱 빛이 난다. 암흑이 드리워진 곳에 퍼플교만의 환한 불빛이 비추고, 다리 아래로는 바닷물이 가득 차 있다.",,신안문화관광 https://tour.shinan.go.kr/home/tour/,전구역 동반가능,전 견종 동반 가능,목줄 착용,"- 맹견의 경우, 입마개 착용 필수- 배변봉투 지참 및 배변처리 필수",,상시 개방,연중무휴,
1329201,메이즈랜드,제주특별자치도 제주시 구좌읍 비자림로 2134-47,12,제주특별자치도,33.4887187821088,126.800676632949,https://tong.visitkorea.or.kr/cms/resource/46/3096546_image2_1.jpg,"메이즈랜드는 최장을 자랑하는 석축미로를 보유한 제주의 종합테마파크로 제주의 명물인 돌, 바람, 여자를 뜻하는 삼다(三多)를 테마로 하여 조성됐다. 총 5.3km에 이르는 미로이며 미로박물관과 함께 개관했다. 걷기만 해도 건강해지는 건강미로공원이다. 미로는 두 종류가 있는데 현무암과 송이석으로 만든 돌미로에서는 원적외선과 음이온을, 미측백나무로 만든 바람미로에서는 피톤치드를 누릴 수 있다. 미로퍼즐박물관에서는 체험을 통해 학생들이 과학적, 수리적 능력을 배양할 수 있으며 미로의 기원 설화와 14세기부터 현재까지의 미로와 관련된 유물을 관람할 수 있는 공간을 제공한다. 애지앙길과 야외에는 석공명장 장공익 선생의 제주 설화와 전설이 깃든 해학적인 석상들도 만날 수 있다.",,http://www.mazeland.co.kr,전구역 동반가능,"대형견 제외 15kg 미만의 중, 소형견 입장 가능케이지나 반려견 유모차 이용배변봉투 지참 및 배변처리 필수시각장애인 안내견, 청각장애인 도우미견 입장 가능",,,,09:00~18:00※ 자세한 사항은 전화문의 요망,연중무휴,가능
1997221,부산 감천문화마을,부산광역시 사하구 감내2로 203,12,부산광역시,35.0974606978369,129.010596996534,https://tong.visitkorea.or.kr/cms/resource/91/3365491_image2_1.jpg,"감천문화마을은 1950년대 6.25 피난민의 힘겨운 삶의 터전으로 시작되어 현재에 이르기까지 부산의 역사를 그대로 간직하고 있는 곳이다. 산자락을 따라 질서 정연하게 늘어선 계단식 집단 주거형태와 모든 길이 통하는 미로 같은 골목길의 경관은 감천만의 독특함을 보여준다. 부산의 낙후된 달동네였지만 문화예술을 가미한 도시재생사업을 추진하면서 지금은 연간 185만 명의 국내외 관광객이 다녀가는 대표 관광명소가 되었다. 산비탈을 따라 계단식으로 들어선 아름다운 파스텔톤의 집들과 미로와 같은 골목길이 있어 한국의 마추픽추, 산토리니로 불린다. 2016년 대한민국 공간문화대상 최고상인 대통령상을 수상하기도 했다. 감천문화마을에서는 아름다운 자연과 어우러진 그림 같은 마을의 풍경을 즐기면서, 골목골목 설치된 다양한 형태의 작품을 감상할 수 있으며, 감천문화마을 내 입주작가들의 공방을 통해 다양한 공예 체험도 가능하여 관광객들이 끊임없이 찾고 있다.",,http://www.gamcheon.or.kr,일부구역 동반가능,전 견종 동반 가능,"입마개 착용,목줄 착용","- 맹견의 경우, 입마개 착용 필수- 배변봉투 지참 및 배변처리 필수",,상시 개방,연중무휴,가능요금 (무료)
2710184,한섬해변&한섬감성바닷길,강원특별자치도 동해시 한섬해안길 9 (천곡동),12,강원특별자치도,37.5211569389572,129.121740306786,https://tong.visitkorea.or.kr/cms/resource/34/3353534_image2_1.jpg,"한섬해변은 동해시내와 가까이 인접해 있는 바다이기 때문에 교통이 편리하여 관광객들이 꼭 한 번은 들르는 관광 명소이다. 한섬이라는 팻말을 따라 언덕 아래로 내려가면 해수욕장과 이어지는 다리가 나오며 하얗고 고운 백사장과 함께 파랗고 넓은 바다가 펼쳐진다. 규모가 작기 때문에 한눈에도 해변의 끝과 끝이 보이고 인근 다른 유명 해변과 달리 한적하고 조용하기 때문에 여유 있게 바다를 즐기고 싶은 사람들이 많이 찾아온다. 해변을 둘러싸고 있는 울창한 송림과 바다 위 기암괴석에 부딪혀 하얗게 일렁이는 파도, 고운 모래를 밟으면서 모래사장을 거니는 산책은 함께 맑고 푸른 바다 멀리 보이는 묵호등대는 멋진 장면을 연출한다. 
한섬감성바닷길은 감추사 육교부터 한섬해변, 고불개, 가세마을을 잇는  2.2㎞ 길이의 해변 산책로이다. 전체 구간의 삼분의 일은 해안 절벽에 설치된 데크 산책로로 양옆으로 울창한 솔숲과 쪽빛 바다를 감상할 수 있다.",,https://www.dh.go.kr/tour/,전구역 동반가능,전 견종 동반 가능,목줄 착용,"- 맹견의 경우, 입마개 착용 필수- 배변봉투 지참 및 배변처리 필수",,상시 개방,연중무휴,가능
125875,고복자연공원,세종특별자치시 연서면 도신고복로 586,12,세종특별자치시,36.5999630333627,127.227466075211,,"고복자연공원은 오봉산의 자연림, 동굴, 사찰, 야외조각 전시장 등이 있으며, 수변길이 조성되어 있다. 주변 마을에는 포도, 복숭아, 배를 재배하는 과수 단지가 있다. 공원 변에 광장과 이화여대 미술대 강태성 교수가 조성한 야외조각 공원이 있어 방문객들에게 또 하나의 볼거리를 제공해 주고 있다. 특히, 야외수영장이 개장하는 여름방학 시기에 많은 사람들이 찾아온다. 중간지점에 있는 ‘민락정’에서 내려다보는 경관이 일품이며, 벚꽃 필 무렵의 고복 자연공원은 아는 사람만 아는 숨겨진 명소이다. 고복 자연공원 주변에는 갈비, 한방오리와 메기매운탕을 전문으로 하는 음식점 등이 산재해 있어 미식가들의 입맛을 돋워 주며, 수변 전망이 가능한 카페들이 있어 휴식공간을 제공해 준다.",,https://www.sejong.go.kr/tour,전구역 동반가능,전 견종 동반 가능,목줄 착용,"- 맹견의 경우, 입마개 착용 필수- 배변봉투 지참 및 배변처리 필수",,상시 개방,연중무휴,가능
128094,비수구미마을(비수구미계곡),강원특별자치도 화천군 화천읍 비수구미길 470 (화천읍),12,강원특별자치도,38.1828127781442,127.847896090654,,"화천 비수구미마을은 강원특별자치도 화천군 화천읍 동촌리에 위치한 오지마을이다. 오래전 화천댐과 파로호가 생기면서 길이 막혀 육지 속 섬이 된 곳이다. 비수구미라는 이름은 신비로운 물이 빚은 아홉 가지 아름다움이라고 한다. 구미, 즉 아홉 가지 아름다움은 물소리, 구름, 화전밭을 일구었던 골짜기, 빙어조림, 산나물 백반, 출렁다리, 모터보트, 비목탑, 세계평화의 종이다. 
환경오염이 없는 비수구미 계곡에서는 원시림과 바위가 밀집한 아름다운 자연풍경을 볼 수 있다. 야생 난초와 야생화가 피어나고, 산천어, 꺽지, 빙어와 송어 등 맑은 계곡에서만 사는 물고기가 살고 있다. 
비수구미마을로 가는 방법은 배를 타고 이동하는 것과 생태길을 트레킹으로 가는 방법이다. 배를 타면 10분 이내에 도착한다. 반면에 비수구미 생태길은 화천에서 평화의 댐 가기 전 해산터널을 지나 깊고 호젓한 숲길을 2시간 여 걸으면 마을에 닿는다. 비수구미마을에서는 자연과 함께 편안하게 쉴 수 있다. 마을 주민들이 운영하는 민박집에서 숙박할 수 있으며, 직접 뜯은 산나물과 된장, 청국장 등으로 만든 정갈한 밥상을 맛볼 수 있다. 또한 파로호 호반과 접하고 있어 낚시를 즐길 수 있으며, 모터보트를 타고 평화의 댐과 비목공원, 세계평화의종공원 등을 구경할 수 있다. 
비수구미마을은 자연휴식년제 기간에 출입이 제한되므로, 트레킹이나 계곡을 둘러보려면 허가가 필요하다.",,https://tour.ihc.go.kr/tour,전구역 동반가능,전 견종 동반 가능,목줄 착용,"- 맹견의 경우, 입마개 착용 필수- 배변봉투 지참 및 배변처리 필수",,상시 개방,연중무휴,
125732,모곡밤벌유원지,강원특별자치도 홍천군 서면 밤벌길 133,12,강원특별자치도,37.70313878277858,127.6010269393401,,"홍천강 유원지로 널리 알려진 밤벌유원지는 여름철 피서객들이 많이 찾는 곳이다. 모곡명사십리라고도 부르며, 유난히 모래가 곱고, 빛깔이 깨끗하다. 기나긴 여정을 한 홍천강은 이 곳 모곡유원지에 이르러 비로소 큰 강의 형체를 이루게 되며, 맑은 강물과 넓게 펼쳐진 백사장, 백사장 주변을 둘러싸고 우뚝 서 있는 밤나무와 미루나무숲이 피서객들의 더위를 식혀주기에 충분한 곳이다. 오토캠핑장과 물놀이하기 좋은 강가로 잘 알려진 모곡밤벌유원지는 약 1km에 달하는 강변이 밤톨만 한 자갈과 은모래로 덮여 있고 아름드리 밤나무와 미루나무 숲이 피서객들의 더위를 식혀준다. 수심이 얕아 물 깊이가 어른 종아리 정도로 아이들이 튜브 없이도 물속에 앉아 놀 수 있을 정도다. 물이 차갑지 않아 여름에 물놀이하는 사람도 많지만, 곳곳에 낚시를 즐기는 사람들이 많은데, 수심이 깊지 않아 플라잉 낚시를 하는 사람들을 쉽게 볼 수 있다. 어종으로는 피라미, 쉬리, 메기 등이 있다고 하며, 간단한 낚시용품은 매점에서 구매할 수 있다. 어족 자원이 풍부해 투망이나 견짓대 같은 간단한 낚시도구로도 물고기를 잡는 재미를 맛볼 수 있다. 홍천 차박지로 유명한 모곡밤벌유원지는 무료 홍천가 노지 캠핑지로 알려지면서 캠퍼들의 인기를 얻고 있다.",,https://www.hongcheon.go.kr,일부구역 동반가능,전 견종 동반 가능,목줄 착용,"- 캠핑장 내부는 동반 불가- 맹견의 경우, 입마개 착용 필수- 배변봉투 지참 및 배변처리 필수",,상시개방,연중무휴,
128679,나정고운모래해변,경상북도 경주시 감포읍 동해안로 1915,12,경상북도,35.7829416854786,129.491754849878,https://tong.visitkorea.or.kr/cms/resource/82/3538582_image2_1.jpg,"넓은 백사장의 잔잔한 모래와 동해의 청정해역 바다를 자랑하는 나정고운모래해변은 여유 있는 주변 공간과 인근의 갖은 편의시설이 있고 동해의 바닷물을 이용하여 온천을 즐길 수 있는 해수탕이 있어 새로운 체험을 할 수 있다. 해수탕 옆은 주차 공간과 송림이 개방되어 있으며, 모터보트, 바나나보트 등 수상 레저를 즐길 수 있어 가족과 친구와 함께 여름 피서지로 방문하기에도 좋다. 해변을 따라 산책로도 잘 조성되어 있어 바다를 보며 걷기에도 좋다.",,http://gyeongju.go.kr/tour,전구역 동반가능,전 견종 동반 가능,목줄 착용,"- 맹견의 경우, 입마개 착용 필수- 배변봉투 지참 및 배변처리 필수",,상시 개방,연중무휴,
970636,이촌한강공원,서울특별시 용산구 이촌로72길 62 (이촌동),12,서울특별시,37.51782055627669,126.97085116144623,https://tong.visitkorea.or.kr/cms/resource/15/2531015_image2_1.jpg,"이촌한강공원은 금호동의 중랑천교와 이촌동의 원효대교 사이 강변 북단에 위치해 있다. 가을이 되면 호안가 주변을 따라 갈대와 억새, 코스모스가 피어나 시민들의 산책과 조깅코스로 자주 이용된다. 청소년을 위한 청소년광장과 X-게임장, 국제규모의 인라인스케이트장, 농구장, 테니스장, 게이트볼장 등의 운동경기장 등이 여가 및 레포츠 공간으로 유용하게 활용되고 있다. 또한 한강도하체험장이 생겨 개인, 직장, 학교 등 단체생활의 팀워크훈련장으로 이용되고 있다.

◎ 한류의 매력을 만나는 여행 정보 - 드라마 
드라마 에서 서해(박신혜 분)가 아빠와의 추억을 떠올리며 슬픔에 잠긴 공원이다. 부지가 넓어 산책, 피크닉, 문화활동 등 다양한 여가 활동을 즐길 수 있다.",,https://hangang.seoul.go.kr,일부구역 동반가능,전 견종 동반 가능,목줄 착용,"- 맹견의 경우, 입마개 착용 필수- 배변봉투 지참 및 배변처리 필수",,상시 개방,연중무휴,
2771211,순수 양떼목장,강원특별자치도 평창군 대관령면 오목길 111,12,강원특별자치도,37.65885253942023,128.71976533319727,https://tong.visitkorea.or.kr/cms/resource/87/3368287_image2_1.jpg,"순수 양떼목장은 약 15년 전부터 운영되어 온 양떼목장(구 지르메 양떼목장)이며, 약 20만 평방미터의 부지에 국내 최대·최다의 양 개체 수를 보유하고 있는 양 전문 목장이다. 순수 양떼목장의 양들은 매일 아침 자연 방목되어 초원에서 뛰어놀며 자유롭고 건강하게 생활하고 있다. 넓고 푸른 초원 위에 하얗고 순수한 양떼 사이를 걷다 보면, 동화 속 알프스의 아이들처럼 순수했던 동심으로 돌아가 도시에 지친 마음이 치유된다. 또한 전국 최초의 반려동물 동반 가능 목장이다.",,https://www.soonsusheepfarm.com/,일부구역 동반가능,전 견종 동반 가능,목줄 착용,"- 맹견의 경우, 입마개 착용 필수- 배변봉투 지참 및 배변처리 필수",,"[여름(4 월~10 월)]- 09:00~18:00- 매표 마감 17:00[겨울(11 월~3 월)]- 09:00~17:00- 매표 마감 16:00※ 강풍, 폭설, 폭우 등으로 인해 입장 제한될 수 있음",연중무휴,
2545307,퍼스트가든,경기도 파주시 탑삭골길 260 (상지석동),12,경기도,37.732644532921,126.794974093248,https://tong.visitkorea.or.kr/cms/resource/00/3587300_image2_1.jpg,"퍼스트가든은 경기도 파주시에 위치한 대규모 복합문화시설이다. 정원, 레스토랑, 웨딩홀, 놀이시설, 카페 등 다양한 시설을 갖추고 있다. 특히 정원은 23가지 테마로 이루어진 곳으로 계절마다 다른 매력을 느낄 수 있고 저녁에는 조명과 어우러진 아름다운 모습을 볼 수 있다. 아이들이 즐길 수 있는 꼬마열차, 회전목마, 범퍼카 등이 있는 가든 놀이터를 이용하며 가족 여행을 하기에 좋은 곳이다. 퍼스트가든은 정성을 담은 음식을 맛볼 수 있는 레스토랑을 운영하는데 한식전문점과 양식전문점을 이용할 수 있다. 다양한 경험을 할 수 있는 퍼스트가든에서 특별한 추억을 만들 수 있다. 

◎ 한류의 매력을 만나는 여행 정보
그리스 신화를 테마로 한 자수화단, 하얀 자작나무가 둘러싸고 있는 화이트가든 등지에서 ‘BTS’ 지민이 월간지 화보를 촬영해 많은 팬들이 방문하고 있다.",,http://www.firstgarden.co.kr,일부구역 동반가능,맹견 제외 10kg 이하 동반 가능,"반려동물 유모차 탑승,이동장(켄넬)사용","- 반려견 놀이터 제외 모든 공간에선 목줄 착용해 안거나 이동장(켄넬), 반려동물 유모차 이용해 이동 필수- 배변봉투 지참 및 수거 필수","반려동물 놀이터(잔디 운동장,수영장,샤워장)",10:00~22:00 (매표마감 21:00),연중무휴,
2667204,옥동 힐링가든,경상남도 거제시 둔덕면 청마로 665-13,12,경상남도,34.8704455220084,128.546215897378,,"옥동 힐링가든은 국가지정 민간정원으로 등록된 정원으로 동서양정원의 주요 포인트를 볼 수 있다. 특히 수생정원은 무늬버들로 토피어리를 만들어 봄이면 화려한 볼거리를 제공하며, 인공폭포와 벚꽃이 만발한 봄풍경은 매우 아름답다. 홍가시 토피어리와 아왜나무약 200여 종의 식물을 볼 수 있고, 삼면이 편백숲에 둘러싸인 공간으로 자연환경이 특히 뛰어나다. 연못에는 가운데 인공적으로 조성한 조그만 섬에 영산홍과 소나무가 심겨 있고, 수생정원에는 거북정원과 태극정원을 조성하여 음양과 오행의 동양사상을 표현하였고, 원형의 통로 주변에는 수학의 공식이 숨어있어 호기심을 발동시킨다. 야간개장 시에는 수목조명을 이용해 수목의 아름다움을 느낄 수 있게 하였고, 여기저기 물을 활용한 분수와 폭포가 조화롭다.",,,전구역 동반가능,전 견종 동반 가능,목줄 착용,"- 맹견의 경우, 입마개 착용 필수
- 배변봉투 지참 및 배변처리 필수",,※ 자세한 사항은 전화문의 요망,※ 자세한 사항은 전화문의 요망,가능
1083960,식장산 문화공원(해돋이전망대),대전광역시 동구 세천동 산43-5,12,대전광역시,36.3023172606038,127.480572196424,https://tong.visitkorea.or.kr/cms/resource/02/2661802_image2_1.JPG,"정상에 오르면 2016년~2018년까지 조성된 식장산문화공원 전망대에서 멀리 호남과 경계를 이루는 대둔산, 옥천 금산의 서대산, 공주의 계룡산, 그리고 대전시 계족산과 보문산이 한꺼번에 사방으로 조망된다. 또한 맑고 푸른 물결이 넘실대면서 반짝이는 대청호수를 장쾌하게 볼 수 있는 매력적인 산행지이다.

(출처 : 대전광역시 동구청 홈페이지)",,https://www.donggu.go.kr/dg/tour,전구역 동반가능,전 견종 동반 가능,목줄 착용,"- 맹견의 경우, 입마개 착용 필수- 배변봉투 지참 및 배변처리 필수",,상시 개방,연중무휴,가능요금 (무료)
2549932,속초 외옹치 바다향기로,강원특별자치도 속초시 대포동 585-5 (대포동),28,강원특별자치도,38.1828830781178,128.609482918206,https://tong.visitkorea.or.kr/cms/resource/32/3416832_image2_1.jpg,"바다향기로는 속초해수욕장에서 외옹치항까지 1.74㎞에 걸쳐 이어진 이색적인 해안 산책 코스다. 크게 속초해수욕장 구간(850m)과 외옹치 구간(890m)으로 나뉘며 구간마다 서로 다른 분위기를 지녔다. 가볍게 해변을 따라 걷고 싶다면 속초해수욕장 구간이 적합하며 다이내믹한 풍경을 담고 싶다면 외옹치 구간을 추천한다. 외옹치 구간은 수십 년간 민간인 출입이 통제되었던 곳으로 오랫동안 사람 손때를 타지 않은 천혜의 비경을 품고 있다. 드라마 〈남자친구〉 촬영지로도 유명하다. 나무 데크 탐방로와 흙길을 오가는 산책로를 따라 푸른 바다가 끝없이 이어지며 철썩이는 파도 소리가 청량감을 더한다. 바닷물이 맑고 깨끗해 바닥이 훤히 비칠 정도다. 외옹치 구간은 대나무 명상길, 하늘 데크길, 안보 체험길, 암석 관찰길 4개 테마 코스로 꾸며졌다. 안보 체험길에 둘러쳐진 해안선 경계 철책은 1970년 무장공비 침투 사건 이후 설치했던 것을 일부분 남겨 놓은 것이다. 굴바위, 지네바위 등 해안가에 형성된 기이한 바위들을 관람하는 재미도 쏠쏠하다.",,www.sokchotour.com,일부구역 동반가능,전 견종 동반 가능,"목줄 착용,이동장(켄넬)사용",품에 안고 있거나 이동장(켄넬) 안에 있는 경우만 동반 가능(유모차 불가),,- 하절기(4월~9월) 06:00~20:00- 동절기(10월~3월) 07:00~18:00,풍랑주의보 및 풍랑경보 발령 시,가능 (약 20대)
2733975,불암산나비정원,서울특별시 노원구 한글비석로12길 51-27 (중계동),12,서울특별시,37.65548008383037,127.0806322948848,,"노원구 불암산 힐링타운 사업지 중 한 곳으로 365일 살아있는 나비를 볼 수 있는 정원이다. 나비 정원 건물 1층에는 사육배양실, 채란실, 나비 온실 등이 위치해 있고, 2층은 곤충학습관으로 이루어져 있다. 곤충학습관에서는 환경부 지정 멸종 위기종 2급 곤충인 물장군, 두점박이사슴벌레 등 각종 곤충 표본과 곤충 관련 자료들을 볼 수 있다. 단체 관람 시 예약이 필요하다.",,https://www.instagram.com/b__b_garden,일부구역 동반가능,전 견종 동반 가능,목줄 착용,"- 실내 애견 동반 불가- 맹견의 경우, 입마개 착용 필수- 배변봉투 지참 및 배변처리 필수",,- 하절기(3월~10월) 10:00~18:00 (입장마감 17:30)- 동절기(11월~2월) 10:00~17:00 (입장마감 16:30),매주 월요일 / 1월 1일 / 설·추석 연휴,가능
130510,바람흔적미술관,경상남도 남해군 삼동면 금암로 519-4 바람흔적미술관,14,경상남도,34.7622,128.0124,https://tong.visitkorea.or.kr/cms/resource/14/3558614_image2_1.jpg,"남해군에 위치한 바람흔적미술관은 바람을 테마로 하는 미술관이며, 바람을 주제로 큰 키의 바람개비를 세운 설치미술가 최영호 작가의 작품을 중심으로 만들어진 곳이다. 경남 합천군에 1호를 만든 작가가 이후 남해군 삼동면에 2호를 만들었다. 바람흔적미술관은 평면 공간, 입체 공간, 조각 공원으로 구성되어 있다. 전시실은 1,2로 공간이 분리되어 있으며 매달 새로운 전시가 기획되어 갈 때마다 새로운 느낌을 받을 수 있다. 전시 관람도 매력 있지만 자연 한가운데 놓인 미술관과 그 주변 풍경이 좋아서 그 이름처럼 바람이 머문 흔적을 느끼러 오는 관람객이 상당하다. 풍차를 떠오르게 하는 큰 바람개비 내산저수지 물결과 초록빛 잔디밭의 조화가 아름다운 미술관이다.",,https://www.namhae.go.kr/tour/,일부구역 동반가능,전 견종 동반 가능,목줄 착용,"- 외부는 목줄 착용 후 동반 가능하나 실내는 동반 불가- 맹견의 경우, 입마개 착용 필수- 배변봉투 지참 및 배변처리 필수",,[하절기]10:00~18:00[동절기]10:00~17:00,연중무휴,
2514838,바우지움 조각미술관,강원특별자치도 고성군 토성면 원암온천3길 37,14,강원특별자치도,38.2123442934062,128.515149502573,https://tong.visitkorea.or.kr/cms/resource/02/4007402_image2_1.jpg,"조각미술관 바우지움은 강원특별자치도 고성군 토성면에 위치한 조각 전문 사립 미술관으로, 현대 조각의 대중화와 발전에 기여하기 위해 치과의사 안정모 박사와 조각가 김명숙 관장 부부가 2015년에 건립하였다. 우리나라 근·현대 조각가들의 대표 작품들을 감상할 수 있으며, 2-3개월 주기로 기획전도 열리고 있다. 다섯 가지 테마로 아름다운 조경이 특징적이며 자연과 건축, 예술이 어우러진 문화예술 공간이다. 7,000평 부지의 야외정원과 카페, 아트샵을 갖추고 있으며, 다양한 행사와 교육 프로그램을 진행하고 있다.",,공식 홈페이지 http://www.bauzium.co.kr/공식 인스타그램 https://www.instagram.com/bauzium,전구역 동반가능,전 견종 동반 가능,"목줄 착용,반려동물 유모차 탑승,이동장(켄넬)사용",-반려동물을 품에 안거나 이동장·개모차 이용해 관람 필수,,10:00~18:00 (입장 마감 17:00),매주 월요일,
1032715,굴업도,인천광역시 옹진군 덕적면 굴업리,12,인천광역시,37.1904,125.9782,https://tong.visitkorea.or.kr/cms/resource/37/3570237_image2_1.jpg,"굴업도는 한국의 갈라파고스로 불리며, 때 묻지 않은 신비한 섬이다. 한국인이 꼭 한 번은 가봐야 여행지로 격찬을 아끼지 않은 수식어가 딸린 곳으로 매우 아름다운 섬이다. 관광지로는 굴업해변과 선착장이 있으며, 인구가 많지 않아서 편의시설이 사실상 거의 없다. 섬 대부분이 산지로 둘러싸여 있어서 자연적인 분위기가 강하며, 인공적인 시설은 드물거나 없는 편이다. 하지만 덕분에 천혜의 수려한 자연환경이 고스란히 남아있고, 불빛이 적어 여름밤에는 은하수를 고스란히 감상할 수 있다. 또한 개머리언덕을 중심으로 캠핑족들의 발길이 끊이지 않는다. 
굴업도는 전체 주민이 20명이 채 되지 않는 작은 섬이다. 주요 관광지로는 덕물산, 연평산, 개머리언덕, 토끼섬, 코끼리바위 등이 유명하며, 굴업해수욕장과 목기미해수욕장 2개의 해수욕장을 가지고 있다. 자연 그대로의 넓은 목초지대, 다채로운 해안선, 산 위에서 바라보는 섬과 바다의 풍경 등이 아름답기 때문에 사진작가나 백패커들에게 큰 인기를 끌고 있다. 하늘과 바다와 초원을 한 번에 감상할 수 있는 굴업도는 한국의 갈라파고스라는 수식어가 부족하게 느껴질 정도로 멋진 풍경을 자랑한다.",,https://itour.incheon.go.kr/,일부구역 동반가능,"전 견종 출입 가능(맹견의 경우, 입마개 착용 필수)",목줄 착용,별도의 쓰레기 처리 시설이 없으므로 배변봉투 지참 및 수거 필수,,상시 개방,연중무휴,가능
127040,홍쌍리 청매실농원,전라남도 광양시 다압면 지막1길 55,12,전라남도,35.0755065004326,127.716671496161,https://tong.visitkorea.or.kr/cms/resource/52/3590152_image2_1.jpg,"청매실농원은 해발 1,217m에 달하는 백운산 기슭에 5만 평의 규모로 자리 잡고 있다. 홍쌍리 씨가 본격적으로 매화밭을 조성해 오늘처럼 매화 명소로 일궈 낸 데에는 지금은 고인이 된 홍 씨의 시아버지 율산 김오천 선생이 산에 밤나무와 매화나무를 심어온 오랜 노력의 시간이 받쳐주고 있다. 김오천 선생이 수십만 평의 땅에 매화 농장의 터를 잡자 며느리인 홍쌍리 씨는 매화나무를 늘리고 종자를 개량해 매화 박사라는 별칭까지 얻게 되었다. 홍쌍리 씨는 정부 지정 명인 14호로 지정될 만큼 매화와 매실에 관해서는 일가를 이루고 있다. 

광양 매화마을은 매화 정보화 마을 혹은 섬진강 매화마을이라고도 하는데, 홍쌍리 청매실농원을 중심으로 크게 한 덩어리라고 보면 된다. 일반적으로 광양 매화마을이라고 하면 홍쌍리 청매실농원을 일컫는다고 보면 된다. 매화가 피는 3월이 되면 청매실농원은 청매화, 홍매화뿐만 아니라 능수매화, 산수유까지 한껏 피어난다. 매년 봄마다 매화꽃이 피면 청매실농원을 중심으로 매화축제가 열린다. 농원 안에는 곳곳에 포토존이 마련되어 있으며, 정자 전망대에서 내려다보는 매화마을, 섬진강, 강 넘어 하동 마을의 풍경을 한눈에 볼 수 있어 방문객들에게 인기가 많다.",,www.maesil.co.kr,전구역 동반가능,전 견종 동반 가능,목줄 착용,"- 맹견의 경우, 입마개 착용 필수- 배변봉투 지참 및 배변처리 필수",,08:00~17:00,,가능
127695,허브아일랜드,경기도 포천시 신북면 청신로947번길 51,12,경기도,37.9661808056504,127.13347323937532,https://tong.visitkorea.or.kr/cms/resource/47/3575647_image2_1.jpg,"관광농원인 허브아일랜드(329,000㎡) 내 식물원과 전시실(110,000㎡)을 갖춘 1종 전문 박물관(식물원)으로 등록한 전국 최대 규모의 허브 식물원이다. 허브식물 박물관 내에는 250여 종의 허브와 다양한 식물들이 식재되어 있어 사계절 내 화사하고 푸른 식물을 관람할 수 있다. 허브식물 박물관은 총 4개의 실내 전시관과 야외 전시장으로 구성되어 있다. 각 전시관마다 중심이 되는 허브와 식물들이 있어 관람의 재미와 함께 아이들의 생태체험 교육의 장은 물론 힐링공간으로 활용되고 있다.",,https://www.herbisland.co.kr/,일부구역 동반가능,전 견종 동반 가능,"입마개 착용,목줄 착용",- 15Kg이상 입마개 착용 필수- 실내 매장의 경우 매장에따라 불가인곳 있음- 배변봉투 지참 및 배변처리 필수,,- 평일 10:00~21:00- 토요일 10:00~22:00- 일요일 10:00~21:00※ 각 매장 별로 오픈시간과 휴무일이 상이하므로 이용 시 홈페이지 확인 요망,"매주 수요일※ 공휴일, 설·추석 연휴 운영",가능 (약 소형 1000대 / 대형 30대 이상)
2781472,우야우야 대패삼겹살,경기도 고양시 일산동구 무궁화로 43-50 (장항동),39,경기도,37.6651331847469,126.766567670006,,"우야우야 대패삼겹살은 일산 라페스타에 위치한 대패삼겹살 맛집이다. 이곳은 고기를 주문하면 기본 반찬들이 푸짐하게 차려진다. 쌈채소, 파채무침, 김치, 콩나물, 양념게장, 구이용 떡, 버섯, 감자 등이 기본으로 나오고, 어묵꼬치탕, 된장찌개, 계란찜까지 제공된다. 셀프바에는 고수, 명이나물, 감자샐러드 등 기본 반찬 외에도 다양한 채소와 반찬들이 깔끔하게 세팅되어 있어서 원하는 만큼 가져다 먹을 수 있어 편리하다.
대패삼겹살은 급속 냉동한 생삼겹살을 사용해서 잡내가 적고 부드러우며 담백하고 고소한 맛이 특징이다. 특히 고기 기름에 바삭하게 구워 먹는 얇은 감자칩이 별미이다. 대패삼겹살 외에도 생삼겹살, 제주오겹살, 목살, 목항정살, 돼지왕갈비, 차돌박이, 소갈비살 등 다양한 고기 메뉴를 맛볼 수 있다. 식사 메뉴로는 전복된장찌개, 차돌된장국밥, 김치찌개, 볶음밥 등 푸짐한 메뉴들이 준비되어 있다. 
매장이 넓고 겨울에도 이용할 수 있는 테라스석과 단체석이 마련되어 있어서 회식이나 단체 모임 장소로도 인기가 많다.",,,일부구역 동반가능,,,,,- 평일 14:30~01:00- 주말 12:00~01:00,연중무휴,가능
2652545,닭머르해안길,제주특별자치도 제주시 조천읍 신촌북3길 62-1,12,제주특별자치도,33.5378017018462,126.613251253838,https://tong.visitkorea.or.kr/cms/resource/94/4001794_image2_1.jpg,"닭머루 입구에서 신촌포구까지의 구간으로 나무데크로 이어진 전망대와 산책로가 있으며, 가을에서 초겨울까지가 닭머르 해안길을 방문하기에 좋다. 닭머르 바위는 마치 닭이 흙을 파헤치고 그 안에 들어앉은 모습을 닮았다하여 이름이 붙여졌다. 아름다운 바다 전망을 자랑하는 이곳은 도민들은 이미 잘 알고 있는 곳이지만, 아직 여행객들에게는 잘 알려지지 않았다. 그렇기에 한적하게 산책을 즐기며 사진을 찍기에 제격인 장소이다. 닭머르 바위가 있는 곳은 나무갑판으로 길이 만들어져 있고, 그 길의 끝엔 해안정자가 자리 잡고 있다. 해안정자까지 이르는 길은 가을을 맞아 풍성해진 억새가 사진 찍기에 더없이 좋은 배경을 만들어준다. 특히 이곳은 일몰 장소로도 손꼽히는 곳이기에 해가 지기 바로 직전에 사진을 담는 것을 추천한다. 억새와 저물어가는 가을 해가 아름다운 배경과 조명을 만들어 줄 것이다.

(출처 : 제주 문화관광 홈페이지)",,https://www.visitjeju.net,전구역 동반가능,전 견종 동반 가능,목줄 착용,"- 맹견의 경우, 입마개 착용 필수- 배변봉투 지참 및 배변처리 필수",,상시 개방,연중무휴,가능
128918,양평 두물머리,경기도 양평군 양서면 두물머리길 145,12,경기도,37.53362264940988,127.31747150388416,https://tong.visitkorea.or.kr/cms/resource/94/3513794_image2_1.jpg,"두물머리는 금강산에서 흘러내린 북한강과 강원도 금대봉 기슭 검룡소에서 발원한 남한강 두 물이 합쳐지는 곳으로, 한강의 시작이다. 이른 아침에 피어나는 물안개와 일출, 황포돛배 그리고 400년이 넘은 느티나무가 어우러진 양수리 두물머리는 사계절 아름답게 변모하는 풍광이 기다리는 곳으로 한국인이 꼭 가봐야 할 곳 한국관광100선에 선정된 곳이다. 
한강 제1경 (두물경)과 각종 드라마 및 영화촬영장소로 널리 알려지며 수많은 국내외 관광객이 찾아오고 있는 대한민국 대표 생태관광지이다.
두물머리의 아름다운 풍경은 예로부터 유명하여 조선시대 이건필의 와 겸재 정선의 으로 남겨져 시대를 초월해 현재까지 전해져 내려오고 있다. 앞으로도 대한민국과 양평의 아름다운 유산으로 후손들에게 전해져야 할 생태명소이다.",,https://tour.yp21.go.kr/,전구역 동반가능,전 견종 동반 가능,목줄 착용,"- 맹견의 경우, 입마개 착용 필수- 배변봉투 지참 및 배변처리 필수",,상시 개방,연중무휴,가능
2606233,영종씨사이드 레일바이크,인천광역시 중구 구읍로 75,28,인천광역시,37.4884520368651,126.576840645103,https://tong.visitkorea.or.kr/cms/resource/02/2609702_image2_1.JPG,씨사이드파크는 여의도 면적급의 영종도의 떠오르는 명소이다. 그 안에 자리 잡은 씨사이드 레일바이크는 4인승 구조로 씨사이드파크의 해안을 따라 선로를 타고 달린다. 눈앞의 탁 트인 해안은 레일바이크를 타고 달리는 동안 월미도에서부터 인천대교까지의 풍경을 한눈에 담아 즐거운 경험을 선사한다. 레일바이크를 타고 가는 동안 경관폭포와 다양한 시설물들을 배치하여 또 다른 재미를 제공하고 있다.,,http://www.영종씨사이드레일바이크.com,일부구역 동반가능,전 견종 동반 가능,목줄 착용,"- 초대형견외에 안고탈수 있으면 동반가능- 맹견의 경우, 입마개 착용 필수- 배변봉투 지참 및 배변처리 필수",,09:00~16:20,연중무휴,가능무료
126133,경상감영공원,대구광역시 중구 경상감영길 99 (포정동),12,대구광역시,35.8720530283,128.5923073375,http://tong.visitkorea.or.kr/cms/resource/44/3310544_image2_1.jpg,"대구 중앙로역에서 도보 5분 거리에 위치한 경상감영공원은 조선 선조 때 경상감영이 있던 곳으로 그 터를 보전하기 위해 조성된 공원이다. 1910년부터 1965년까지 이곳에 경상북도 청사가 있었고 도청이 옮겨간 후 1970년 공원으로 조성되었다. 경상감영은 조선시대 경상도의 행정과 군사, 재판 등을 관할하던 행정조직이었다. 옛 경상감영 내에 선화당, 응향당, 제승당, 응수당, 징청각 등 여러 채의 건물이 있었지만, 현재 경상감영공원 내에는 경상도 관찰사 집무실인 선화당(대구광역시 유형문화유산)과 살림채 건물인 징청각(대구광역시 유형문화유산)만이 남아 있다. 선화당은 현재 관아 건물이 거의 남아 있지 않은 상황에서 귀중한 자료로 평가받고 있다. 경상감영의 누각 관풍루(대구광역시 문화유산자료)는 1906년 달성토성으로 옮겨졌으며, 관찰사와 대구판관의 선정을 기리는 총 29기의 선정비가 이곳 경상감영공원에 남아 있다.
경상감영공원은 선화당과 징청각이 푸른 숲과 어우러진 도심 속 공원으로 옛 건물의 멋을 살린 정문, 분수, 돌담, 산책로와 조국통일을 기원하는 통일의 종 등이 조성되어 있다. 대구 도심 중앙에 위치하여 중앙공원으로 불리어지기도 하였다.",,"<a href=""https://tour.daegu.go.kr/index.do?menu_id=00002942&menu_link=/front/tour/tourMapsView.do?tourId=KOATTR_128"" target=""_blank"" title=""새창 : 대구트립로드 사이트로 이동"">http://tour.daegu.go.kr/index.do</a>",전구역 동반가능,전 견종 동반 가능,목줄 착용,"- 맹견의 경우, 입마개 착용 필수
- 배변봉투 지참 및 배변처리 필수",,상시 개방,연중무휴,"가능<br>요금 (최초 30분 1,000원 / 이후 10분당 600원씩 추가 요금 발생)"
2603489,인천대공원 반려동물 놀이터,인천광역시 남동구 무네미로 236 인천대공원 내(제 1주차장 축구장 뒤편),12,인천광역시,37.4577461335,126.749303301,http://tong.visitkorea.or.kr/cms/resource/51/3590851_image2_1.jpg,"반려견과 반려인이 마음껏 뛰어놀 수 있는 반려동물 놀이터가 2018년 인천대공원에 문을 열었다. 이곳은 인천에 처음으로 조성된 반려동물 놀이터로 대형견과 중·소형견 놀이터가 분리되어 있으며, 흥미로운 공간으로 꾸며졌다. 또한 대형파라솔 및 야외탁자 등을 설치해, 반려동물을 동반한 이용자들도 휴식과 놀이를 함께 즐길 수 있도록 했다. 심지어 별도의 입장료가 없이 무료로 이용할 수 있기 때문에 시민들이 더욱 많이 이용한다. 또한 다양한 조형물이 설치되어 있어 멋진 사진을 남길 수 있다.",,"<a href=""https://www.incheon.go.kr/park/park010218""target=""_blank"" title=""새창 : 인천대공원 홈페이지로 이동"">https://www.incheon.go.kr/park</a>",전구역 동반가능,전 견종 동반 가능,목줄 착용,"- 놀이터 내에서만 목줄 자유
- 놀이터 퇴장 전 목줄 착용 필수
- 체고 40cm를 기준으로 소형견과 중대형견 구분","펜스,안전문,운동장,산책로,놀이기구","[하절기 (4월~11월)] 10:00~20:00<br>
[동절기 (12월~3월)] 10:00~17:30",매주 월요일 / 설날·추석 당일 / 우천시,가능
533874,통영케이블카,경상남도 통영시 발개로 205,12,경상남도,34.8266120596,128.4250363662,,"통영 미륵산에 설치된 통영케이블카는 2선(bi-cable) 자동순환식 곤돌라 방식으로 스위스의 최신 기술에 의해 설치되었으며, 길이는 1975m이다. 평균속도 1초당 4m로 상부역사까지 약 9분이 소요되며 승객용 곤돌라 47기, 화물용 1기 등 48개의 곤돌라가 순환하게 된다. 특히, 친환경적인 설계에 의해 중간지주는 1개만 설치하여, 환경보호는 물론 탑승객에게 아주 편안한 승차감을 제공한다. 또한, 8인승 곤돌라 47대가 연속적으로 탑승객을 운송함으로써 지체 없이 탑승이 가능하며, 가까운 사람끼리 오붓하게 아름다운 한려수도의 경치를 감상할 수 있다. 펫 프렌들리 케이블카 오픈으로 반려동물과 함께 탑승이 가능하다.",,"<a href=""http://cablecar.ttdc.kr/Kor/"" target=""_blank"" title=""새창: 통영관광개발공사 통영케이블 홈페이지로 이동"">http://cablecar.ttdc.kr/Kor/</a>",일부구역 동반가능,이동장(켄넬)에 들어가는 전 견종 동반 가능,이동장(켄넬)사용,"- 반려견의 몸체가 땅에 닿으면 동반 불가
- 배변봉투 지참 및 배변처리 필수",,"기상 상황에 따라 변동 가능하므로 자세한 사항은 홈페이지 참조<br>
※ 매표는 운행종료 2~3시간 전 조기마감될 수 있음","매월 둘째, 넷째 수요일<br>※ 자세한 사항은 홈페이지 참조",가능 (약 소형 288대 / 대형 11대)
2671791,말티재 전망대(말티고개),충청북도 보은군 장안면 장재리 산4-14,12,충청북도,36.4991475269,127.7893194701,http://tong.visitkorea.or.kr/cms/resource/57/3449957_image2_1.jpg,"2020년 개장한 말티재 전망대는 전망대 및 조형물로 열두굽이의 말티고개를 한눈에 볼 수 있는 곳이다. 2층 규모로, 폭 16m, 높이 20m이다. 전망대에서 바라보는 말티고개는 숲과 도로가 어우러진 독특한 풍광이 한눈에 들어온다. 자전거, 바이크 동호인들 사이에서 12굽이 와인딩 코스로 유명한 곳으로, 고려 태조 왕건과 조선 세조가 속리산 행차 때 얇은 돌을 깔아 길을 냈다고 전해진다. 길이 가파르기 때문에 초보 운전자는 각별히 주의를 기울여야 한다.",,"<a href=""https://www.boeun.go.kr/tour/prog/tursmSghts/main/sub02/01/view.do?sghtsNo=61"" target=""_blank"" title=""새창 : 보은 문화관광 홈페이지로 이동"">https://www.boeun.go.kr/tour</a>",전구역 동반가능,소형견  동반 가능,목줄 착용,"- 일반 관람객 불편고려 소형견만 권장<
- 배변봉투 지참 및 배변처리 필수",,"[11월~2월]<br>
- 09:00~18:00<br>
- 입장 마감 17:30<br>
[5월~8월]<br>
- 09:00~20:00<br>
- 입장 마감 19:30<br>
[3월~4월/9월~10월]<br> 
- 09:00~19:00 <br>
- 입장 마감 18:30<br>
※ 우천 및 강풍 등 기상 악화 시 전망대 출입 제한<br>
※ 비가 그친 후 전망대 노면이 다 마를 때까지 전망대 출입 제한",연중무휴,가능 (백두대간 속리산 관문 주차장 / 말티재 주차장)
126441,돈내코 원앙폭포,제주특별자치도 서귀포시 돈내코로 137,12,제주특별자치도,33.3005255267,126.5820170154,http://tong.visitkorea.or.kr/cms/resource/84/3589084_image2_1.jpg,"돈내코는 제주특별자치도 서귀포시에 위치한 계곡으로 에메랄드빛 강물과 난대 상록수림이 울창한 모습을 볼 수 있고 높이 5m의 원앙폭포와 작은 못이 있어 그 경치가 매우 수려하다. 돈내코 입구에서 산책로를 따라 20분 정도 걸어 들어가면 만날 수 있는 원앙폭포는 두 개의 물줄기가 떨어지는데, 금슬 좋은 원앙 한 쌍이 살았다 하여 원앙폭포라는 이름이 붙여졌다. 한라산에서 내려오는 얼음같이 차고 맑은 물이 흐르고, 물맞이를 비롯한 피서지로 유명한 곳이다. 백중날 (음력 7월 보름)에는 물을 맞으면 모든 신경통이 사라진다는 얘기가 있어 사람들이 가장 많이 붐빈다. 돈내코 유원지 입구에서 계곡까지 약 700m 정도에 달하는 숲길은 상록수림이 빽빽이 들어서 있고 중간에 나무 벤치가 있어 산림욕을 하기에 좋다. 계곡 입구 건너편 300m 떨어진 도로변에 야영장과 주차장, 취사장, 체력단련 시설이 잘 갖추어져 있고 인근에 향토 음식점이 있어 토종닭 등 제주 특유의 별미를 맛볼 수 있다.",,"<a href=""https://www.visitjeju.net/kr/detail/view?contentsid=CNTS_000000000019594"" target=""_blank"" title=""비짓제주 사이트로 이동"">https://www.visitjeju.net/</a>",전구역 동반가능,전 견종 동반 가능,목줄 착용,"- 맹견의 경우, 입마개 착용 필수
- 배변봉투 지참 및 배변처리 필수",,상시 개방,연중무휴,가능
1744974,물레길,"강원특별자치도 춘천시 송암동 641, 2층",28,강원특별자치도,37.8569556362,127.6863203648,http://tong.visitkorea.or.kr/cms/resource/30/3558130_image2_1.jpg,강원도 춘천시에 있는 물레길은 삼악산을 바라보며 카누 체험을 하며 커피 한잔을 즐길 수 있다. 국내 최초 우든 카누를 만들었으며 1대에 최대 4인이 탑승할 수 있다. 탑승 전 약 10분간 안전교육을 진행하고 삼악산과 의암봉 협곡 주변으로 카누투어를 진행한다. 카누는 기본적인 교육만 받으면 초보자도 이용할 수 있어 남녀노소 부담 없이 즐길 수 있다. 이곳에는 풀문 카페도 함께 있어 호수를 바라보며 음료 한 잔의 여유를 즐길 수 있다.,,"<a href=""https://www.mullegil.com/mullegil/web/"" target=""_blank"" title=""새창 : 공식 홈페이지로 이동"">https://www.mullegil.com/mullegil/web/</a>",일부구역 동반가능,,"목줄 착용,기타","- 목줄, 배변 봉투 지참 필수
- 대형견의 경우 물에 빠질 위험 높음","전용 카페, 의암호 스카이워크",,,
129561,무주 반디랜드,전북특별자치도 무주군 설천면 무설로 1324,12,전북특별자치도,36.0132357529,127.7587605263,,"무주 반디랜드는 무주의 대표 관광지로 온 가족이 함께할 수 있는 자연 체험의 공간이다. 곤충박물관, 반디별천문과학관, 반딧불청소년과학관, 통나무집, 야영장, 주목공원, 환경테마공원, 반딧불연구소가 있다. 대표적인 시설은 곤충박물관으로 천연기념물이자 환경 지표종인 반딧불이를 비롯한 우리나라와 전 세계의 다양한 곤충들이 실물 전시되어 있으며 생태온실, 아쿠아존이 있다. 또한 천문과학관에서는 우주의 탄생과 역사, 태양계, 별자리, 우주환경에 대해 배울 수 있다. 13m 원형 돔 안에 천체망원경이 설치되어 있어 관측 프로그램을 통해 주간에는 태양 및 밝은 천체를, 야간에는 별자리 및 천체를 관측할 수 있다.",,"<a href=""http://tour.muju.go.kr/bandiland/index.do"" target=""_blank"" title=""새창 : 반디랜드 홈페이지로 이동"">http://tour.muju.go.kr/bandiland/index.do</a>",전구역 동반가능,전 견종 동반 가능,목줄 착용,"- 실내는 동반 불가
- 맹견의 경우, 입마개 착용 필수
- 배변봉투 지참 및 배변처리 필수",,"[곤충박물관]<br>
09:00~18:00 (17:00 매표마감)<br>
[천문과학관]<br>
- 동절기(11월~2월) 13:00~21:00<br>
- 하절기(3월~10월) 13:00~22:00",매주 월요일 / 1월 1일 / 명절 당일,가능
125519,자유공원(인천),인천광역시 중구 제물량로232번길 46,12,인천광역시,37.4752946269,126.6222755091,http://tong.visitkorea.or.kr/cms/resource/84/3396084_image2_1.JPG,"자유공원은 인천항 개항 5년 만에 만들어진 우리나라 최초의 서구식 공원이다. 지대가 높은 데다 터가 넓고 숲이 울창해 산책하기 알맞다. 정상엔 한미수교 백주년기념탑이 있다. 1882년 4월 우리나라와 미국 사이에 조인된 한미수호 통상조약체결을 기념하기 위해 100주년이 되는 1982년에 세운 것이다. 한국전쟁 당시 인천상륙작전을 성공시킨 맥아더장군의 전공을 기리는 맥아더장군 동상도 그 옆에 있다. 인천상륙작전 성공 이후 7주년이 되는 1957년 9월 15일에 완공됐다. 자유공원 정상에서는 멀리 인천 앞바다까지도 훤히 내려다보인다. 자유공원 안에는 소규모 동물원과 팔각정, 연오정, 의자 등 쉼터가 마련되어 있다. 매년 4월이면 자유공원으로 오르는 길은 벚꽃으로 만발한다. 이를 기념해 벚꽃축제가 열린다. 공원 정상에서 인천항과 월미도를 바라보는 맛도 그만이다. 늦은 밤 이곳에서 바라보는 인천항의 밤 경치는 연인들의 데이트코스로도 유명하다.",,"<a href=""https://itour.incheon.go.kr/ssst/ssst/detail.do?pgListMode=S&cotId=ITD21122815335882251"" target=""_blank"" title=""중구 문화관광 사이트로 이동"">www.icjg.go.kr/tour</a>",전구역 동반가능,전 견종 동반 가능,목줄 착용,"- 맹견의 경우, 입마개 착용 필수
- 배변봉투 지참 및 배변처리 필수",,상시 개방,연중무휴,가능
1993734,녹산로 유채꽃도로,제주특별자치도 서귀포시 표선면 가시로565번길 20,12,제주특별자치도,33.3532755098,126.771635499,http://tong.visitkorea.or.kr/cms/resource/69/3588469_image2_1.jpg,"녹산로 유채꽃도로는 서귀포 가시리마을 진입로부터 10km 구간에 펼쳐지는 유채꽃과 벚꽃이 어우러져 그림 같은 드라이브 코스를 자랑하는 곳이다. 한국의 아름다운 길 100선에 선정되기도 한 가시리마을 녹산로는 조선시대 최고의 목마장이던 녹산장과 갑마장을 관통하는 길로 멀리 보이는 한라산과 유채꽃밭이 어우러져 아름다운 풍광을 만들어낸다. 또한 인근에 가시리 풍력발전단지가 위치하고 있어 더욱 다채로운 뷰를 선사한다. 인근에는 조랑말 체험 공원, 갑선이 오름 등 제주의 자연환경을 느낄 수 있는 명소가 위치하고 있다.",,,전구역 동반가능,전 견종 동반 가능,목줄 착용,"- 맹견의 경우, 입마개 착용 필수
- 배변봉투 지참 및 배변처리 필수",,상시 개방,연중무휴,불가능
2564158,광치기해변,제주특별자치도 서귀포시 성산읍 고성리 224-33,12,제주특별자치도,33.4515393485,126.9246505478,http://tong.visitkorea.or.kr/cms/resource/75/3400775_image2_1.jpg,"성산일출봉에서 섭지코지로 향하는 길목에 있는 광치기 해변은 제주올레 1코스의 마지막이자 2코스가 시작되는 곳이다. 펄펄 끓던 용암이 바다와 만나 빠르게 굳어지며 형성된 지질구조가 특징이며, 특히 썰물 때는 바닷물에 가려져 있던 비경들이 속속들이 드러나 숨은 비경을 선사한다. 용암 지질과 녹색 이끼가 연출하는 장관은 전 세계 어디서도 볼 수 없는 풍경을 자아내어 많은 사진작가가 찾는 사진 명소이기도 하다. 특히 성산일출봉 옆으로 뜨는 일출을 한 프레임에 담을 수 있어 연말연시에 많은 사람들이 찾는다. 광치기 해변의 모래는 현무암의 풍화작용으로 오랜 세월에 걸쳐 만들어진 입자로, 검은색을 띠는 것이 특징이다. 

(출처 : 비짓제주)",,"<a href=""https://www.visitjeju.net/kr/detail/view?contentsid=CNTS_000000000018413#"" target=""_blank"" title=""새창: 제주 관광 홈페이지로 이동"">https://www.visitjeju.net/kr",전구역 동반가능,전 견종 동반 가능,목줄 착용,"- 맹견의 경우, 입마개 착용 필수
- 배변봉투 지참 및 배변처리 필수",,상시 개방,연중무휴,가능<br>요금 (무료)
2613664,수원통닭거리,경기도 수원시 팔달구 정조로800번길 16 (팔달로1가),12,경기도,37.2794882505,127.0176533149,http://tong.visitkorea.or.kr/cms/resource/68/3402068_image2_1.JPG,"수원 팔달구 팔달로 100m 길이의 작은 골목에 있는 수원통닭골목은 1970년부터 문을 연 원조 가게부터 신생 가게까지 11곳 정도의 가게가 통닭을 튀겨내고 있는 곳이다. 큰 가마솥에 기름을 붓고 튀기는 것이 수원통닭골목의 전통으로, 메뉴는 프라이드와 양념뿐이지만, 요즘 치킨과는 다른 고소한 맛으로 인기를 끌고 있다. 통닭골목에서는 1970년대 좌판에 닭장을 놓고 손수 닭을 잡아 튀기던 시절부터 지금까지 통닭골목을 지켜오고 있는 ‘매향통닭’ 할머니와 이 골목에서 유명한 ‘용성통닭’과 ‘진미통닭’ 등을 만날 수 있다. 통닭의 가격이 저렴해 부담이 없으며, 푸짐한 양과 독특한 맛에 학생들부터 입소문을 듣고 찾아온 전국 각지의 손님들로 붐빈다.",,"<a href=""http://www.suwon.go.kr/web/visitsuwon/tour05/pages.do?seqNo=147"" target=""_blank"" title=""새창: 수원시 문화관광 "">http://www.suwon.go.kr</a>",일부구역 동반가능,전 견종 동반 가능,목줄 착용,"- 식당 출입 가능 여부는 매장 개별 문의 필요
- 맹견의 경우, 입마개 착용 필수
- 배변봉투 지참 및 배변처리 필수",,가게별 상이,가게별 상이,가능
264284,전북 전주 한옥마을 [슬로시티],전북특별자치도 전주시 완산구 기린대로 99 (남노송동),12,전북특별자치도,35.8183167088,127.1536278459,http://tong.visitkorea.or.kr/cms/resource/50/3479250_image2_1.jpg,"전주 한옥마을은 전주 풍남동 일대에 700여 채의 한옥이 군락을 이루고 있는 국내 최대 규모의 전통 한옥촌으로 전국 유일의 도심 한옥군이다. 1910년 조성되기 시작한 우리나라 근대 주거문화 발달과정의 중요한 공간으로, 경기전, 오목대, 향교 등 중요 문화재와 20여 개의 문화시설이 산재되어 있다. 향교길, 최명희길, 경기전길 등을 거닐면 한옥마을의 아름다운 골목길 모습과 한옥의 정취를 느낄 수 있다. 전주 한옥마을에 밤이 찾아오면 태조로를 밝히는 천사초롱과 한옥담장을 더욱 돋보이게 만드는 조명들로 감미로운 야경을 감상할 수 있다. 또 전주난장과 자만벽화마을, 야시장, 청년몰 등 이색 여행공간도 만날 수 있다. 한옥은 아름다움은 지붕선에 있고 지붕자락이 살짝 하늘로 향해 있는 것이 한옥의 특징이고 멋이다.
한옥의 구조는 크게 안채와 사랑채로 나누어져 있다. 한옥의 또 하나의 특징은 온돌방이다. 한국은 주로 앉아서 생활하기 때문에 바닥에 온돌을 깐다. 온돌의 구조는 방 밖에 아궁이(함실)를 만들고 구들(아궁이 안쪽) 밑으로 불을 때면 온돌이 따뜻하게 데워지는 것이다. 여름에는 시원하고 겨울에는 따뜻하다는 것이 온돌의 가장 큰 특징이다. 한옥마을에 가면 한옥생활체험관이 따로 마련되어 있다. 한옥생활체험관 안에 있는 선비방과 규수방에서 직접 온돌방 체험을 할 수도 있다. 한옥생활체험 중 이곳에서 제공되는 전통한식은 납청유기［納淸鍮器］에 담아 맛과 멋을 더한다. 전주한옥마을에서 직접생활도 해보고 맛있기로 유명한 전주비빔밥도 맛보는 두 가지 체험을 할 수 있는 곳이다.",,"<a href=""http://hanok.jeonju.go.kr"" target=""_blank"" title=""새창: 전주 한옥마을 홈페이지로 이동"">http://hanok.jeonju.go.kr</a>",일부구역 동반가능,전 견종 동반 가능,목줄 착용,"- 마을내는 타지역과 동일하게 다닐수 있으나(오목대와 전주향교 포함)그외 매표해야하는 시설은 동반 불가
- 한옥과 문화유적은 목재로 만들어져 배변 주의
'- 맹견의 경우, 입마개 착용 필수
- 배변봉투 지참 및 배변처리 필수",,상시 개방,,가능
126068,천전리각석계곡(울산),울산광역시 울주군 두동면 천전각석길,12,울산광역시,35.6096544965,129.1695751274,http://tong.visitkorea.or.kr/cms/resource/39/3585139_image2_1.jpg,"천전리각석 계곡은 주변의 빼어난 경관을 자랑하는 계곡으로, 이곳을 흐르는 물은 맑고 깨끗하며, 사철 수량이 풍부하다. 특히, 울산시에서 소장하고 있는 2점의 국보 중에서 하나인, 국보 울주 천전리각석이 위치하고 있다. 가까운 곳에는 신라 공신 박제상의 유적지인 치산서원, 망부석, 은을암 등이 예로부터 내려오는 전설을 간직한 채 찾아오는 이들을 기다리고 있다. 또, 수령 500여 년의 높이 223m, 가슴 높이의 둘레가 12m에 이르는 거목인, 두서면 은행나무가 천연기념물로 지정되어 있다. 천전리 앞 계곡은 한국수자원공사에서 나와서 수질관리를 하는 곳으로 물에 발을 담글 수 있는 곳이 아니므로 주의하여야 한다.",,"<a href=""https://www.ulju.ulsan.kr/tour/tursm/view.do?category=history&mId=0103000000&idx=82""울주 문화관광 사이트로 이동"">http://tour.ulju.ulsan.kr</a>",전구역 동반가능,전 견종 동반 가능,목줄 착용,"- 맹견의 경우, 입마개 착용 필수
- 배변봉투 지참 및 배변처리 필수",,상시 개방,연중무휴,가능
1621189,성주 경산리 성밖숲,경상북도 성주군 성주읍 경산리 (일원),12,경상북도,35.9155673744,128.2801336761,http://tong.visitkorea.or.kr/cms/resource/33/2605533_image2_1.jpg,"성주 경산리 성밖숲은 성주읍성(邑城) 서문 밖에 조성된 숲으로, 300~500년생의 왕버들나무 52그루가 자라고 있다. 『경산지(京山志)』및『성산지(星山誌)』의 기록에 의하면 조선 중기 서문 밖의 어린아이들이 이유 없이 죽자 이를 방지하기 위해 풍수지리설을 따라서 만들어진 것이라고 전해지고 있다. 

성밖에 조성된 숲이라는 단순한 이름 뒤에는 성주의 다양한 역사와 생활사가 담긴 가치 높은 공간이다. 노거수 왕버들로만 구성된 단순림(單純林)으로 학술적 가치가 있을 뿐만 아니라, 마을의 풍수지리 및 역사, 문화, 신앙에 따라 조성된 전통적인 마을 숲으로 마을 사람들의 향토성, 민속성, 역사성 등의 가치가 높아 천연기념물로 지정하여 보호하고 있다. 또 마을의 풍치와 보호를 위한 선조의 전통적 자연관을 보여주는 전통적 마을 비보림(裨補林)으로 학술적 가치가 높다.

현재 성밖숲은 축제 등 각종 행사를 하는 공간으로 이용되고 있을 뿐만 아니라 주민의 산책 공간, 생활체육 활동 공간 등 다양한 주민 생활공간으로 활용되고 있다. 왕버들나무가 4~5월이면 연두빛으로 물들고, 8월이면 야생화 맥문동의 보랏빛으로 장관을 볼 수 있다.",,"<a href=""https://www.sj.go.kr/tour/page.do?listType=&mnu_uid=3749&sortKwd=&code_uid=272&srchKwd=%EC%84%B1%EB%B0%96&area_uid=75&cmd=2&pageNo=1"" target=""_blank"" title=""새창 : 성주군 문화관광 홈페이지로 이동"">https://www.sj.go.kr/tour</a>",전구역 동반가능,전 견종 동반 가능,목줄 착용,"- 맹견의 경우, 입마개 착용 필수
- 배변봉투 지참 및 배변처리 필수",,상시 개방,연중무휴,가능
125713,망상해변,강원특별자치도 동해시 동해대로 6270-10 (망상동),12,강원특별자치도,37.5922686461,129.0896709728,http://tong.visitkorea.or.kr/cms/resource/40/2671440_image2_1.jpg,"망상해변은 묵호항에서 북쪽으로 3㎞쯤 떨어져 있는 국민관광지로서 부근의 옥계, 경포 등과 함께 동해안의 유명 관광지이다. 넓은 백사장과 울창한 송림(수령 20~30년), 청정한 해수, 얕은 수심(경사도 2~4도, 평균 물 깊이 0.5~1.5m) 등 동해안 해수욕장  중 가장 넓고 쾌적한 환경을 갖추었으며, 주차장, 야영장, 샤워장, 공중화장실 등과 각종 편의시설이 잘 갖춰져 있어 관광객들이 이용하기에 편리하다.
해수욕장 바로 위에는 오토캠핑장이 있어 가족단위 관광객들에게 인기가 있다. 인근 천곡 자연동굴, 무릉계곡과 추암 촛대바위를 비롯하여 남쪽으로 간이 해수욕장(노봉, 대진, 어달, 한섬, 감추, 추암 해수욕장)이 즐비하다. 인근의 묵호항과 더불어 강릉~삼척을 잇는 해안 관광지 중 하나이며 오징어, 소라, 해삼, 멍게, 광어 등의 풍부한 해산물로 풍요로움과 넉넉함이 묻어난다.",,"강원관광 <a href=""https://www.gangwon.to/gwtour/only/attraction?articleSeq=253"" target=""_blank"" title=""강원관광 사이트로 이동"">https://www.gangwon.to/gwtour</a>",일부구역 동반가능,전 견종 동반 가능,목줄 착용,"- 해수욕장 개장 기간에는 동반이 제한될 수 있음
- 맹견의 경우, 입마개 착용 필수
- 배변봉투 지참 및 배변처리 필수",,,,
126134,보문호,경상북도 경주시 보문로 424-33,12,경상북도,35.8443272826,129.2766813295,http://tong.visitkorea.or.kr/cms/resource/77/3082677_image2_1.jpg,"경주보문관광단지 내에 조성된 1,652,900m²(50만 평) 규모의 인공호수이다. 봄철 벚꽃구경 명소로 유명하며 주변에 국제적 규모의 호텔, 리조트, 경주월드, 공원 등이 갖춰져 있어 관광객이 늘고 있다. 보문호수는 산책로와 자전거길이 잘 정비되어 있는데 특히 보문호 주위의 버들나무 길을 따라 걷는 보문호둘레길(보문호 순환탐방로)이 유명하다. 탁 트인 호수를 바라보며 걸을 수 있는 약 8㎞의 산책길이 조성되어 있으며 전체 길을 일주하는 데에 약 2시간이 소요된다. 벚꽃이 한창인 4월에는 보문호 옆 보문관광단지에서 경주벚꽃마라톤대회가 개최되며 가을에는 단풍이 비치는 넓은 호수를 볼 수 있다.",,"경주 문화관광 <a href=""https://www.gyeongju.go.kr/tour/page.do?cmd=2&mnu_uid=2291&area_uid=39"" target=""_blank"" title=""경주 문화관광으로 이동"">http://gyeongju.go.kr/tour</a>",일부구역 동반가능,전 견종 동반 가능,"입마개 착용,목줄 착용","- 대형견, 맹견의 경우, 입마개 착용 필수
- 배변봉투 지참 및 배변처리 필수",,상시 개방,연중무휴,가능
127171,국립 산음자연휴양림,경기도 양평군 단월면 고북길 347,12,경기도,37.5961338783,127.5751825647,,"경기도 양평군에 위치한 이곳은 높은 봉우리가 병풍처럼 둘러싸고 있고 9갈래의 계곡을 따라 흐르는 맑은 물이 풍부하고 아름답다. 또한 수도권에서 차량으로 1시간 30분이면 도착할 수 있다. 숙박시설을 예약하거나 당일 힐링 휴가 장소로 매년 많은 산책객, 등산객이 휴양림을 찾아오고 있다. 이곳에는 산림청 1호인 산음 ‘치유의 숲’이 있으며 이용객을 대상으로 숲속체험, 목재문화체험교실 등을 운영하고 있다.
산음 자연휴양림은 내륙 산악림으로 온대 지방의 침엽수와 천연 활엽수가 주를 이루고 있다. 대표적인 수종으로는 잣나무, 낙엽송, 리기다소나무, 자작나무, 상수리나무, 가래나무, 피나무, 물박달나무, 층층나무 등 일일이 열거할 수 없을 만큼 많은 수종이 안정적으로 분포되어 봄에는 화사한 꽃으로, 여름이면 맑고 깨끗한 계곡의 시원함으로, 가을에는 오색의 아름다운 단풍으로 사람들의 발길을 이끈다.",,"<a href=""https://www.foresttrip.go.kr/indvz/main.do?hmpgId=0103"" target=""_blank"" title=""새창: 국립산옴자연휴양림 홈페이지로 이동"">https://www.foresttrip.go.kr</a>",일부구역 동반가능,맹견 제외 15kg 이하 예방 접종 완료한 전 견종 동반 가능,"입마개 착용,목줄 착용","- 산음휴향림 반려견지구 별도로 있음(네비에 반려견지구로 검색후 방문요망)
- 11.3일까지만 운영
- 배변봉투 지참 및 배변처리 필수",반려견 놀이터,"[일일개장]<br>
09:00~18:00<br>
[숙박시설]<br>
15:00~익일 11:00<br>
[야영실]<br>
14:00~익일 11:00",매주 화요일,가능
128111,세계꽃식물원,충청남도 아산시 도고면 아산만로 37-37,12,충청남도,36.7502826733,126.858915569,http://tong.visitkorea.or.kr/cms/resource/03/3567403_image2_1.jpg,"아산 세계꽃식물원은 연중 3,000여 종의 원예종을 감상할 수 있는 국내 최대 규모의 온실식물원이다. 이곳은 1994년 아산화훼영농조합법인 농장에서부터 시작되었다. 네덜란드 등에서 튤립, 백합, 아이리스 등 구근류들을 전문적으로 수입하여 꽃을 생산하여 국내 판매, 해외 수출을 하던 꽃 농장이었다. 하지만 국내 화훼시장 기반이 열악하고 꽃과 식물이 건강한 소비가 일어나지 않아 경영에 어려움을 겪게 되자 타개책으로 2004년부터 재배온실을 개방한 것이 세계꽃식물원의 시작이다. 
세계꽃식물원의 이름은 희귀한 꽃을 전시하는 곳이 아닌 세계의 원예종 식물들이 자라는 모습을 보여주는 곳을 의미한다. 식물원에서는 씨앗이 잎이 되고, 꽃이 피고, 열매를 맺고, 다시 씨앗이 되기까지의 전 과정을 보여주고 있다. 일회성의 축제처럼 화려한 꽃 대궐이 아닐 수도 있지만 식물의 서사를 보여주는 곳이 세계꽃식물원이다. 365일 꽃이 피는 곳이지만 그 결과인 꽃만 보여주는 것이 아닌 식물의 생장 전체를 볼 수 있다. 
식물원이라는 이름을 가지고 있지만 화훼농장으로 열대 관상용 수목들과 화훼류들을 직접 생산하고 판매하고 있다. 이와 더불어 2015년부터는 리아프 가든센터를 오픈하여 꽃을 단순히 보는 것에서 더 나아가 생활 속 꽃들이 문화로 자리 잡을 수 있도록 하는 다양한 경험들을 제공하고 있다.",,"<a href=""http://liaf.kr"" target=""_blank"" title=""새창: 세계꽃식물원 홈페이지로 이동"">http://liaf.kr</a>",일부구역 동반가능,8kg 이하 동반 가능,목줄 착용,"- 온실식물원 인근에 야생 고양이가 있을 수 있어 보호자의 주의 필요
- 배변봉투 지참 및 배변처리 필수",,"- 09:00~18:00<br>
- 동절기 입장 마감 16:30",연중 무휴,가능
128981,관방제림,전라남도 담양군 담양읍 죽녹원로 98,12,전라남도,35.3235005111,126.9856777193,http://tong.visitkorea.or.kr/cms/resource/57/3533957_image2_1.jpg,"관방제는 관방천에 있는 제방으로서 담양읍 남산리 동정자 마을로부터 수북면 황금리를 지나 대전면 강의리까지 길이 6㎞에 이르는 곳이다. 관방제가 유명한 이유는 약 2㎞에 걸쳐 거대한 풍치림을 이루고 있기 때문이다. 이 풍치림을 관방제림이라고 부르는데 면적 4만 9228㎡에 추정 수령 300~400년에 달하는  나무들이 빼곡하고 자리를 잡고 있다. 그 모습이 아름다워 1991년 11월 27일 천연기념물로 지정되었으며, 2004년에는 산림청이 주최한 ‘제5회 아름다운 숲 전국대회’에서  대상을 수상하기도 했다. 주요 수종은 푸조나무(111그루), 팽나무(18그루), 벚나무(9그루), 음나무(1그루), 개서어나무(1그루), 곰의 말채, 갈참나무 등으로 약 420그루가 자라고 있다. 현재 천연기념물로 지정된 구역 안에는 185그루의 오래되고 큰 나무가 자라고 있다. 또한, 관방제림은 여름철 피서지로서 각광받고 있으며 젊은 연인들의 데이트 코스로도 널리 알려진 곳이다. 관방제림 주변의 고수부지에 추성 경기장이 위치해 있으며, 2005년 설화가 있는 조각 공원이 들어서 볼거리를 더하고 있다.

관방제는 영산강 상류인 담양천의 물길을 다스리기  위해 성이성(成以性) 부사가 제방을 축조하고 나무를 심었고, 그 뒤인 1854년(철종 5) 부사 황종림(黃鍾林)이 관비(官費)로 연인원 3만여 명을 동원하여 만들었기에  관방제라 이름하였다고 한다.",,"<a href=""https://www.damyang.go.kr/board/detail?dataSid=319435&boardId=BBS_0000169&domainId=DOM_0000003&contentsSid=336&menuCd=DOM_000000301001001000"" target=""_blank"" title=""담양 문화관광 사이트로 이동"">https://www.damyang.go.kr/tour/index.damyang</a>",전구역 동반가능,전 견종 동반 가능,목줄 착용,"- 맹견 및 대형견의 경우, 입마개 착용 필수
- 배변봉투 지참 및 배변처리 필수",,상시 개방,연중무휴,가능
2762555,포항댕댕동산,경상북도 포항시 남구 오천읍 송덕로212번길 90,12,경상북도,35.9490147272,129.3842716766,http://tong.visitkorea.or.kr/cms/resource/77/3586577_image2_1.jpg,"포항 댕댕동산은 반려견이 자유롭게 뛰어놀 수 있는 공간이다. 이곳에는 반려견을 위한 9㎏ 미만 소형견 운동장, 9~15k㎏ 중형견 운동장, 15㎏ 초과 대형견 운동장, 체중 제한이 없는 프리존으로 구성되어 있다. 운동장 입장 전에 관리소에서 동물 등록, 인식표 부착, 배변 처리용 봉투를 소지해야 입장이 가능하다.",,"<a href=""https://www.pohang.go.kr/phtour/wmap/tourInformation/view.do?menu_idx=104&tour_info_idx=769"" target=""_blank"" title=""새창 : 퐝퐝여행 홈페이지로 이동"">https://www.pohang.go.kr/phtour</a>",전구역 동반가능,맹견 제외 전 견종 동반 가능,목줄 착용,놀이터 입장 전까지는 목줄 착용 필수,"펜스,안전문,운동장,산책로,놀이기구","[하절기(4월~9월)]<br>
- 09:00~19:00<br>
[동절기(10월~3월)]<br>
- 09:00~18:00",매주 화요일,가능
2736403,포항 여객선 터미널,경상북도 포항시 북구 해안로 44 (항구동),12,경상북도,36.0515974731,129.3788775199,http://tong.visitkorea.or.kr/cms/resource/71/3586571_image2_1.jpg,"포항여객선 터미널은 울릉도로 향하는 여객선이 출항하는 곳이다. 여객선터미널은 포항의 번화가 영일대해수욕장에 위치하고 있어 다양한 먹거리과 구경거리를 접할 수 있으며, 터미널 근처에 아침 일찍 문을 여는 음식점이 많아 조식 해결 가능하다.",,,전구역 동반가능,전 견종 동반 가능,이동장(켄넬)사용,"- 대형견의 경우, 탑승 시 화물칸으로 이동 필수
- 맹견의 경우, 입마개 착용 필수
- 배변봉투 지참 및 배변처리 필수",,운항 시간 확인 요망,운항 시간 확인 요망,가능
2720498,곤륜산 활공장,경상북도 포항시 북구 흥해읍 칠포리 산 86,12,경상북도,36.134743869,129.3919295161,http://tong.visitkorea.or.kr/cms/resource/56/3586556_image2_1.jpg,"곤륜산 활공장은 넓은 평지에 인조잔디가 깔려 있는 패러글라이딩 활공장으로 정상까지는 약 20분 정도 소요가 된다. 곤륜산 활공장은 포항의 핫플레이스로 활공장 정상에서 보이는 탁 트인 경치를 배경으로 인생 샷을 남기기 위해 많은 관광객들이 찾고 있다. 활공장으로 올라가는 진입로는 경사가 급하며, 차량 및 오토바이 출입이 금지다. 또한 아영, 취사행위, 인화성물질 등의 사용을 금하고 있다.",,"<a href=""https://www.pohang.go.kr/phtour/wmap/tourInformation/view.do?menu_idx=104&tour_info_idx=751""target=""_blank"" title=""새창 : 퐝퐝여행 홈페이지로 이동"">https://www.pohang.go.kr/phtour</a>",전구역 동반가능,전 견종 동반 가능,목줄 착용,"- 맹견의 경우, 입마개 착용 필수
- 배변봉투 지참 및 배변처리 필수",,09:00~19:00,연중무휴,가능
2820641,도깨비젤라또,강원특별자치도 강릉시 해안로 1605,39,강원특별자치도,37.8795082163,128.8337851075,http://tong.visitkorea.or.kr/cms/resource/41/3586741_image2_1.jpg,"도깨비젤라또는 드라마 <도깨비> 촬영지인 영진해변 방파제 바로 앞에 위치한 젤라또 맛집이다. 매일 30가지 맛 중 14가지 맛을 랜덤으로 직접 만들어 판매한다. 초당순두부로 만든 고소한 순두부젤라또와 강릉 옥수수로 만든 도깨비커피를 추천한다. 젤라또와 음료 외에도 캔버스 드로잉을 즐길 수 있으며, 그림 그리기 수익금은 사회적 장애인식개선을 위한 도서 나눔 굿즈 나눔에 사용되고 있다.",,"<a href=""https://www.instagram.com/dokkaebi_gelato/"" target=""_blank"" title=""새창 : 도깨비젤라또 인스타그램으로 이동"">https://www.instagram.com/dokkaebi_gelato/</a>",전구역 동반가능,,,,,[일요일~금요일]<br>- 11:00~18:00 (마지막 주문 17:40)<br>[토요일]<br>- 11:00~20:30 (마지막 주문 20:10),연중무휴<br>※ 자세한 휴무일은 홈페이지 참조,가능
125523,포천 산정호수,경기도 포천시 영북면 산정호수로 402,12,경기도,38.0655272256,127.3144453741,http://tong.visitkorea.or.kr/cms/resource/47/3022447_image2_1.jpg,"산에 있는 우물이라는 뜻인 산정호수는 이름 그대로 맑은 수질과 아름다운 산세를 자랑한다. 1925년 농수용저수지로 만들어졌으며, 명성산을 비롯해 여러 높은 산봉우리, 자인사와 등룡폭포, 비선폭포 등이 있다. 1977년 3월 국민관광지로 지정되어 많은 관광객이 찾고 있으며, 특히 봄‧가을 호수의 밤 안개가 절경을 이루어 호수주변 산책길에 유명세를 타고 있다. 주변에 놀이공원, 조각공원, 보트장, 수영장, 썰매장 등이 조성되었다.

(출처 : 포천 문화관광 홈페이지)",,"<a href=""https://www.pocheon.go.kr/ktour/viewTnTursmResrceWeb.do?resrceNo=7&sc1=ktour&sa2=CT011001&key=7033"" target=""_blank"" title=""새창 : 포천 문화관광 사이트로 이동"">https://www.pocheon.go.kr/ktour</a>",전구역 동반가능,전 견종 동반 가능,목줄 착용,"- 맹견의 경우, 입마개 착용 필수
- 배변봉투 지참 및 배변처리 필수",,상시 개방,연중무휴,가능
2787086,단양 단성벽화마을,충청북도 단양군 단성면 충혼로 16,12,충청북도,36.9370960501,128.323395385,http://tong.visitkorea.or.kr/cms/resource/57/3581957_image2_1.jpg,"수몰의 아픔을 간직한 채 자리한 단양군 단성면 벽화마을인 단성벽화마을은 꼬불꼬불 골목길을 따라 알록달록 벽화가 펼쳐지는 아름다운 마을이다. 단양 8경길, 옛 단양길, 퇴계이황길 같은 유교와 전통을 중심으로 한 다양한 벽화가 구성되어 있으며, 골목골목마다 화사하고 재기 넘치는 벽화가 가득하다. 또한 구간마다 태양광 LED 조명을 설치해 밤에도 벽화마을의 매력을 감상할 수 있다. 2014년 낡고 침체된 마을을 되살리고자 단양 미술협회의 재능기부로 처음 벽화가 그려진 이후 대학생과 미술학도까지 다양한 사람들이 참여해 골목 담벼락마다 벽화로 채워다. 곳곳의 트릭아트 기법을 활용한 벽화, 해와 달을 조형물을 비롯한 포토존이 곳곳에 자리하기 때문에 인생 샷을 건질 수 있는 명소이다.",,"충북나드리 <a href=""https://tour.chungbuk.go.kr/www/selectTourCntnts.do?key=56&tourNo=2661&searchMainSe=ATTR""target=""_blank"" title=""새창 : 충북나드리 홈페이지로이동"">https://tour.chungbuk.go.kr</a>",전구역 동반가능,전 견종 동반 가능,목줄 착용,"- 맹견의 경우, 입마개 착용 필수
- 배변봉투 지참 및 배변처리 필수",,상시 개방,연중무휴,가능
126464,여미지식물원,제주특별자치도 서귀포시 중문관광로 93 (색달동),12,제주특별자치도,33.2520782258,126.4145798438,http://tong.visitkorea.or.kr/cms/resource/81/3551581_image2_1.jpg,"여미지식물원은 중문 관광단지 북쪽에 위치하며 1132로를 타면 쉽게 갈 수 있다. 아름다운 땅이란 뜻을 지닌 여미지식물원은 커다란 온실을 지니고 있으며, 대지 11만 2200㎡의 외부 정원과 1만 1361㎡의 실내 식물원으로 구성되어 있다. 
외부 정원은 야자수와 같은 커다란 나무가 숲을 이루며, 한국, 일본, 이탈리아, 프랑스식 정원을 만들어 놓아 동, 서양의 정원을 감상할 수 있다. 총 2,300여 종의 식물이 살고 있으며, 온실 안에서는 약 절반인 1,300여 종의 식물이 살고 있다. 
실내 식물원은 중앙홀과 높이가 38m인 중앙 전망탑이 있어 중문관광단지, 천제연폭포가 한눈에 들어오며 한라산과 인근 해안선 일대를 조망할 수 있음은 물론 쾌청한 날에는 국토 최남단 마라도까지 선명하게 바라볼 수 있다. 
또한 다양한 테마로 꾸며진 정원을 볼 수 있는데, 신비의 정원, 꽃의 정원, 물의 정원, 선인장 정원, 열대 정원, 열대 과수원으로 이루어져 있다. 신비의 정원은 화산 암반석과 양치식물, 자생 식물들로 이루어져 있으며, 꽃의 정원은 열대 및 아열대 식물들로 조성되어 있다. 
물의 정원은 연못과 습지로 조성되어 있으며, 열대 정원과 열대 과수원은 열대 과수와 식물들로 조성되어 있다. 선인장 정원은 어린 왕자에도 나오는 바오바브나무를 볼 수 있다.",,"<a href=""https://www.yeomiji.or.kr/main/main.jsp"" target=""_blank"" title=""새창 : 여미지 식물원 홈페이지 이동"">https://www.yeomiji.or.kr/main/main.jsp</a>",전구역 동반가능,전 견종 동반 가능,목줄 착용,"- 맹견의 경우, 입마개 착용 필수
- 배변봉투 지참 및 배변처리 필수",,"09:00~18:00<br>
※ 온실식물원 : 18:00시까지 관람 가능<br>
※ 옥외식물원 : 일몰시까지 관람 가능<br>
※ 식물원 입장 : 17:30까지 가능<br>
※ 동절기(11월~2월) 17:00까지 입장 가능",연중무휴,가능(약 소형 100대 / 대형 20대)<br>요금(무료)
128571,속초 설악해맞이공원,강원특별자치도 속초시 동해대로 3664 (대포동),12,강원특별자치도,38.1632097799,128.6085383349,http://tong.visitkorea.or.kr/cms/resource/75/2921475_image2_1.jpg,"설악산 입구, 내물치(內勿淄)라 불리던 곳이 새롭게 단장해 설악해맞이공원으로 이름이 바뀌었다. 7번 국도변에 자리잡고 있으며, 이곳에서 대포항과 양양, 설악산으로 길이 갈리는 교통의 요지로 쉽게 일출 여행을 할 수 있는 곳이다. 해맞이 공원에는 해맞이광장, 연인의 길, 행복의 길, 사랑의 길 등 다양한 테마를 가진 조각상과 함께 설악산 관문 상징조형물과 조명분수대 등 산책을 즐길 수 있는 다양한 시설이 있다.<br /><br />* 내물치의 유래 - 조선시대 우암 송시열 선생이 함경도 덕원에서 거제도로 유배되어 동해안을 따라 이곳을 지나다가 날이 저물어 머무르게 되었는데,  폭우로 물이 불어  며칠 더 체류하다 떠나면서 ‘물에 잠긴 마을’이라 하여 ′물치′라 불렀다고 한다. 이 해맞이공원의 바닷가는 다른 곳과 달리 동해안 바닷가는 대부분 해안 절벽이 아니면 모래사장인데, 이곳만큼은 바닷가는 자갈과 돌로 이뤄졌다.<br>",,"<a href=""https://www.sokcho.go.kr/ct/tour/recommend/sokchoroad/road12"" target=""_blank"" title=""새창 : 속초 문화관광 사이트로 이동"">https://www.sokcho.go.kr</a>",일부구역 동반가능,전 견종 동반 가능,목줄 착용,"맹견의 경우, 입마개 착용 필수
배변봉투 지참 및 배변처리 필수",,상시 개방,연중 무휴,가능
2615033,보리마당&시화마을,전라남도 목포시 보리마당로 27 (서산동),12,전라남도,34.7824041896,126.3761560939,http://tong.visitkorea.or.kr/cms/resource/21/3585921_image2_1.jpg,"서산동 시화 마을은 추억과 향수를 불러일으키는 곳으로 보리 마당 위에서 내려다보는 항구와 바다, 아름다운 마을 경관이 있는 곳이다. 서산동 주민들이 직접 지은 시와 목포 지역에서 활동하는 시인 10여 명이 서산동을 주제로 시를 짓고 골목 사이사이에 시가 쓰여있는 목판화와 꽃을 조성하였다. 또한 어촌마을인 서산동에 어울리는 바다낚시, 풍경, 배등의 소재로 다양한 기법의 벽화를 조성하여 보는 이로 하여금 정감 있고 화사한 마을로 재탄생시킨 곳이다. 주민들의 글과 그림으로 조성된 이곳은 영화 1987 촬영지 연희네 슈퍼는 관광객들에게 인기가 많은 관광 명소이다. 연희네 슈퍼에서 포토존을 운영하고 영화 속 장면을 재현하는 체험을 할 수 있다.",,"목포 문화관광 <a href=""https://www.mokpo.go.kr/tour/attraction/area?mode=view&idx=74559""target=""_blank""title=""새창:목포 문화관광 홈페이지로 이동"">https://www.mokpo.go.kr/tour</a>",전구역 동반가능,전 견종 동반 가능,목줄 착용,"- 맹견의 경우, 입마개 착용 필수
- 배변봉투 지참 및 배변처리 필수",,상시 개방,연중무휴,가능<br>요금 (무료)
130150,하회세계탈박물관,경상북도 안동시 풍천면 전서로 206,14,경상북도,36.5486554565,128.5277689236,http://tong.visitkorea.or.kr/cms/resource/14/3585914_image2_1.jpg,"하회마을 입구에 위치한 하회세계탈박물관은 1995년도에 개관한 한국 최초의 탈 전문 박물관이다. 하회마을에서 전승되는 하회별신굿탈놀이 탈뿐만 아니라 국내외의 여러 가지 탈들을 수집, 전시하고 있다. 상설전시실 5개관과 특별전시실 1개관으로 구성되어 있다. 전시실 내에는 탈 써보기, 탈 트릭아트, 탈 캐릭터 본뜨기, 포토존, 탈 도장 모으기 등 무료 체험 공간도 마련되어 있어 박물관을 좀 더 즐겁고 풍성하게 즐길 수 있다.",,"<a href=""http://www.mask.kr/"" target=""_blank"" title=""새창 : 하회세계탈박물관 홈페이지로 이동"">http://www.mask.kr</a>",전구역 동반가능,이동장(켄넬) 사용이 가능한 중소형견,이동장(켄넬)사용,,,09:30~18:00,1월 1일 / 설·추석 당일,가능
126570,진남교반,경상북도 문경시 마성면 신현리,12,경상북도,36.6620739267,128.1264681092,http://tong.visitkorea.or.kr/cms/resource/80/3584880_image2_1.jpg,"점촌에서 문경 충주 방면으로 3번 국도를 따라 10㎞정도 가면 70년도 문경경제의 전성기를 일구었던 광산의 하나인 문경탄광의 복구된 폐광지 모습이 나온다. 계속 S자형 만곡지형인 강변을 끼고 3㎞쯤 달리면 오른쪽 강변을 따라 하늘로 치솟은 기암괴석과 층암절벽이 이어지고, 맑고 푸른 강 위에는 가지런히 철교와 함께 3개의 교량이 모습을 나타내어 자연과 인공의 묘한 조화를 나타내는 곳이 진남교반으로 마성면 신현리에 속한다.
봄이면 진달래 철쭉이 만발하고 계절 따라 천태만상으로 변하는 금강산을 방불케 한다 해서 문경의 소금강으로 불리고 있다. 1933년 대구일보사 주최로 경북팔경을 정하는데 이곳 진남교반의 경승이 단연 제1위로 선정되어 진남휴게소 폭포 왼쪽 암벽 위에는 ‘경북팔경지일’이라 새겨진 석비가 세워져 있다.
국도 따라 펼쳐지는 울창한 수림 강변 따라 이어지는 기암절벽, 조령천이 영강에 합류하여 굽이도는 강변 모래벌과 아름드리 노송이 우거진 진남숲 일대는 울창한 산림과 더 넓은 모래사장이 풍부한 휴식 공간을 제공하여 하절기의 강변휴양, 야유회, 각종 수련대회 장소로 널리 이용되고 있다. 야간에 텐트촌에서 새어 나오는 불빛들은 휘영청 밝은 달밤에 강물 위 달그림자와 함께 또 하나의 명화를 방불케 한다.

(출처 : 문경시 문화관광)",,"<a href=""https://www.gbmg.go.kr/tour/contents.do?mId=0201050000"" target=""_blank"" title=""새창 : 문경시 문화관광 홈페이지로 이동"">https://www.gbmg.go.kr/tour</a>",전구역 동반가능,전 견종 동반 가능,목줄 착용,"- 맹견의 경우, 입마개 착용 필수
- 배변봉투 지참 및 배변처리 필수",,상시 개방,연중무휴,
2501905,서피비치,강원특별자치도 양양군 현북면 하조대해안길 119,28,강원특별자치도,38.0280442733,128.7173076869,http://tong.visitkorea.or.kr/cms/resource/90/2745190_image2_1.jpg,"강원도 양양군 현북면 하조대해수욕장 북쪽에 조성한 1㎞의 서핑 전용 해변으로, 서핑객을 위한 부대시설을 갖추고 있다. 서핑만을 위한 해변으로는 국내 처음이다. 국내 최대 규모의 전문 강사진과 1000여 대의 서핑 장비를 갖춘 ‘서프 스쿨’을 운영한다. 초보자부터 중상급자까지 수준별 맞춤 강습을 한다. 강습 예약은 홈페이지에서 할 수 있다. 강습 경험이 있는 사람에 한해 보드 렌털도 가능하다. 서핑뿐만 아니라 서프 요가, 롱보드, 스노클링 등 다양한 체험 프로그램이 마련돼 있다. 해변 출입은 자유롭지만 빈백존, 해먹존, 칠링존, 선베드 존 등의 시설을 이용하려면 서피패스를 별도로 구매해야 한다. 편의시설인 ‘펍&라운지’에서는 각종 음료와 주류, 간단한 먹거리를 판매하는데, 일몰 후에는 비치 파티가 열린다. 이국적인 풍광에서 서핑과 함께 비치 파티, 캠핑을 동시에 경험할 수 있다. 문화체육관광부와 한국관광공사가 ‘2020 한국관광의 별’로 선정했다.<br><br>◎ 한류의 매력을 만나는 여행 정보 - 영화 <도시남녀의 사랑법>
넷플릭스 드라마 ‘도시남녀의 사랑법’에서 박재원(지창욱)과 이은오(김지원)가 해변에서 처음 만나는 장면이 서피비치에서 촬영되었다. 푸른 바다와 자유로운 분위기가 어우러진 서피비치는 서핑과 낭만이 공존하는 양양의 대표적인 명소로, 드라마 속 설렘 가득한 순간을 직접 체험할 수 있는 특별한 여행지다.",033-672-0695,"<a href=""http://www.surfyy.com""title=""새창 : 서피비치 홈페이지로 이동"" target=""_blank"">http://www.surfyy.com</a>",일부구역 동반가능,맹견 제외 전 견종 동반 가능,목줄 착용,배변봉투 지참 및 배변처리 필수,,10:00~19:00,연중무휴 <br>※ 휴장시 공지,가능 (약 소형 100대)
1627011,강경미내다리,충청남도 논산시 채운면 삼거리,12,충청남도,36.152857008,127.031949343,http://tong.visitkorea.or.kr/cms/resource/16/3577116_image2_1.jpg,"강경천의 채운교가 있는 강둑을 조금 거슬러 올라가면 시멘트로 만들어진 다리가 놓여 있고, 그 옆으로 작은 미내다리가 설치되어 있다. 전국 교역의 중요한 거점이 되었다는 강경포구가 있던 곳으로, 이 강을 ‘미내(渼奈)’라고 부른 것에서 유래하여 ‘미내다리’라고 부른다. 강경미내다리는 조선시대에 충청도와 전라도를 잇는 삼남에서 가장 큰 다리였다. 다리의 규모는 길이 30m, 너비 2.8m, 높이 4.5m이다. 긴 돌을 가지런히 쌓아 3칸의 무지개 모양을 만들고, 그 사이마다 정교하게 다듬은 돌을 가지런히 쌓아 올렸다. 다리의 강둑 쪽 중간쯤에는 형태를 정확히 알 수 없는 동물의 얼굴이 조각되어 있는데, 눈은 마치 장승의 눈과 같고, 코는 뭉툭하며, 얼굴 양옆으로 귀 모양과 갈기가 있다. 다리 옆에 놓여 있던 ‘은진미교비’는 국립부여박물관에 보관 중인데, 비문에 의하면, 조선 영조 7년(1731) 주민의 필요에 따라 강경촌 사람인 송만운이 주도하여 이 다리를 만들게 되었다고 한다.",,"<a href=""https://nonsan.go.kr/tour/html/sub02/0201.html?mode=V&mng_no=166&sch_gubun=&sch_category=&orderby=hit&sch_dong=&sch_word=&sch_season=&sch_member=&sch_place=&skey=title&sval=%EB%82%B4%EB%8B%A4%EB%A6%AC&GotoPage=17"" target=""_blank"" title=""새창 : 논산시 문화관광 홈페이지로 이동"">https://nonsan.go.kr/tour/</a>",전구역 동반가능,전 견종 동반 가능,목줄 착용,"- 맹견의 경우, 입마개 착용 필수
- 배변봉투 지참 및 배변처리 필수",,상시 개방,연중무휴,가능
126001,외암민속마을,충청남도 아산시 송악면 외암민속길9번길 13-2,12,충청남도,36.7310403994,127.0144465112,http://tong.visitkorea.or.kr/cms/resource/37/3355137_image2_1.jpg,"국가민속문화유산로 지정된 마을이다. 마을은 500여 년 전부터 형성이 되었고, 마을의 터가 좋아 한국의 살기 좋은 마을 10선에 선정되었다. 마을 주민들은 조상 대대로 농업에 종사, 전통문화를 지키며 살아가고 있으며 오시는 관람객들에게 다양한 볼거리 체험거리를 제공하고 있다.
마을에서는 매년 정월 장승제를 지내고 10월에는 짚풀문화제, 11월에는 동지행사를 하며 마을 앞에는 조선시대 시장인 저잣거리가 조성되어 있어 먹거리 및 공연을 관람할 수 있다. 아름다운 우리의 전통문화를 가꾸어 가는 외암민속마을에서 전통문화를 즐기다 보면 어느덧 어렵게 느껴지던 전통문화들이 친숙하게 느껴질 것이다. <br><br>◎ 한류의 매력을 만나는 여행 정보 - 드라마 <미씽2>
드라마 ‘미씽2’의 주 촬영지는 바로 외암민속마을이다. 주인공들에게만 보이는 영혼들의 마을을 배경으로 사건의 진실을 쫓는 이야기가 펼쳐지는 이 드라마에서, 외암민속마을은 신비롭고 고즈넉한 분위기를 자아내며 극의 몰입감을 더한다.",,"<a href=""http://www.oeam.co.kr""target=""_blank"" title=""새창: 외암민속마을 홈페이지로 이동"">http://www.oeam.co.kr</a>",일부구역 동반가능,전 견종 동반 가능,목줄 착용,"- 민박 시설은 동반 불가
- 맹견의 경우, 입마개 착용 필수
- 배변봉투 지참 및 배변처리 필수",,"[하절기]<br>
- 09:00~18:00<br>
[동절기]<br>
- 09:00~17:00","연중무휴 (단, 매주 월요일 민속관 등 일부시설 휴관)",가능<br>요금(무료)
252561,절영해안산책로,부산광역시 영도구 해안산책길 52,12,부산광역시,35.0812475294,129.0411870536,,"절영해안산책로는 영도 서쪽 편 봉래산 아래 해안선을 따라 이어져 있는 산책로이다. 원래 지형이 가파르고 험난하여 접근이 어려웠으나, 시민들의 관광 욕구를 충족시키기 위한 공공근로사업의 일환으로 2001년 해안선을 따라 산책로를 개설하였다. 경치 좋은 절영해안 산책로에는 곳곳에 있는 장승과 돌탑, 뱃놀이 터, 산책로 우측의 넓은 바다, 담벼락의 다양한 모자이크 타일 문양 등 다양한 볼거리가 있다. 2014년 국토해양부가 선정한 대한민국 5대 해안 누리길로 선정되었고 2021년 부산 안심 관광지에도 선정되었다.",,"<a href=""https://www.yeongdo.go.kr/tour/01462/02205.web?amode=view&idx=2160&"" target=""_blank"" title=""새창 : 영도구청 문화관광 홈페이지로 이동"">https://www.yeongdo.go.kr</a>",전구역 동반가능,전 견종 동반 가능,목줄 착용,"- 맹견의 경우, 입마개 착용 필수
- 배변봉투 지참 및 배변처리 필수",,상시 개방,연중무휴,가능
128752,요선정·요선암,강원특별자치도 영월군 무릉도원면 도원운학로 13-39,12,강원특별자치도,37.2976367451,128.2619792382,http://tong.visitkorea.or.kr/cms/resource/46/2922046_image2_1.jpg,"요선정은 수주면 무릉리에 있는 정자로, 앞에는 맑은 물이 흐르는 계곡이 있고, 강기슭 큰 반석 위에는 요선암이라 새긴 刻字(각자)가 있다. 요선정은 불교 전성기인 통일신라시대 철감국사 도윤과 징효대사가 이곳에서 그리 멀지 않은 사자산 기슭에 흥령선원을 개원하고 자주 이곳에 와서 포교를 하던 곳으로 그 당시 작은 암자가 있던 곳이라 한다. 또한 징효대사가 이곳에서 열반했을 때는 1천여 개의 사리가 나왔다는 불교와 인연이 깊은 곳이다. 지금도 정자 주변에는 마애여래좌상과 작은 석탑 1기가 남아있다. 요선정 앞에는 치악산에서 흐른 물이 옛 흥녕선원지 앞을 지나는 법흥천과 합류하여 맑은 계곡을 형성하고, 깊은 물이 흐르는 강바닥에는 물에 씻긴 큰 바위들이 넓게 깔려있어 아름다운 계곡을 이루고 있다. 강기슭 반석 위에는 요선암이란 글씨가 새겨져 있어, 이곳을 요선암이라 부르고 있다. 이 글씨는 조선시대 시인이며 서예가인 양봉래(楊蓬來)가 평창군수 시절 선녀들과 함께 이곳에 와 일대의 경관을 즐기다가 새겨놓은 글씨라 전해오고 있다. 邀僊(요선) 또는 邀仙(요선)이라 쓴 글씨의 뜻은 신선을 맞이한다는 뜻을 지니고 있다.",,"<a href=""https://www.gangwon.to/gwtour/only/attraction?articleSeq=60612"" target=""_blank"" title=""새창 : 강원관광 홈페이지로 이동"">https://www.gangwon.to</a>",일부구역 동반가능,전 견종 동반 가능,,"- 사찰방문은 사찰 허락을 받아야됨
- 맹견의 경우, 입마개 착용 필수
- 배변봉투 지참 및 배변처리 필수",,상시 개방,연중 무휴,가능
251738,아바이마을,강원특별자치도 속초시 청호로 122-1,12,강원특별자치도,38.2007412589,128.5949161776,http://tong.visitkorea.or.kr/cms/resource/14/3577514_image2_1.jpg,"속초시 청호동에 위치한 실향민 집단촌으로, 속칭 아바이촌, 함경도 아바이집단촌이라고도 한다. 아바이마을은 1951년 한국군과 함께 남하한 함경도 출신 실향민들이 집단촌을 만들게 된 것이 시작이었는데, 아바이는 함경도 사투리로 할아버지와 같이 친근하고 나이가 지긋한 남자를 뜻한다. 아바이마을은 실향민들의 삶과 생활상을 엿볼 수 있는 곳으로, 지금은 옛 모습이 많이 사라졌지만, 골목길에 대문도 없는 판잣집들이 드문드문 남아 있으며 고향에 대한 그리움을 담은 벽화들이 담벼락을 따라 이어져 있다. 우리나라 유일의 실향민 집단 정착촌 아바이마을은 분단과 통일 염원의 상징적 공간으로 고기잡이와 막일을 하며 고향에 돌아가기만을 손꼽아 기다렸던 실향민들의 고된 삶과 애환을 느낄 수 있다. 아바이마을 초기에 지어졌던 피란민 가옥들은 속초 시립박물관 실향민 문화촌에 복원되어 있다. 아바이마을은 드라마 가을동화 촬영지로 이름난 후 사람들이 많이 찾아오기 시작하면서 속초의 대표적인 관광지로 자리 잡았다. 근처 식당가 골목에 함흥냉면과 오징어순대, 아바이순대국 등 북한의 향토 음식점들과 카페들이 즐비하게 늘어서 있다.",,"<a href=""http://www.abai.co.kr/"" title=""새창: 아바이마을로 이동"" target=""_blank"">http://www.abai.co.kr/</a>",전구역 동반가능,전 견종 동반 가능,목줄 착용,"- 갯배 이용 시, 난간 아래로 떨어질 수 있어 이동가방·유모차 이용해 탑승 권장
- 맹견의 경우, 입마개 착용 필수
- 배변봉투 지참 및 배변처리 필수",,상시 개방,연중무휴,가능
1993698,삼척 맹방유채꽃 마을,강원특별자치도 삼척시 근덕면 삼척로 3916-112,12,강원특별자치도,37.4007736537,129.2118103797,http://tong.visitkorea.or.kr/cms/resource/53/3039153_image2_1.jpg,"삼척시 근덕면 상맹방리마을은 고려 충선왕 때 신령스러운 곳이라 하여 삼척현위 조신주가 맹방해안에 향목 250주를 파묻고 인간세계를 구원할 용화 회주를 기다렸던 장소이다. 명사십리 백사장이 마을 아래 이어져 절경을 이루며 매년 4월에는 유채꽃 축제를 개최하여 많은 관광객이 방문하고 있다.
삼척 맹방 유채꽃 마을은 7번 국도변 벚꽃 가로수길(4.2km)옆으로 조성된 마을의 유채꽃밭으로 이곳에서 매년 유채꽃 축제가 개최되며 벚꽃과 유채꽃, 바다를 한 번에 즐길 수 있는 마을이다. 봄을 알리듯 유채꽃이 마을에 만개하면 축제가 시작되며 계절별 농사 체험과 사계절 다양한 체험활동으로 관내 유치원, 초등학교, 중학교에서 많이 방문하고 있다.",,"<a href=""http://blog.naver.com/hl2dyu"" target=""_blank"" title=""맹방유채꽃마을 사이트로 이동"">http://blog.naver.com/hl2dyu</a>",전구역 동반가능,전 견종 동반 가능,목줄 착용,"- 맹견의 경우, 입마개 착용 필수
- 배변봉투 지참 및 배변처리 필수",,09:30~17:00,주말,가능
1807162,수미마을,경기도 양평군 단월면 곱다니길 55-2,12,경기도,37.5153751443,127.6482810596,http://tong.visitkorea.or.kr/cms/resource/78/3577778_image2_1.jpg,"365일 계절별 공［公］정［正］축제가 열리는 마을이라는 테마로 차별화된 지향점을 제시하며 방문객들에게 다양한 문화를 경험할 수 있도록 하고 있다. 또한 마을과 연계한 기업문화의 정착으로 운영의 효율성을 도모하고자 마을의 전체적인 운영을 총괄하는 '영농조합법인 수미마을'과 농촌관광 및 농산물 유통을 담당하는 '농업회사법인 (주)광장' 등을 통해 내부적인 갈등 요소를 해결하고 인적자원의 한계를 극복해 나아가고자 노력 중이다. 사계절 동안 다양한 축제들이 열리어 많은 도시민들이 즐겨 찾아오는 관광명소이자 휴식처, 농촌체험휴양마을로 불리는 마을이다.",,"<a href=""https://soomyland.com/main/main.php""target=""_blank"" title=""새창: 수미마을 "">https://soomyland.com</a>",전구역 동반가능,전 견종 동반 가능,목줄 착용,"- 맹견의 경우, 입마개 착용 필수
- 배변봉투 지참 및 배변처리 필수",,상시 개방,연중무휴,가능
126104,대진해수욕장,경상북도 영덕군 영해면 영덕대게로 2840,12,경상북도,36.5645374176,129.4266915867,http://tong.visitkorea.or.kr/cms/resource/38/3042738_image2_1.JPG,"영덕군 영해면 해안마을인 대진리를 중심으로 펼쳐진 대진해수욕장은 어디 내놓아도 손색이 없을 만큼 해수욕장으로서의 조건을 두루 갖추고 있다. 맑고 깨끗한 바닷물이 그대로 간직되어 있으며, 길이 8km, 폭 100m의 백사장 뒤로는 송림이 병풍처럼 둘러쳐져 있어 장관을 이루고 있다. 또한, 수심이 1~2m 정도로 깊지 않고 경사도 완만하여 어린이를 동반한 가족 단위 피서지로 적당하다. 
백사장의 모래는 알이 굵고 질이 좋아 모래찜질에는 그만이며 몸에 잘 붙지 않는 것이 특징이다. 대진해수욕장의 가장 큰 자랑거리는 백사장을 가로질러 흐르는 폭 200m의 송천천이다. 이곳에서는 담수욕을 즐길 수 있어서 천연 샤워장으로도 안성맞춤이다. 또한, 민물과 바닷물이 만나는 곳이라 민물낚시와 바다낚시를 한꺼번에 즐길 수 있고 어족도 풍부한 편이다. 
일반적으로 동해안의 해안선을 단조로운 것으로 알고 있지만 축산면 해안만은 예외이다. 산지가 해안에 인접해 있으며, 죽도산 등이 바다로 튀어나와 복잡한 해안선을 그리고 있다. 그 중 대나무 숲이 무성한 죽도산과 동해가 어우러진 풍경은 한 폭의 동양화를 떠올릴 만큼 그윽하다. 또한, 축산1리에서 대진해수욕장에 이르는 해안도로는 드라이브를 즐기기에 아주 좋고, 금빛 백사장 위로 하얀 파도가 밀려드는 풍경은 눈부실 정도로 아름답다.",,"<a href=""https://tour.yd.go.kr/kor/sight/sightView.aspx?idx=248""target=""_blank"" title=""새창 : 영덕문화관광 홈페이지로 이동"">https://tour.yd.go.kr</a>",전구역 동반가능,"- 해수용장 개장시에는 입장불가
- 맹견의 경우, 입마개 착용 필수
- 배변봉투 지참 및 배변처리 필수",목줄 착용,,,"[비수기]<br> - 09:00~18:00<br>
[성수기] <br> - 09:00~19:30",연중 무휴<br> ※기상악화 및 유해생물 출현시 입욕통제,가능 (약 소형 250대)<br>요금(무료)
128171,고성 통일전망타워,강원특별자치도 고성군 현내면 금강산로 481,12,강원특별자치도,38.5147706205,128.4173974953,http://tong.visitkorea.or.kr/cms/resource/54/2599054_image2_1.jpg,"휴전선과 남방한계선이 만나는 해발 70m 고지의 통일전망대에 서면 금강산의 구선봉과 해금강이 지척에 보이고 맑은 날에는 옥녀봉, 채하봉, 일출봉 등을 볼 수 있다. 발아래의 휴전선 철책을 사이에 두고 대치해 있는 최전방 초소는 남북한의 긴장감을 느끼게 한다. 연간 150만 명 이상의 관광객이 찾는 고성의 대표적인 관광지인 이곳엔 북녘에 두고 온 산하와 가족을 그리는 실향민과 통일을 염원하는 이들을 위한 성모상, 미륵불상, 전진철탑 등 종교적인 부대시설과  장갑차, 탱크, 비행기 등 안보 교육용 전시물이 있다. 2004년 12월 개통된 동해선 남북 연결도로로 금강산육로 관광이 이루어지는 모습을 볼 수 있다.",,"고성 통일전망타워 <a href=""http://www.tongiltour.co.kr/"" target=""_blank"" title=""새창 : 고성 통일전망타워 홈페이지로 이동"">http://www.tongiltour.co.kr</a><br>고성 문화관광 <a href=""https://www.gwgs.go.kr/tour/sub01_0504.do"" target=""_blank"" title=""새창 : 고성 문화관광 홈페이지로 이동"">https://www.gwgs.go.kr/tour/</a>",일부구역 동반가능,전 견종 동반 가능(이동장 이용 필수),"목줄 착용,반려동물 유모차 탑승,이동장(켄넬)사용","- 통일전망타워 내부는 동반 가능하나 통일관, 전시관은 동반 불가
- 배변봉투 지참 및 배변처리 필수",,"[춘·추기(3월1일~7월14일 / 8월21일~10월31일)]<br>
09:00~16:50<br>
[하절기(7월15일~8월20일)]<br>
09:00~17:50<br>
[동절기(11월1일~2월28일)]<br>
09:00~15:50",연중무휴,가능
127515,대왕암공원,울산광역시 동구 등대로 95 (일산동),12,울산광역시,35.4904590082,129.4352747432,http://tong.visitkorea.or.kr/cms/resource/16/3583516_image2_1.jpg,"대왕암 공원은 우리나라에서 울주군 간절곶과 함께 해가 가장 빨리 뜨는 대왕암이 있는 곳이다. 우리나라 동남단에서 동해 쪽으로 가장 뾰족하게 나온 부분의 끝 지점에 해당하는 대왕암공원은 동해의 길잡이를 하는 울기항로표지소로도 유명하다. 공원입구에서 등대까지 가는 길은 600m 송림이 우거진 길로, 1백여 년 아름드리 자란 키 큰 소나무 그늘이 시원함과 아늑함을 선사한다. 송림을 벗어나면 탁 트인 해안절벽으로 마치 선사시대의 공룡화석들이 푸른 바닷물에 엎드려 있는 듯한 착각을 불러일으킬 정도로 거대한 바위덩어리들의 집합소이다. 대왕암공원에는 신라시대 삼국통일을 이룩했던 문무대왕의 왕비가 죽은 후 문무대왕을 따라 호국룡이 되어 울산 동해의 대암 밑으로 잠겼다는 신비한 전설이 내려오고 있다. 대왕암 외에도 괴이하게 생겼다 하여 쓰러뜨리려다 변을 당할 뻔했다는 남근바위, 그리고 탕건바위와 자살바위, 해변 가까이 떠 있는 바위섬, 처녀봉 등이 시야를 꽉 채운다. 기암 해변의 오른쪽으로는 고 이종산 선생이 세웠다는 구 방어진 수산중학교가 있고 그 아래에 500m가량의 몽돌 밭이 펼쳐져 바위해안의 운치를 더해 준다.",,"<a href=""https://daewangam.donggu.ulsan.kr/"" target=""_blank"" title=""새창: 대왕암공원 홈페이지로이동"">https://daewangam.donggu.ulsan.kr/</a>",전구역 동반가능,전 견종 동반 가능,목줄 착용,"- 맹견의 경우, 입마개 착용 필수
- 배변봉투 지참 및 배변처리 필수",,상시 개방,연중무휴,가능
130474,제주민속촌,제주특별자치도 서귀포시 표선면 민속해안로 631-34,14,제주특별자치도,33.3213162956,126.8431022619,http://tong.visitkorea.or.kr/cms/resource/43/3534943_image2_1.jpg,"제주민속촌은 2001년에 개관한 제1종 전문 박물관으로 1890년대를 전시 기준 연대로 하여 제주의 민속자료를 종합적으로 정리하여 전시하고 있으며, 100여 채에 달하는 제주 전통가옥은 제주도민이 생활하였던 가옥과 돌, 기둥 등을 그대로 옮겨와 복원해 전시하고 있다. 이 전통 가옥에는 생활용구, 농기구, 어구, 가구, 석물 등 민속자료가 전시되어 있다. 제주민속촌에서는 제주는 물론 우리나라의 향토수종 및 꽃들을 식재하여 사계절 내내 꽃들을 볼 수 있으며 재래흑돼지 및 가금, 가축을 사육하고 있어 자연학습장 기능도 겸하고 있다. 이외에도 다양한 테마별 전시장과 체험가옥, 전통민속놀이 체험장을 통해 다양한 볼거리와 체험거리를 제공하고 있다.",,"<a href=""http://www.jejufolk.com/"" target=""_blank"" title=""새창 : 제주민속촌 홈페이지로 이동"">http://www.jejufolk.com</a>",일부구역 동반가능,9kg 이하 동반 가능,"목줄 착용,이동장(켄넬)사용","- 맹견의 경우, 입마개 착용 필수
- 배변봉투 지참 및 배변처리 필수",,"[10월 1일~2월 28일]<br>
- 09:30~17:00<br>
[3월 1일~9월 30일]<br>
- 09:30~18:00",연중무휴,가능 (소형 150대 / 대형10대)<br>요금 (무료)
2728939,대왕암공원 출렁다리,울산광역시 동구 등대로 95 (일산동),12,울산광역시,35.4904034587,129.4352775223,http://tong.visitkorea.or.kr/cms/resource/69/3583469_image2_1.jpg,"대왕암공원 출렁다리는 울산 최초의 출렁다리이자 동구 최초의 대규모 상업관광시설이다. 대왕암공원 내 해안산책로의 햇개비에서 수루방 사이를 연결하며, 길이 303m, 높이 42.55m 규모로 조성되었다. 또 중간 지지대 없이 한 번에 연결되는 방식으로, 현재 전국의 출렁다리 중 경간 장로는 길이가 가장 길며, 바다 위로 이어진 다리이기 때문에 대왕암 주변의 해안 비경을 짜릿하게 즐길 수 있다.",,"<a href=""https://daewangam.donggu.ulsan.kr/Pgswaybridge.do"" target=""_blank"" title=""새창 : 대왕암공원 홈페이지로 이동"">https://daewangam.donggu.ulsan.kr/</a>",전구역 동반가능,전 견종 동반 가능,이동장(켄넬)사용,반려동물 유모차는 다리에 바퀴에 걸리므로 이용 불가,,09:00~18:00 (입장마감 17:40),매월 둘째 주 화요일 / 설·추석 당일,가능
128022,간절곶,울산광역시 울주군 서생면 간절곶1길 39-2,12,울산광역시,35.3589668021,129.3605738299,http://tong.visitkorea.or.kr/cms/resource/50/3583350_image2_1.jpg,"울산 울주군에 위치한 간절곶은 한반도에서 해가 가장 먼저 떠오르는 곳으로, 매년 새해 첫날이면 해맞이를 보기 위해 수많은 이들이 찾는 대표적인 명소이다. 이곳에서는 포항 호미곶보다 1분, 강릉 정동진보다 5분 정도 일찍 해가 떠오른다. 간절곶의 상징 중 하나인 간절곶등대는 일제강점기인 1920년대에 세워진 유서 깊은 등대로, 지금은 공원과 어우러져 멋진 산책 코스이자 사진 명소로 사랑받고 있다. 푸른 바다를 배경으로 우뚝 솟은 하얀 등대는 간절곶의 풍경을 더욱 인상 깊게 만든다. 이곳에는 또 하나의 특별한 볼거리, 세계 최대 크기의 소망우체통이 있다. 실제로 엽서를 넣으면 전국 어디든 배달되며, 간절곶해올제 (울주군 특산품 판매장)에서는 무료 엽서를 배부하고 있어 관광객에게 소중한 추억을 선물한다. 간절곶 일대는 유채꽃밭, 기암괴석, 울창한 송림 등으로 사계절 아름다움을 자랑하며, 인근에는 여름철 울산에서 가장 많은 인파가 몰리는 진하해수욕장과 함께 서생포왜성, 나사봉수대, 온양옹기마을 등 다양한 볼거리도 함께 즐길 수 있다. 탁 트인 수평선, 이른 새벽의 햇살, 그리고 고즈넉한 등대 풍경이 어우러진 간절곶은 누구나 한 번쯤은 찾아가야 할 여행지이다.",,"<a href=""https://www.ulju.ulsan.kr/bulgogi/contents.do?mId=0401000000"" target=""_blank"" title=""새창 : 울산 울주군 문화관광 홈페이지로 이동"">https://www.ulju.ulsan.kr</a>",일부구역 동반가능,전 견종 동반 가능,목줄 착용,"- 실내는 동반 불가
- 맹견의 경우, 입마개 착용 필수
- 배변봉투 지참 및 배변처리 필수",,상시 개방,연중무휴,가능
2610230,울진 해안도로,경상북도 울진군 근남면 산포리,12,경상북도,36.9655497642,129.4145306138,http://tong.visitkorea.or.kr/cms/resource/37/3576537_image2_1.jpg,"울진군은 남북으로 해안가를 따라 난 해안도로와 태백산 줄기를 가로지르는 동서의 내륙도로는 대부분 드라이브하기에 손색이 없다. 울진 망양정에서 남쪽으로 나 있는 해안도로, 후포항구에서 북쪽으로 나 있는 해안도로, 그리고 울진군 근남면 수산리에서 영주 방면으로 가는 불영계곡길(36번 도로), 덕구온천이 있는 덕구로 가는 덕구길이 관광지를 찾아가는 것과 겸해서 드라이브를 즐기기 좋은 길이다. 
울진군 근남면 망양정에서 덕신리까지의 해안도로는 울진의 전형적인 어촌마을을 가로지르는 해안도로이다. 바닷가 바로 옆을 달릴 수 있으며 군데군데 어촌마을의 작은 등대도 볼 수 있고 차창으로 가끔씩 보이는 낚시꾼들의 모습. 작은 동네 슈퍼마켓, 그리고 어촌마을 주민들이 바닷가에 걸어 놓은 오징어등, 모든 것들이 정겹다. 또한 포항 방면으로 이동하는 경우 덕신리에서 7번 국도를 타면 바로 포항까지 연결된다.
울진군 후포항에서 직산리까지의 해안도로는 바다를 끼고 해안도로가 만들어져 있다. 길 한쪽으로는 울진의 전형적인 어촌마을이 형성되어 있으며 해안도로를 달리며 바다의 풍경과 어촌마을의 문화를 접할 수 있다.",,"<a href=""https://www.uljin.go.kr/tour/index.uljin?menuCd=DOM_000000201002003000"" target=""_blank"" title=""새창: 울진군 문화관광 홈페이지로 이동"">http://www.uljin.go.kr/tour</a>",전구역 동반가능,전 견종 동반 가능,목줄 착용,"- 맹견의 경우, 입마개 착용 필수
- 배변봉투 지참 및 배변처리 필수""",,상시 개방,연중무휴,
2011992,에델바이스 스위스 테마파크,경기도 가평군 설악면 다락재로 226-57,12,경기도,37.6677593241,127.4473143245,,"에델바이스 스위스 테마파크는 약 5만 5천 평 규모의 청정한 자연 속에 자리하고 있다. 작은 스위스 산골 마을에 들어온 것 같은 풍경을 자랑하는 이곳에서는 넓은 양 목장에서 방목되는 양들에게 먹이 주기를 할 수 있고, 전통의상을 입고 다니면서 스위스 전통음식인 퐁뒤와 라클렛, 치즈 만들기를 경험할 수 있으며 전통음악 공연까지 관람할 수 있는 다양한 스위스 문화 체험을 제공하여 스위스를 방문한 듯한 경험을 할 수 있다. 또한, 정상부근에서는 또 다른 즐길 거리로 여러 가지 활동을 제공하여 온 가족이 하루를 보낼 수 있는 아름다운 곳이다.",,"<a href=""http://www.swissthemepark.com"" target=""_blank"" title=""에델바이스 스위스테마파크 홈페이지로 이동"">http://www.swissthemepark.com</a>",일부구역 동반가능,전 견종 동반 가능,"목줄 착용,이동장(켄넬)사용","- 맹견의 경우, 입마개 착용 필수
- 배변봉투 지참 및 배변처리 필수",,09:00~18:00,연중무휴,가능
129164,장기척화비와 근민당,경상북도 포항시 남구 장기면 읍내길 99,12,경상북도,35.8959172402,129.492955357,http://tong.visitkorea.or.kr/cms/resource/11/3583111_image2_1.jpg,"척화비란 병인양요와 신미양요를 승리로 이끈 흥선대원군이 서양 사람들을 배척하고 그들의 침략을 더욱 강력히 국민에게 경고하기 위해 서울 및 전국의 중요 도로변에 세우도록 한 비로, 장기척화비도 그중의 하나이다. 비는 반듯한 사각받침돌 위로 비몸을 세운 모습이며, 비몸의 네 모서리와 윗변의 양끝을 단정히 다듬어 놓았다. 앞면에는 비문을 새겨 두었는데 내용에는 “서양오랑캐가 침입하는데 싸우지 않으면 화해할 수밖에 없고 화해를 주장하면 나라를 파는 것이 된다.”는 강한 어투의 경고를 적고 있다. 고종 8년(1871) 신미양요 이후 같은 해에 일제히 세운 것으로, 고종 19년(1882) 임오군란이 일어나고 대원군이 러시아 공사관으로 납치되면서 대부분의 척화비들은 철거되고, 이처럼 몇 기의 비들만이 곳곳에 남아 옛 역사의 한 부분을 고스란히 전해주고 있다. 원래는 장기읍성 안에 있었으나, 1990년에 장기읍사무소 정원으로 옮겨 보존하고 있다.
근민당은 장기현 관아 동헌 건물로서 현감이 공사를 처리하는 곳이다. 노후되어 장기읍성에서 1922년 이축하여 장기면사무소로 이용하였으며, 그 후 1960년 현 위치로 이축하혔다. 현재는 장기면사무소 별관으로 이용하고 있다.",,"<a href=""https://www.pohang.go.kr/phtour/wmap/tourInformation/view.do?menu_idx=19&tour_info_idx=221&type=&cate_id=72&representative_views=&recommended_travel=&recommended_travel_yn=&region=&hygiene_grade=0&vaucher_yn=N&search_type=tour_info_name&search_text=&viewPage=2"" target=""_blank"" title=""새창 : 퐝퐝여행 홈페이지로 이동"">https://www.pohang.go.kr/phtour</a>",전구역 동반가능,전 견종 동반 가능,목줄 착용,"- 맹견의 경우, 입마개 착용 필수
- 배변봉투 지참 및 배변처리 필수",,상시 개방,연중무휴,가능
2568667,동구래마을,강원특별자치도 화천군 하남면 호수길 329,12,강원특별자치도,38.0410504502,127.6640391463,http://tong.visitkorea.or.kr/cms/resource/31/2566331_image2_1.jpg,"동구래마을은 '동그란'에서 유래되어 모든 사물의 시작인 씨앗과 꽃을 상징하며 마을의 주인이 꽃이라 할 만큼 꽃들이 아름답게 피어있다. 약 1,000평 정도 되는 규모에 복수초, 금낭화, 매발톱꽃, 초롱꽃 등 50여 종에 달하는 토종 야생화를 볼 수 있는 야생화단지로 우리 토종 야생화 종자를 보존하고 증식하는 데 큰 역할을 하고 있다.",,,일부구역 동반가능,전 견종 동반 가능,"입마개 착용,목줄 착용,기타","- 맹견의 경우, 입마개 착용 필수
- 배변봉투 지참 및 배변처리 필수",,상시 개방,연중 무휴,가능 (약 30대)
126719,서울랜드,경기도 과천시 광명로 181 (막계동),12,경기도,37.4355619354,127.02383726,http://tong.visitkorea.or.kr/cms/resource/43/3345743_image2_1.jpg,"한국 최초의 놀이공원이라는 타이틀을 가진 서울랜드는 개장과 동시에 대한민국 대표 테마파크로 자리매김했다. 서울역과 명동역에서 30분 내외 거리에 위치해 있어 교통이 편리하고, 인근에는 서울대공원의 동·식물원과 산림욕장, 국립현대미술관 등이 모여 있어 한국을 대표하는 관광지로 널리 사랑받고 있다. 서울랜드는 한국 애니메이션 캐릭터로 꾸며진 놀이기구 50여 종뿐만 아니라 물놀이시설(여름)과 눈썰매장(겨울) 등 계절 시설도 운영하고 있으며, 계절별로 신선한 즐거움을 주기 위해 새로운 공연, 축제, 이벤트 등을 도입하고 있다. 다양한 어트랙션 외에도 국내 최대 올인원플레이파크 '서울랜드 크라켄 아일랜드', 공룡 전시 체험관 '쥬라기랜드', 빛축제 '루나파크' 등 방문객들에게 다채로운 체험이 가능한 공간도 마련, 온 가족이 즐길 수 있는 만능 테마파크로 발돋움 하고 있다. 

2024년 4월 오픈한 '서울랜드 크라켄 아일랜드'는 메인 구조물의 규모가 6층 아파트의 높이와 비슷한 압도적인 스케일을 자랑하는 체험형 어트랙션이다. 어린이들이 맘껏 뛰고, 구르고, 오를 수 있는 형태로, 직접 몸으로 부딪히며 각자 다른 체험으로 새로운 모험의 시간을 보낼 수 있다. 특히 서울랜드 크라켄 아일랜드는 물폭탄과 워터스크린, 바닥분수 등 물놀이 기능을 추가한 신개념 '수륙양용'형 플레이짐으로 어린이들의 인기를 독차지 하고 있다. 

최대 18M 길이의 움직이는 공룡을 볼 수 있는 ‘쥬라기랜드’도 인기다. 다양한 종류의 공룡과 화석, 알 등이 100여 개 전시되어 있으며 단순한 관람을 넘어 공룡 화석 발굴, 뼈 맞추기 체험 등을 통해 어린이들의 오감을 자극하는 교육 효과도 기대할 수 있다. 이 외에도 어린이 뮤지컬 '애니멀킹덤', 화려한 불꽃쇼가 어우러지는 '루나 빛의 전설', 캐릭터 동화극 '동화의 숲' 등 서울랜드 대표공연도 진행된다. 어트랙션과 볼거리, 즐길거리가 가득해 온 가족이 함께 방문하는 것을 추천한다.",,"<a href=""http://www.seoulland.co.kr/"" target=""_blank"" title=""새창 : 서울랜드 홈페이지로 이동"">http://www.seoulland.co.kr</a>",일부구역 동반가능,소형견 동반가능,"목줄 착용,반려동물 유모차 탑승,이동장(켄넬)사용","- 반려견을 땅에 내려놓아선 안됨
- 목줄착용후 안거나 이동장 필수
- 실내시설 및 놀이시설 동반 불가
- 배변봉투 지참 및 배변처리 필수",,"[평일]<br>
- 10:00~19:00<br>
[토요일]<br>
- 10:00~21:00<br>
[일요일]<br>
- 10:00~20:00<br>
※ 공원 사정에 따라 변경 가능성 있으므로 홈페이지 참조",연중무휴,가능
128889,사명대사 생가지,경상남도 밀양시 무안면 사명대사생가로 642,12,경상남도,35.496859532,128.6052943237,http://tong.visitkorea.or.kr/cms/resource/38/3582638_image2_1.jpg,"조선 후기의 승려 유정(사명대사)이 태어난 곳이다. 사명대사가 1544년(중종 30)에 진사 임수성의 둘째 아들로 태어나 13세 때 가출하여 직지사 신묵에게 가서 승려가 될 때까지 어린 시절을 보낸 곳이다. 사당인 숙청사와 사명대사가 태어나서 자란 곳인 육영당, 사명대사가 거처하던 사랑채인 사명당 등이 남아있다. 1992년에 경상남도 기념물로 지정되었다. 사명대사는 어린 시절을 여기서 보냈으며 많은 일화가 전해오고 있다. 사명대사가 가끔 고향으로 방문할 때 쉬었다는 바위가 아직 그대로 남아 있어 그의 발자취를 엿볼 수 있고 마을 뒷산 서쪽 기슭에는 사명대사의 조모와 부모의 묘소가 있다. 사명대사는 13세의 나이에 유촌 황여헌 선생에게 글을 배우다가 ‘세속 학문은 천하고 비루하여 시끄러운 세상 인연에 얽매여 있으니 어찌 번뇌 없는 학문을 배우는 것과 같을 것인가?’ 하고 그 해 가을 황악산 직지사로 가서 신묵화상에게 머리를 깎고 선문에 들어가게 되었다. 금강산에 들어가 수도하던 중 선조 25년(1592) 임진왜란이 일어나자 의승병을 모아 의병장으로서 활약하였으며 1593년 명나라 구원군이 주축이 되었던 평양성 탈환전투에 참가하여 공을 세웠다. 선조는 그의 공을 크게 인정하여 가선대부동지중추부사의 벼슬을 내렸으며, 일본과 강화를 위한 사신으로 임명하기도 했다. 그 뒤, 병을 얻어 해인사에서 요양하다가 광해군 2년(1610) 설법을 마치고 세상을 떴다. 저서로 『사명당대사집』7권과 『분충서난록』1권 등이 있다.",,"밀양시 문화관광 <a href=""https://www.miryang.go.kr/tur/EgovTourDetail.do?nmtIdx=49&mnNo=10302090000"" target=""_blank"" title=""새창 : 밀양시 문화관광 홈페이지로 이동"">https://www.miryang.go.kr/</a>",일부구역 동반가능,,,,,"[연꽃놀이터]<br>
- 하절기 10:00~18:00<br>
- 동절기 10:00~17:00",매주 월요일 /  1월 1일 / 설·추석,가능
127857,일출랜드,제주특별자치도 서귀포시 성산읍 중산간동로 4150-30,12,제주특별자치도,33.3811208022,126.8428064761,http://tong.visitkorea.or.kr/cms/resource/11/3515611_image2_1.jpg,"‘새로운 태양이 떠오르는 휴식 공간’이라는 일출랜드는 천연용암동굴 미천굴을 중심으로 사계절 제주토종식물과 꽃의 축제가 열리는 제주의 자연, 생태, 문화체험이 가능한 웰니스 관광지이다. 귤따기체험, 동백족욕체험, 자연염색체험 등의 다양한 체험 프로그램과 마이스(MICE) 연계 관광상품을 운영 중이며, 반려동물 동반이 가능한 휴식공간이다. 특히 제주 용암동굴 미천굴 관람 후 동백족욕체험은 여행의 피로를 풀고 힐링하는 시간이 될 것이다.",,"<a href=""http://www.ilchulland.com/"" target=""_blank"" title=""일출랜드 사이트로 이동"">http://www.ilchulland.com</a>",일부구역 동반가능,맹견 제외 예방 접종 완료한 전 견종 동반 가능,"목줄 착용,반려동물 유모차 탑승,이동장(켄넬)사용",배변봉투 지참 및 배변처리 필수,,"09:00~17:00<br>
※ 일몰 1시간 전까지 입장 가능하므로 전화문의 요망",연중무휴,가능
1115613,수성못 유원지,대구광역시 수성구 두산동 512,12,대구광역시,35.8276418564,128.6177257792,http://tong.visitkorea.or.kr/cms/resource/51/2653751_image2_1.jpg,"수성유원지는 범물동 용지봉(629ｍ)에서 북서부로 뻗어 내린 줄기의 하부에 위치하여 주변의 완만한 산지와 수성못을 끼고 자연의 경관미를 이루고 있다. 1925년에 조성된 수성못을 중심으로 형성되었으며 저수량도 70만에 달하고 21만 8000㎡의 면적에 못 둘레도 2,020m에 이른다. 수성못은 1925년 일제강점기에 농업용수 공급용으로 조성된 인공 못이었다. 지금은 수변 휴식공간으로 활용되어 연중 풍부한 수량을 자랑하고 있다. 수성못 주변에는 벤치와 수목, 산책로 유람선 선착장, 우주선, 유람선, 바이킹, 범버카, 회전목마 등의 놀이시설을 갖춘 수성랜드가  어우러져 유원지를 형성하고 있다. 보트놀이와 오리배 등을 즐길 수 있는 수성못과 어린이 놀이터, 두산폭포 등 볼거리, 즐길거리가 있어 가족나들이와 연인들의 데이트 코스로 적격이다. 수성못 미디어아트 음악분수는 이색적인 볼거리를 제공한다.

◎ 한류의 매력을 만나는 여행 정보 - 드라마 <하이드 지킬, 나>
로빈과 하나가 슬픈 이별을 준비했던 수성못 유원지는 대구 주민들의 대표적인 힐링 명소다. 밤이면 연못 주변에 들어오는 조명과 도심의 야경, 화려한 빛을 자랑하는 분수 쇼를 볼 수 있다.",,"<a href=""https://www.suseong.kr/tour/index.do?menu_id=00001746"" target=""_blank"" title=""수성 문화관광 사이트로 이동"">https://www.suseong.kr/tour/</a>",일부구역 동반가능,전 견종 동반 가능,목줄 착용,"- 맹견의 경우, 입마개 착용 필수
- 배변봉투 지참 및 배변처리 필수",,"상시 개방<br>
※ 수성 미디어아트 음악분수 운영시간은 홈페이지 참조 요망",연중무휴,가능
1059479,여의도한강공원,서울특별시 영등포구 여의동로 330 (여의도동),12,서울특별시,37.5263997727,126.9336095794,http://tong.visitkorea.or.kr/cms/resource/89/3544389_image2_1.jpg,"여의도한강공원은 정치, 금융, 언론의 중심지인 여의도에 자리하고 있으며, 지하철, 버스 등 대중교통으로 접근성이 좋아 직장인과 일반시민들이 즐겨 찾는 명소이다. 특히, 여의도 한강공원에서는 봄에는 벚꽃축제가, 가을에는 세계불꽃축제 및 각종 공연과 마라톤행사 등 다양한 행사가 이어져 볼거리와 즐길거리가 풍부한 휴식공간이다. 또한, 밤섬, 여의도 샛강 등이 비교적 자연 그대로 보존되어 있어 생태학습장 및 자연친화형 공원으로 조성되어 있다. 뿐만 아니라 한강르네상스 특화사업으로 물빛광장, 수상무대 및 수상분수, 빛의 폭포, 피아노물길, 페스티벌랜드, 요트마리나 등의 시설물들이 새로 조성되어 시민들에게 더 많은 사랑을 받고 있다.  

◎ 한류의 매력을 만나는 여행 정보 - 드라마 <신성한이혼>
드라마 <신성한이혼> 12화에서 극 중 캐릭터 성한과 정국이 자식의 친권에 관해 이야기를 나누던 시민공원인 여의도한강공원은 관광객부터 일반 시민까지 모두 즐겨 찾는 서울의 명소다. 다양한 행사와 축제 또한 열리는 곳으로 자연친화적인 풍경이 아름다운 공원이다.",,"<a href=""https://hangang.seoul.go.kr/www/contents/669.do?mid=473"" target=""_blank"" title=""새창 : 미래한강본부 한강공원 홈페이지로 이동"">https://hangang.seoul.go.kr</a>",전구역 동반가능,전 견종 동반 가능,목줄 착용,"- 목줄은 2m 이내로 유지
- 맹견의 경우, 입마개 착용 필수
- 배변봉투 지참 및 배변처리 필수",,상시 개방,연중무휴,"가능 (1,782대)"
126317,순천 고인돌 공원,전라남도 순천시 송광면 고인돌길 543 (송광면),12,전라남도,34.9788795846,127.2249291925,http://tong.visitkorea.or.kr/cms/resource/73/3346673_image2_1.JPG,"전라남도 순천시 송광면 우산리 소재의 고인돌공원은 주암다목적댐이 건설되면서 발굴조사된 문화유적 중 고인돌(支石墓), 선돌(立石), 움집 등을 이전 복원하여 유적공원으로 조성하여 놓은 곳이다. 고인돌공원은 18,000여 평의 부지에 고인돌 147기, 모형고인돌 5기, 선돌 2기, 움집 6동, 구석기시대 집 1동, 솟대, 전시관 2동, 체험학습장, 자연학습장, 산책로, 편의시설 등이 갖추어진 야외박물관이라 하겠다. 2000년 12월에 화순·고창·강화 고인돌군이 유네스코 세계문화유산으로 등록됨으로써 고인돌이 국내는 물론 세계적으로 관심이 집중되어 고인돌테마기행 코스로 각광을 받고 있다.",,"<a href=""http://www.dolmenpark.kr"" target=""_blank"" title=""새창: 고인돌 공원 홈페이지로 이동"">http://www.dolmenpark.kr</a>",전구역 동반가능,일부 견종 동반 가능,목줄 착용,"- 10kg 이하 출입 가능
- 배변봉투 지참 및 배변처리 필수",,"- 3~10월 09:00~18:00 (매표마감 17:00)<br>
- 11~2월 09:00~17:00 (매표마감 16:00)",연중무휴,가능
2605828,오대호아트팩토리,충청북도 충주시 앙성면 가곡로 1434,14,충청북도,37.0944459236,127.7945188787,,"오대호아트팩토리는 충청북도 충주시에 위치한 가족이 함께 즐기는 국내 유일의 오감체험 관광지이다. 산업시대의 폐품을 활용한 테마파크로 기계시대의 도구, 기계의 원리와 역할을 이해하고, 직접 만지고, 만들고, 느낄 수 있다. 구 능암초등학교(폐교)에 국내 1호 정크아티스트 오대호 작가의 작품이 1,200여 점이 전시되어 있다. 오대호 작가의 작품 제작과정을 감상할 수 있으며, 새로운 작품과 체험교구, 기념품을 직접 생산하며 미래의 예술인재를 고용, 양성하는 공간이다.",,"<a href=""https://5factory.kr/"" target=""_blank"" title=""새창: 오대호아트팩토리"">https://5factory.kr/</a>",전구역 동반가능,중소형견 동반 가능,"목줄 착용,이동장(켄넬)사용","- 목줄 착용 후 보호자가 안거나 이동장(켄넬)을 사용해 이동
- 배변봉투 지참 및 배변처리 필수",,10:00~17:30,"매주 월요일 (단, 공휴일이 월요일인 경우 제외)",가능
2519536,만천하 스카이워크,충청북도 단양군 적성면 옷바위길 10,28,충청북도,36.9776749798,128.3370707587,http://tong.visitkorea.or.kr/cms/resource/56/3408156_image2_1.png,"단양군 적성면에 위치한 만천하스카이워크에서는 남한강 절벽 위에서 80~90m 수면 아래를 내려보며 하늘길을 걷는 스릴을 맛볼 수 있다. 전망대로 가는 나선형 구간에서는 다각도로 풍광을 감상할 수 있고, 전망대에 서면 산등성이 너머 드넓게 흐르는 남한강 경치에 감탄사가 절로 나온다. 전망대에 올라서면 시내 전경과 멀리 소백산 연화봉을 볼 수 있다. 말굽형의 만학천봉 전망대에 세 손가락 형태의 길이 15m, 폭 2m의 고강도 삼중 유리를 통해 발밑에 흐르는 남한강을 내려다보며 절벽 끝에서 걷는 짜릿함을 경험해 볼 수 있다. 전망대 옆으로 980m 길이의 집와이어, 1,000m 거리의 알파인코스터, 슬라이드 등 체험 시설도 다양하다.

◎ 한류의 매력을 만나는 여행 정보 - 예능 <전지적 참견 시점>
이영자가 감사패를 받고 전현무, 유병재가 축하공연을 선보인 장소다. 예능에서는 행사장으로서의 역할을 했지만, 평소에는 단양 전경을 조망하는 전망대로 유명하다. 경치뿐만 아니라 여러 액티비티 체험도 즐길 수 있어 많은 관광객이 찾는다.",,"<a href=""https://www.dytc.or.kr/mancheonha/89"" target=""_blank"" title=""새창 : 만천하스카이워크 홈페이지로 이동"">https://www.dytc.or.kr/mancheonha/89</a>",일부구역 동반가능,중소형견 동반 가능(이동장 이용 필수),이동장(켄넬)사용,"- 이동장 외부로 반려동물의 얼굴이나 몸이 노출되면 입장 불가
- 셔틀버스로 이동해야 하므로 유모차 이동 불가
- 배변 봉투 지참 및 배변 처리 필수",,- 하절기 09:00~18:00 (매표 마감 17:00)<br>- 동절기 09:00~17:00 (매표 마감 16:00)<br>※당일 기상 여건에 따라 관람에 다소 제한이 있을 수 있음,연중무휴,가능<br>요금 (무료)
2755042,무등산 리프트모노레일,광주광역시 동구 지호로164번길 14-10,12,광주광역시,35.1487918186,126.9468577811,,"무등산 리프트모노레일은 무등산 자락에 위치한 지산유원지의 대표시설이다. 자연 속에서 힐링을 느끼는 동시에 아찔한 스릴도 경험할 수 있다. 모노레일은 해발 340m에 위치하여 낭떠러지 계곡을 가로지르는 스릴을 느낄 수 있고, 광주시내와 무등산 전경을 한눈에 감상할 수도 있다. 모노레일 중간역에서 내려서 팔각정 전망대에 갈 수 있다. 팔각정에서 맑은 날 화순과 나주까지 조망할 수 있으며, 광주 야경도 볼 수 있다.",,"<a href=""https://www.hotelmudeungpark.co.kr/lift-monorail"" target=""_blank"" title=""새창 : 호텔무등파크 광주 홈페이지로 이동"">www.hotelmudeungpark.co.kr</a>",일부구역 동반가능,이동장(켄넬)에 들어가는 전 견종 동반 가능,이동장(켄넬)사용,이동장(켄넬) 안에 반려동물 몸 전체가 모두 들어가야 동반 가능,,"- 평일 10:00~18:00<br>
- 주말 및 공휴일 09:00~19:00<br>
※ 기상 악화 시 운영 중단 및 마감 가능<br>
※ 마감 1시간 전까지 도착해야 탑승 가능",연중무휴,가능
572973,새별오름,제주특별자치도 제주시 애월읍 봉성리 산 59-8,12,제주특별자치도,33.3673645815,126.3570489276,http://tong.visitkorea.or.kr/cms/resource/34/2943834_image2_1.bmp,"새별오름은 서부의 대표 오름으로, ‘저녁 하늘에 샛별과 같이 외롭게 서있다’하여 이름이 붙여졌다. 남봉을 정점으로 남서, 북서, 북동 방향으로 등성이가 있으며, 등성이마다 봉우리가 있다. 서쪽은 삼태기 모양으로 넓게 열려 있고, 북쪽은 우묵하게 파여 있다. 마치 별표처럼 둥그런 표창 같은 5개의 봉우리가 존재한다. 전체적으로 풀밭을 이루나 북쪽 사면에 일부 잡목이 형성되어 있고, 서북쪽 사면에 공동묘지가 조성되어 있다.",,"<a href=""https://www.visitjeju.net/kr/detail/view?contentsid=CONT_000000000500309"" target=""_blank"" title=""새창 : 제주 문화관광 사이트로 이동"">http://www.visitjeju.net/</a>",전구역 동반가능,전 견종 동반 가능,목줄 착용,"- 맹견의 경우, 입마개 착용 필수
- 배변봉투 지참 및 배변처리 필수",,,,가능
228892,담양 명옥헌 원림,전라남도 담양군 고서면 후산길 103,12,전라남도,35.2193707987,126.9963905156,http://tong.visitkorea.or.kr/cms/resource/13/3533213_image2_1.jpg,"명옥헌은 담양군 고서면 산덕리에 있는 조선시대 오희도가 살던 집의 원림이다. 조선 중기 오희도가 자연을 벗 삼아 살던 곳으로 그의 아들 오이정이 명옥헌을 짓고 건물 앞뒤에는 네모난 연못을 파고 주위에 꽃나무를 심어 아름답게 가꾸었던 정원이다. 계곡 사이로 수량이 풍부했을 때 물이 흐르면 옥구슬이 부딪치는 소리가 났다고 하여 이름을 얻었다. 위 연못은 인공적인 석축을 쌓지 않고 땅을 파내어 큰 우물같이 보인다. 아래 연못은 자연 암반의 경사지를 골라서 주변에만 둑을 쌓아 연못을 만들었다. 
명옥헌은 연못 주변에 심어진 백일홍 나무로 유명하며 꽃 이름과 같이 여름철이 되면 석 달 열흘 동안 늘 붉은 꽃나무 열에 연못이 둘러싸이게 된다. 인조가 왕위에 오르기 전 전국의 인재를 찾아 호남 지방을 방문할 때 후산에 머무는 오희도를 방문한 적이 있는데 이때 명옥헌의 북쪽 정원에는 은행나무가 있고 명옥헌 뒤에는 오동나무가 있었는데 이들 나무 밑에 인조가 타고 온 말을 맸다고 하여 이 나무를 일명 ‘인조대왕 계마행’ 또는 ‘인조대왕 계마상’이라고 부른다. 현재 오동나무는 고사하여 없어졌고 은행나무만 남아있다. 인조는 오희도를 등용하기 위해 세 번 찾아왔다고 하며, 훗날 우암 송시열은 명옥헌의 영롱한 물소리와 경치에 반하여 명옥헌이라는 글씨를 바위에 새기기도 하였다. 소쇄원과 같은 아름다운 민간 정원으로 꼽힌다.

◎ 한류의 매력을 만나는 여행 정보 - 드라마 <구르미 그린 달빛>
조선 중기에 만들어진 민간 정원으로 아담한 정자와 네모난 연못, 꽃나무와 소나무 등이 조화를 이룬 곳이다. 호수 주변에 있는 300년 된 배롱나무가 분홍빛 고운 꽃을 피우는 여름이면 전국의 사진작가들이 몰려든다. <구르미 그린 달빛>에서 이영과 라온이 처음 만난 장소이다.",,"<a href=""https://www.damyang.go.kr/board/detail?dataSid=401973&boardId=BBS_0000164&domainId=DOM_0000003&contentsSid=375&menuCd=DOM_000000303007002000"" target=""_blank"" title=""담양군 문화관광 사이트로 이동"">http://tour.damyang.go.kr</a><br />문화재청 <a href=""https://www.heritage.go.kr/heri/cul/culSelectDetail.do;jsessionid=6a2iXG264OEa0dq2c3yoFLDQ1g1alsYpOG63aWU71IY41xPknYy3cwWZLOuRlZ5e.cpawas_servlet_engine1?pageNo=1_1_2_0&ccbaCpno=1353600580000"" target=""_blank"" title=""문화재청 사이트로 이동"">http://www.cha.go.kr</a>",전구역 동반가능,전 견종 동반 가능,목줄 착용,"- 맹견의 경우, 입마개 착용 필수
- 배변봉투 지참 및 배변처리 필수",,09:00~18:00,연중무휴,가능
127813,섭지코지,제주특별자치도 서귀포시 성산읍 섭지코지로 107,12,제주특별자치도,33.430250088,126.9280674087,,"섭지코지는 코지(코지곶을 의미하는 제주 방언)라는 지명에서 알 수 있듯 코의 끄트리 모양 비죽 튀어나온 지형이다. 위치상으로는 서귀포시 성산읍 신양리 해안에 돌출되어 있다. 외지인들에게는 찾아가기가 그리 쉽지는 않은데 대개의 경우 신양리 해안 국도변에서 마을로 진입하여 이정표를 보고 콘크리트로 포장된 길을 따라가면 코지 끝에까지 이를 수 있다. 또는 서귀포 방면에서 찾아온다면, 표선 시내를 지나 약 7㎞쯤 가서 우측으로 해안 도로 표지판이 나오면 여기서 우회전하여 줄곧 바다를 끼고 정면으로 섭지코지 전경을 바라보며 달리다가 이내 신양해수욕장 백사장이 보이고 마을 앞에 이르러 우회전, 마찬가지로 콘크리트 도로를 따라가면 된다.

특히 이곳의 유채꽃은 밝은 햇살과 푸른 바다 빛과 어울려 그 어느 곳에서보다 더욱 선명하고 고운 빛깔을 띠고 있다. 넓고 평평한 코지 언덕 위에는 옛날 봉화 불을 지피던 협자연대라는 돌로 만든 봉수대가 세워져 있는데 높이 약 4m, 가로세로 9m의 정방형으로 비교적 원형대로 보존되어 있다. 연대에서 동북 방향으로 솟아있는 봉우리는 일명 붉은오름으로, 제주말로 송이라고 하는 붉은색 화산재로 이루어진 오름인데, 정상에 서있는 하얀 등대의 모습이 노란 유채꽃밭과 오름의 붉은 흙빛, 그리고 파란 하늘빛, 바다 빛과 대비되는 또 다른 이국적인 정취를 불러일으킨다. 등대까지는 철계단이 마련되어 있어 쉽게 올라갈 수 있으며 등대 난간에 올라서면 과연 기가 막힌 섭지코지의 해안절경이 바로 코앞에 펼쳐진다.",,"<a href=""https://www.visitjeju.net/kr/detail/view?contentsid=CONT_000000000500343"" target=""_blank"" title=""새창 : 제주 문화관광 홈페이지로 이동"">https://www.visitjeju.net/kr</a>",일부구역 동반가능,전 견종 동반 가능,목줄 착용,"- 맹견의 경우, 입마개 착용 필수
- 배변봉투 지참 및 배변처리 필수",,상시 개방,연중무휴,가능
2714152,울산전시컨벤션센터,울산광역시 울주군 삼남읍 울산역로 255,14,울산광역시,35.5556598644,129.1316827314,http://tong.visitkorea.or.kr/cms/resource/67/3581367_image2_1.jpg,"울산전시컨벤션센터 유에코(UECO)는 각종 전시회, 국제회의, 세미나, 문화공연 등 다양한 콘텐츠를 통해 비즈니스 방문객을 위한 전시장 및 회의 시설로서의 기능뿐만 아니라, 시민들의 휴식과 여가를 즐길 수 있는 복합비즈니스 공간으로 조성되었다. 유에코는 전시회, 콘서트, 대형 이벤트 등 380개 부스 내외 또는 최대 7,600명 수용이 가능한 전시장이 있으며, 국제회의, 세미나, 연회, 공연 등을 위한 세 개의 컨벤션홀, 그리고 회의실과 스마트라운지 등을 갖추고 있다.",,"<a href=""http://www.ueco.or.kr/webuser/page/main.html"" target=""_blank"" title=""새창: 울산전시컨벤션센터 홈페이지로 이동"">http://www.ueco.or.kr/webuser</a>",전구역 동반가능,전 견종 동반 가능,"반려동물 유모차 탑승,이동장(켄넬)사용","- 이동장(켄넬) 혹은 반려동물 유모차 탑승 후 노출 금지 
- 맹견의 경우, 입마개 착용 필수 
- 배변봉투 지참 및 배변처리 필수",,※ 행사 및 전시마다 상이하므로 홈페이지 참조,※ 행사 및 전시마다 상이하므로 홈페이지 참조,가능
580519,메이힐스리조트,강원특별자치도 정선군 고한읍 물한리길 8,12,강원특별자치도,37.211568665,128.8352025949,http://tong.visitkorea.or.kr/cms/resource/00/1827300_image2_1.jpg,"빼어난 산수를 자랑하는 정선의 아름다움 위에 또 하나의 자연을 그려 넣은 정선 메이힐스리조트는 인간의 생체 리듬을 가장 이상적인 상태로 만들어주는 해발 700M 청정 골짜기에 자리 잡고 있으며, 사계절 다양한 아름다움을 만끽할 수 있는 천혜의 자연과 관광 명소로 둘러싸여 있다. 
봄, 여름, 가을, 겨울 365일 언제나 즐길 수 있는 레저, 스포츠, 엔터테인먼트 등 다양한 콘텐츠를 제공하며 고급스러운 외관과 첨단 시설을 갖춘 HIGH-END 지향의 고품격 종합 리조트이다. 
내국인 출입이 가능한 국내 유일의 강원랜드 카지노와 유럽풍 계곡형 스키장이 있어 짜릿하고 여유로운 스키를 즐길 수 있고, 국내 최고 해발 1,100m의 청정 고원지대에 있는 강원랜드 골프장은 한여름에도 25도를 넘지 않아 언제나 쾌적한 라운딩을 즐길 수 있다.",033-590-1000,,일부구역 동반가능,"중, 소형견 (10kg 이하)",목줄 착용,"지정된 펫룸만 이용 가능합니다. / 광견병 접종이 완료된 반려견만 동반 가능합니다. (체크인 시 프론트에서 확인 必, 애견 수첩 또는 접종 확인서) / 객실 외에는 반려견 리드줄 착용 필수입니다.
*반려견 동반 운영 정책은 현지 사정에 따라 변동 될 수 있습니다.","사우나, GS편의점, 노래방, 당구장, 주차장(무료)",,,
129004,공지천 조각공원,강원특별자치도 춘천시 옛경춘로 880 (근화동),14,강원특별자치도,37.8732986704,127.7126813699,http://tong.visitkorea.or.kr/cms/resource/31/3072531_image2_1.jpg,"공지천 조각공원은 강원도 춘천시 근화동 공지천 유원지와 인접해 있는 공원이다. 공지천 주변에 조성된 공지공원 내에 조각품을 설치하고 조각공원으로 꾸몄다. 넓은 잔디밭은 아이들이 뛰어놀기에도 좋으며 군데군데 나무 그늘도 있어 나들이 장소로도 제격이다. 잔디밭 사이로 자전거나 유모차가 다닐 수 있는 길이 잘 정비되어 있으며 조각공원 옆에는 의암호 라이딩 코스로 바로 진입할 수 있는 자전거 길이 있다. 
조각공원 안에는 춘천 출신의 소설가 김유정 선생의 문학비와 잡지[개벽]의 창간 멤버로 한국 잡지 언론의 개척자로 불리는 춘천 출신의 청호 차상찬 동상이 있다. 이 외에도 김수학의[동심] 과 김의웅의[풍경], 유영교의[결실], 김승민의[공존 20000613] 등 29점의 작품이 전시되어 있고, 2001년에는 물시계를 설치하였다. 아름다운 공지천과 나무숲 사이 조각작품이 어우러져 야외 미술관에 온 듯한 기분마저 들게 하는 이곳은 벚꽃이 만발한 봄에는 상춘객들의 발걸음이 끊이지 않는다. 해마다 4월 하순 무렵부터는 MBC 춘천 방송국에서부터 공지천으로 이어지는 호수 별빛축제가 있다.",,"<a href=""http://tour.chuncheon.go.kr/contents.do?cid=11c74a6d47754a2cbb8a31329aca644f&categoryId=603&sdbSeq=272&obn=MAIN_TITLE&obt=asc&searchKeyword=&id=9d56ecc7f85647009e42e840f4a70208"" target=""_blank"" title=""춘천시 문화관광 사이트로 이동"">http://tour.chuncheon.go.kr</a>",일부구역 동반가능,전 견종 동반 가능,목줄 착용,"- 맹견의 경우, 입마개 착용 필수
- 배변봉투 지참 및 배변처리 필수",,,,
1842210,병방치 스카이워크,강원특별자치도 정선군 정선읍 병방치길 225,12,강원특별자치도,37.3623780337,128.6354715236,http://tong.visitkorea.or.kr/cms/resource/97/1690997_image2_1.jpg,정선읍 북실리와 귤암리 사이의 병방치 전망대에서는 한반도 모양의 밤섬 둘레를 동강 물줄기가 180˚로 감싸안고 흐르는 비경을 만날 수 있다. 병방치 스카이워크는 해발 583m의 절벽 끝에 길이 11m의 U자형으로 돌출된 구조물 바닥에 강화유리를 깔아 마치 하늘 위를 걷는 듯한 기분을 느낄 수 있는 전망대이다. 이곳에서 한반도 지도 모양을 한 밤섬과 동강의 아름다움을 조망할 수 있어 관광객들에게 인기가 좋다.,,"<a href=""http://www.ariihills.co.kr/"" target=""_blank"" title=""새창 :아리힐스 홈페이지로 이동"">http://www.ariihills.co.kr</a>",일부구역 동반가능,전 견종 동반 가능,"반려동물 유모차 탑승,이동장(켄넬)사용","- 맹견의 경우, 입마개 착용 필수
- 배변봉투 지참 및 배변처리 필수",,"[하절기] <br> - 09:00~18:00<br>
[동절기] <br> - 10:00~17:00<br>
※ 당일 기상 여건에 따라 관람 제한이 있을 수 있음",연중 무휴,가능
2469439,순천 드라마촬영장,전라남도 순천시 비례골길 24 (조례동),12,전라남도,34.9584261452,127.5378244254,http://tong.visitkorea.or.kr/cms/resource/78/3579178_image2_1.jpg,"순천 드라마촬영장은 특히 관광지가 많은 전라남도 순천시에 위치한 곳이다.  2006년에 방영된 드라마, ‘사랑과 야망’의 야외 세트장으로 60~80년대 집들이 재현되어 있으며 드라마 ‘자이언트’, ‘에덴의 동쪽’,‘제빵왕 김탁구’, ‘허삼관매혈기’등 유명한 작품들을 촬영한 장소이다. 골목 골목 다니며 촬영장을 관람하고 교복 대여를 체험할 수 있다. 

◎ 한류의 매력을 만나는 여행 정보
1960년대부터 1980년대까지 한국 근대 모습을 생생하게 재현한 한국 최대 규모의 영화, 드라마 촬영장으로 60년대 순천 읍내 거리, 70년대 서울 봉천동 달동네, 80년대 서울 변두리 거리로 구성된 거리를 돌아다니다 보면 영화 속 등장인물이 된 듯한 기분에 사로잡힌다. 드라마 <구미호뎐 1938>, <파친코> 등 현재까지 80여 편이 촬영됐다.",,"<a href=""https://www.suncheon.go.kr/tour/tourist/0005/"" target=""_blank"">http://main.suncheon.go.kr/tour</a>",일부구역 동반가능,맹견 제외 생후 6개월 이상 반려동물등록 및 종합예방접종이 완료된 전 견종 동반 가능,목줄 착용,"- 어두운 실내는 동반 불가(순양극장, 추억의 고고장, 88노래방, 시간여행, 영화속으로 등)
- 공격성을 보이는 반려동물은 시설 이용 중에도 퇴장 조치
- 목줄 2m 이내 유지 필수
- 배변봉투 지참 및 배변처리 필수",,09:00~18:00 (입장 마감 17:00),연중무휴,가능
125777,아우라지,강원특별자치도 정선군 여량면 아우라지길 69,12,강원특별자치도,37.4758305379,128.72398793,http://tong.visitkorea.or.kr/cms/resource/39/2921539_image2_1.jpg,"여량면 여량리에 위치해 있으며 강원도 무형문화재 제1호인 정선아리랑의 대표적인 발생지 의 한 곳으로서 예부터 강과 산이 수려하고 평창군 대관령면에서 발원되어 흐르고 있는 구절쪽의 송천과 삼척시 하장면에서 발원하여 흐르고 있는  임계쪽의 골지천이 합류되어 ‘어우러진다’ 하여 아우라지라 불리우고 있으며 이러한 자연적인 배경에서 송천을 양수,골지천을 음수라 칭하여 여름 장마때 양수가 많으면 대홍수가 예상되고 음수가 많으면 장마가 끊긴다는 옛말이 전해오고 있다. 정선읍으로부터 19.4㎞ 거리에 위치한 아우라지는 산수가 아름다운 여량8경의 한 곳으로 송천과 골지천이이곳에서 합류되어 한데 어우러진다 하여 ‘아우라지’ 라 불리고 있다. 이곳은 주위에 노추산, 상원산, 옥갑산, 고양산, 반론산, 왕재산 등이 둘러싸여 땅이 비옥하고 물이 맑아서 옛부터 풍요로움과 풍류를 즐기던 문화의 고장이다. 오래 전 남한강 상류인 아우라지에서 물길따라 목재를 한양으로 운반하던 유명한 뗏목터로 각지에서 모여든 뱃사공의 아리랑 소리가 끊이지 않던 곳으로 정선아리랑의 가사유래지로 널리 알려져 있다. 특히 뗏목과 행상을 위하여 객지로 떠난 님을 애달프게 기다리는 남녀의 애절한 마음을 적어 읊은 것이 지금의 정선아리랑 가사로 남아 널리 불리고 있다.",,"정선문화관광 <a href=""https://www.jeongseon.go.kr/tour/jeongseontour/attractions"" target=""_blank"" title=""새창: 정선문화관광 홈페이지로 이동"">https://www.jeongseon.go.kr/tour</a>",일부구역 동반가능,전 견종 동반 가능,목줄 착용,"- 맹견의 경우, 입마개 착용 필수
- 배변봉투 지참 및 배변처리 필수",,상시 개방,매주 화요일,가능
1362194,하이원리조트,강원특별자치도 정선군 고한읍 하이원길 424,12,강원특별자치도,37.2073608907,128.8391162601,http://tong.visitkorea.or.kr/cms/resource/56/3578056_image2_1.jpg,"하이원리조트는 강원도 정선군 사북읍에 있는 스키장, 골프장, 카지노, 숙박시설을 갖춘 대규모 종합 위락시설이다. 사계절 내내 즐길 수 있는 다양한 레저, 문화, 휴식 콘텐츠를 기반으로 고객에게 특별한 경험과 품격있는 서비스를 제공하고 있다. 겨울에는 스키장을 운영하고 있는데 초보자부터 전문가까지 모두가 안전하게 즐길 수 있는 18면의 다양한 난이도의 슬로프를 갖추고 있다. 여름에는 백두대간 청정 계곡수로 깨끗한 하이원 워터월드를 운영하고 있다. 봄과 가을에는 골프, 트레킹 등 자연을 즐길 수 있는 풍부한 액티비티와 온 가족이 머물 수 있는 호텔 콘도 시설, 웰니스 프로그램 등을 통해 사계절 리조트의 가치를 더하고 있다.",,,일부구역 동반가능,25kg 이하 최대 2마리 동반 가능,목줄 착용,"- 힐 콘도 펫룸(8개)만 동반 가능
- 곤돌라 이용시 안거나 케이지 이용 해야됨 
- 객실 외부에선 리드줄 착용 필수","펫룸(보호시설), 반려견 실내외 놀이터, 하이하우 카페, 주차장",,,
126081,해운대해수욕장,부산광역시 해운대구 해운대해변로 264 (우동),12,부산광역시,35.1591243474,129.1603078991,http://tong.visitkorea.or.kr/cms/resource/34/3090534_image2_1.JPG,"해운대해수욕장은 넓은 백사장과 아름다운 해안선을 자랑하고 있으며 얕은 수심과 잔잔한 물결로 해수욕장의 최적 조건을 갖추고 있다. 부산 하면 제일 먼저 떠올리는 곳이 해운대 해수욕장이라고 할 만큼 부산을 대표하는 명소이며, 해마다 여름철 피서객을 가늠하는 척도로 이용될 만큼 국내 최대 인파가 몰리는 곳이기도 하다. 특히, 해안선 주변에 크고 작은 빌딩들과 고급 호텔들이 우뚝 솟아있어 현대적이고 세련된 분위기의 해수욕장으로 유명하기 때문에 여름휴가철뿐만 아니라 사시사철 젊은 열기로 붐비고 해외 관광객들에게도 잘 알려져 있어 외국인들이 많이 찾는 곳이다. 해운대해수욕장에서는 매년 정월 대보름날의 달맞이 축제를 진행하고 있다. 또한, 매년 겨울 주최하고 있는 북극곰수영대회는 이미 겨울철 대표 축제로 자리 잡았다. 이외에도 모래 작품전, 부산 바다 축제 등 각종 크고 작은 행사들이 열리고 있다. 또한, 해수욕장 주변에 동백섬, 오륙도, 아쿠아리움 , 요트경기장, 벡스코 달맞이고개 등 볼거리가 많다.

◎ 한류의 매력을 만나는 여행 정보 - 드라마 <힘쎈여자 강남순>
남순이 몽골 엄마와 함께 모래사장에 조개로 ‘바다’라는 글자를 만들고 함께 사진을 찍으며 즐거운 시간을 보낸 곳이다.",,"<a href=""https://www.haeundae.go.kr/tour/index.do?menuCd=DOM_000000302001000000"" target=""_blank"" title=""새창 : 해운대 관광문화 홈페이지로 이동"">https://www.haeundae.go.kr/tour</a>",일부구역 동반가능,전 견종 동반 가능,목줄 착용,"- 맹견의 경우, 입마개 착용 필수
- 배변봉투 지참 및 배변처리 필수",,매년 6월~8월,연중무휴,가능
128116,경주 계림,경상북도 경주시 교동,12,경상북도,35.8326469552,129.218997827,http://tong.visitkorea.or.kr/cms/resource/29/3535529_image2_1.jpg,"이 숲은 첨성대(瞻星臺)와 월성(月城) 사이에 위치해 있으며, 경주 김 씨의 시조 알지(閼智)가 태어났다는 전설이 있는 유서 깊은 곳이다. 신라 탈해왕(脫解王) 때 회공(瓠公)이 이 숲에서 닭이 우는 소리를 들었는데, 가까이 가보니, 나뭇가지에 금궤(金櫃)가 빛을 내며 걸려 있었다. 이 사실을 임금께 아뢰어 왕이 몸소 숲에 가서 금궤를 내렸다. 뚜껑을 열자 궤 속에서 사내아이가 나왔다 하여 성(姓)을 김(金), 이름을 알지라 하고, 본래 시림(始林), 구림(鳩林)이라 하던 이 숲을 계림(鷄林)으로 부르게 되었다.
계림은 신라의 국호(國號)로도 쓰이게도 되었다. 펑퍼짐한 숲에는 느티나무 등의 옛 나무들이 울창하게 우거지고 북쪽에서 서쪽으로 작은 실개천이 돌아 흐른다. 왕은 알지를 태자로 삼았으나 후에 박 씨 왕족인 파사왕에게 왕위가 계승되어 왕이 되지 못했고, 후대 내물왕 대부터 신라 김 씨가 왕족이 되었다. 경내의 비는 조선 순조(純祖) 3년(1803)에 세워진 것으로 김알지 탄생에 관한 기록이 새겨져 있다. 신라 왕성 가까이 있는 신성한 숲으로 신라 김 씨 왕족 탄생지로 신성시되고 있으며 지금도 계림에는 왕버들과 느티나무가 하늘을 가릴 듯하다. 대릉원-계림-반월성으로 이어지는 산책로 옆에는 봄이면 노란 유채꽃이 유적지의 운치를 더 깊게 해 준다.",,"<a href=""https://www.gyeongju.go.kr/tour/page.do?cmd=2&mnu_uid=2517&chaNo=3237"" target=""_blank"" title=""새창 : 경주 문화관광 홈페이지로 이동"">https://www.gyeongju.go.kr/tour</a>",전구역 동반가능,전 견종 동반 가능,목줄 착용,"- 맹견의 경우, 입마개 착용 필수
- 배변봉투 지참 및 배변처리 필수",,상시 개방,연중무휴,불가능
2930334,광교호수공원 반려견 놀이터,경기도 수원시 영통구 광교호수로 214 광교호수공원시설 주차관리소 광교호수공원 반려견 놀이터,12,경기도,37.2835610668,127.0772644577,http://tong.visitkorea.or.kr/cms/resource/57/3400857_image2_1.JPG,"반려견 놀이터는 광교호수공원 제3주차장 부근 3천524㎡ 부지에 조성됐으며 애견놀이시설, 음수대, 휴게시설 등을 갖추고 있다. 또 소형견과 중·대형견이 이용하는 공간을 분리하여 반려견들끼리의 마찰을 사전에 방지했으며 여름철 시민과 애완견이 함께 쉴 수 있도록 수목지대도 조성했다. 또한 반려견을 위한 어질리티 시설도 마련되어 있어 반려 동물을 키우는 관람객들이 보다 더 다채롭게 즐길 수 있다.",,"<a href=""https://www.gglakepark.or.kr/theme/sample28/html/b8.php"" target=""_blank"" title=""새창 : 광교 호수공원 홈페이지로 이동"">www.gglakepark.or.kr</a>",일부구역 동반가능,맹견 제외 동물 등록 완료한 전 견종 동반 가능,목줄 착용,"입, 퇴장시 목줄 착용 필수","40cm 기준으로 소중형견/ 대형견 놀이터, 펜스, 반려견 공중화장실",10:00~22:00,"매주 월요일 (단, 동절기 강설 및 우천 시 휴장)",가능
2605277,웰컴투동막골촬영지,강원특별자치도 평창군 미탄면 동막골길 122,12,강원특별자치도,37.3139915833,128.4707599845,http://tong.visitkorea.or.kr/cms/resource/11/3566011_image2_1.jpg,"강원도 평창에 있는 웰컴 투 동막골 마을은 박광현 감독의 영화 ‘웰컴 투 동막골’의 촬영지로 잘 알려진 곳이다. 국군과 인민군, 연합군이 대립하고 화해하는 과정을 그린 영화는 전국 관객 800만 명을 동원했고 국내외 내로라하는 영화제에서 작품상, 여우조연상 등을 수상했다. 흥행의 여파로 영화 상영 후 연간 10만 명이 넘는 관광객이 이곳을 찾고 있다. 옛 석탄광 입구인 동막 바람굴, 김 선생의 집, 국군 인민군 주민 간 이념을 초월한 화합의 장이었던 수령 500년이 넘은 정자나무, 동막골에 추락했던 미 전투기 등이 잘 보존된 촬영지를 통해 영화의 장면 하나하나가 새록새록 떠오른다. 영월 탄광문화촌, 평창 바위공원, 백룡동굴 등 다양한 관광지가 인접해 있다.",,"<a href=""https://tour.pc.go.kr/GSChqchN0"" target=""_blank"" title=""새창: 평창문화관광"">https://tour.pc.go.kr/GSChqchN0</a>",전구역 동반가능,전 견종 동반 가능,목줄 착용,"- 맹견의 경우, 입마개 착용 필수
- 배변봉투 지참 및 배변처리 필수",,상시 개방,연중무휴,가능
264485,철원 노동당사,강원특별자치도 철원군 철원읍 금강산로 265,12,강원특별자치도,38.2552751974,127.2019861959,http://tong.visitkorea.or.kr/cms/resource/55/3577155_image2_1.jpg,강원도 철원읍 관전리에 있는 노동당사는 1946년에 완공된 3층 건물이다. 6·25전쟁이 일어나기 전까지 북한의 노동당사로 이용되었다. 현재 이 건물은 6·25전쟁 때 큰 피해를 입어 건물 전체가 검게 그을리고 포탄과 총탄 자국이 촘촘하게 나있다. 하지만 이런 모습이 6·25전쟁과 한국의 분단현실을 떠올리게 해서 유명가수의 뮤직비디오 촬영지나 유명 음악회의 장소로 활용되기도 했다. 현재 철원 노동당사는 철원군이 안보관광코스로 운영하고 있으며 많은 관광객이 찾고 있다. 2001년 2월 근대문화유산에 등록되면서 정부 차원의 보호를 받고 있다.,,"철원군 문화관광 <a href=""https://www.cwg.go.kr/tour/selectTourCntntsWebView.do?tourNo=445&pageUnit=9&pageIndex=1&searchCnd=all&key=592&ctgry=21&sortTy=NM/"" target=""_blank"" title=""새창: 철원군 문화관광 홈페이지로 이동"">https://www.cwg.go.kr/tour</a>",일부구역 동반가능,,목줄 착용,"- 맹견의 경우, 입마개 착용 필수
- 배변봉투 지참 및 배변처리 필수",,상시 개방,연중무휴,가능
3446452,송림추어탕,충청남도 태안군 태안읍 군청4길 39 송림추어탕,39,충청남도,36.747559412,126.299224578,http://tong.visitkorea.or.kr/cms/resource/86/3446386_image2_1.jpg,"태안 터미널 태안군청 근처에 위치해 있는 송림 추어탕은 국내산 추어탕으로 깨끗하고 담백한 맛을 제공하고 있는 태안군청 앞 추어탕 맛집이다.<br>추어탕 외에 두루치기, 동태찌개, 김치찌개, 삼겹살 등의 메뉴를 제공하고 있다.<br>소형견을 동반하여 입장이 가능하다. 송림추어탕에서 차로 약 20분 거리에 만리포 해수욕장이 있어 근처 관광 코스로 둘러보기 좋다.",010-3494-8764,,전구역 동반가능,,,"대형견 동반 불가, 소형견 동반 가능",,09:00~21:00,연중무휴,가능
125779,영금정,강원특별자치도 속초시 영금정로 43 (동명동),12,강원특별자치도,38.2119011984,128.6014624568,http://tong.visitkorea.or.kr/cms/resource/01/3576201_image2_1.jpg,"속초시 동명동 속초등대 밑의 바닷가에 크고 넓은 바위들이 깔려있는 곳이 영금정이다. 지명의 유래는 파도가 바위에 부딪치면 신묘한 율곡이 들려 이 소리를 신령한 ‘거문고’ 소리와 같다고 하여 영금정이라 불린다. 시내에서 가까운 거리에 위치하고 있고, 경치가 빼어나 사시사철 속초시민이 피서와 낚시를 즐기는 곳이다. 현재는 속초시에서 영금정 일대를 관광지로 개발하여, 남쪽 방파제 부근으로 실제 정자를 하나 만들어 놓았다. 이 정자는 영금정 바위 위에 세워진 해상 정자로 50m 정도의 다리를 건너 들어갈 수 있다. 해상 정자에서 바다를 바라보는 느낌은 방파제와는 또 다른 시원한 느낌을 주지만, 정자 자체는 콘크리트 정자여서 아쉬움이 남는다. 대개 해돋이 정자라고 부르는데, 정자 현판에는 영금정(靈琴亭)이라는 글을 써 놓았다.",,"공식 홈페이지 <a href=""http://yeonggeumjeong.co.kr/"" target=""_blank"" title=""새창 : 영금정 홈페이지로 이동"">http://yeonggeumjeong.co.kr/</a> <br>속초 관광 <a href=""https://www.sokcho.go.kr/ct/tour/attraction/culture?contentSeq=42"" target=""_blank"" title=""새창 : 속초시 문화관광 홈페이지로 이동"">https://www.sokcho.go.kr/ct/tour</a>",전구역 동반가능,전 견종 동반 가능,목줄 착용,"- 반려견 동반 운영 정책은 사정에 따라 변동 될 수 있음
- 맹견의 경우, 입마개 착용 필수
- 배변봉투 지참 및 배변처리 필수",,상시 개방,연중무휴,가능
128345,제주허브동산,제주특별자치도 서귀포시 표선면 돈오름로 170,12,제주특별자치도,33.3304565115,126.8155933234,http://tong.visitkorea.or.kr/cms/resource/86/3551486_image2_1.jpg,"2000년 부지매입을 시작으로 약 5년간 59,504m²(18,000평)의 대지 위에 허브동산을 만들어왔다. 현재 약 180여 종의 허브와 우리 산하의 야생화로 채워진 각양각색의 정원들과 작은 동산들, 그리고 611.6m²(2,000평)의 체험 감귤농장 등 다양한 형태의 테마공원이 조성되어 있다. 또한 허브동산을 휘어감은 산책로, 허브 관련 제품을 구입할 수 있는 허브샵, 허브를 이용한 다양한 퓨전 음식을 맛볼 수 있는 카페, 허브에 대한 지식과 정보를 공유하고, 더욱 다양한 체험을 할 수 있는 허브체험관 등의 시설이 잘 구비되어 있어 연인 및 가족단위 혹은 기업의 단체에서 자연학습 및 데이트 코스, 워크숍 등 여러 가지 목적으로 이용 가능한 편안한 휴식처가 될 것이다.
그리고 허브 동산의 매력을 만끽할 수 있도록 설계된 6개 동의 각 숙소들은 허브정원 사이에 자리를 잡고 쾌적하고 안락한 여행이 될 수 있도록 최적의 환경을 구비하고 있다. 각 동 2층 침실 어디에서나 일출과 바다를 조망할 수 있고, 뒤로는 한라산이 한눈에 들어온다. 허브동산의 주요 테마는 ‘쉴休’, 봄날 오후 같은 편안하고 조용한 휴식. ‘번잡한 일상과 긴장된 도시 생활의 피로를 털어버리고, 몸과 마음에 쉼을 주자, 실컷 게으름을 피워도 하나 바쁠 것 없는, 느리게 사는 여유를 신이 인간에게 준 선물 가운데 마음껏 누리자.’ 이것이 허브동산이 추구하는 방향이다.",,"<a href=""http://www.herbdongsan.com/"" target=""_blank"" title=""새창 : 허브동산 사이트로 이동"">http://www.herbdongsan.com</a>",일부구역 동반가능,전 견종 동반 가능,"입마개 착용,목줄 착용","- 목줄착용시 카페 입장 가능, 족욕장은 불가
- 맹견의 경우, 입마개 착용 필수
- 배변봉투 지참 및 배변처리 필수",,"- 관람 09:00~21:30<br>
- 족욕 11:00~18:00",연중무휴,가능
2755480,달빛소리 수목원,전북특별자치도 익산시 춘포면 천서길 149,12,전북특별자치도,35.9398452252,127.0330409637,http://tong.visitkorea.or.kr/cms/resource/66/3576166_image2_1.jpg,"20여 년 전부터 전국 각지에서 수집한 희귀한 고목들로 2018년 6월 사설 수목원으로 개장하였다. 아담한 규모의 수목원으로, 기묘한 형상의 고목들을 곳곳에 배치한 것이 특징이다. 수목원의 마스코트인 황순원의 소나기 나무, 첫사랑 나무라고도 불리는 500년 된 느티나무와 청괴불나무, 삼각소나무, 연필향나무, 금목서&은목서 등 약 50여 종의 희귀목을 보유하고 있다. 매년 새로운 꽃을 추가적으로 식재하여 다양한 꽃들을 볼 수 있다. 또한, 사계절에는 각기 다른 꽃들이 만개한다. 봄에는 개나리, 진달래, 벚꽃이 피고, 여름에는 백합, 산나리꽃, 목화꽃이, 가을에는 천일홍, 백일홍, 금목서, 은목서, 단풍이, 겨울에는 동백나무꽃, 납매를 볼 수 있어 사계절 꽃 속에서 커피 한 잔과 함께 힐링을 느낄 수 있는 곳이다.",,"인스타그램 <a href=""https://www.instagram.com/dal_bid/"" target=""_blank"" title=""새창 : 달빛소리 수목원 인스타그램으로 이동"">https://www.instagram.com/dal_bid/</a><br>블로그 <a href=""https://blog.naver.com/dal90651"" target=""_blank"" title=""새창 : 달빛소리 수목원 블로그로 이동"">https://blog.naver.com/dal90651</a>",일부구역 동반가능,전 견종 동반 가능,목줄 착용,"- 수목원 내 카페 실내 좌석 동반불가
- 맹견의 경우, 입마개 착용 필수
- 배변봉투 지참 및 배변처리 필수",,10:30~19:00,"매주 월요일 <br>※ 단, 월요일이 임시공휴일인 경우 정상운영",가능
126838,뿌리공원,대전광역시 중구 뿌리공원로 79 뿌리공원,12,대전광역시,36.2845065219,127.3864280203,http://tong.visitkorea.or.kr/cms/resource/87/3569387_image2_1.jpg,"뿌리공원은 대전광역시 중구 침산동 일원에 성씨를 상징하는 조형물 및 한국족보박물관, 각종 편의시설을 갖추고 있으며 효를 주제로 1997년 11월 1일 개장한 테마공원이다. 충효사상 및 주인정신을 함양시키는 교육공원이면서 가족 단위의 다양한 이벤트 행사가 마련된 가족친화 공원이자 천혜의 자연경관을 배경으로 한 도심 속의 자연공원으로서의 특색을 잘 나타내고 있다. 자신의 뿌리를 되찾을 수 있는 성씨별 조형물과 사신도 및 12지지를 형상화한 뿌리 깊은 샘물, 각종 행사를 할 수 있는 수변무대, 공원 중심에 자리 잡은 잔디광장과 공원을 한눈에 바라볼 수 있는 전망대, 팔각 정자뿐만 아니라 산림욕장, 효문화정원, 힐링쉼터 등 다양한 시설이 갖추어져 있다.",,"<a href=""https://www.djjunggu.go.kr/hyo/sub03_01_01.do"" target=""_blank"" title=""새창 : 뿌리공원 홈페이지로 이동"">https://www.djjunggu.go.kr/hyo/</a>",전구역 동반가능,전 견종 동반 가능,목줄 착용,"- 맹견의 경우, 입마개 착용 필수
- 배변봉투 지참 및 배변처리 필수",,"[하절기(3월~10월)]<br>
05:00~23:00<br>
[동절기(11월~2월)]<br>
06:00~22:00<br>
※ 자세한 사항은 홈페이지 참조",연중무휴,가능
1115042,봉화산(서울),서울특별시 중랑구 묵동,12,서울특별시,37.608354116,127.0870155001,http://tong.visitkorea.or.kr/cms/resource/23/3573123_image2_1.jpg,"봉화산은 서울의 동북부 외곽인 중랑구 상봉동, 중화동, 묵동, 신내동에 접해 있으며, 정상까지 높이는 160.1m로 평지에 돌출된 독립 구릉이다. 동쪽에 아차산 주 능선이 있는 것을 제외하고는 북쪽으로 불암산, 도봉산과 양주 일대까지 잘 조망되며, 서쪽과 남쪽으로도 높은 산이 없어 남산과 이남 지역도 잘 보이는 지역이다. 
봉화산은 일명 ‘봉우재’라고 불리는데, 1963년 1월 1일 경기도에서 서울시로 편입되었다. 이곳은 북쪽 양주의 한이산에서 연락을 받아 목멱산(남산)으로 전달하는 아차산 봉수대가 있던 곳으로, 지난 1994년 11월 7일 봉수대를 복원하였다.
봉화산 정상에서 약간 남쪽에 봉화산 도당인 산신각이 있으며, 약 400년 전에 주민들이 도당굿과 산신제를 지내던 곳이기도 하다. 현재 산신각은 1992년 여름에 일어난 화재로 소실되어 지금은 붉은 벽돌과 시멘트로 지은 새 건물이 들어서 있다.",,"<a href=""https://www.jungnang.go.kr/portal/main/contents.do?menuNo=200596""target=""_blank"" title=""새창: 중랑구청 홈페이지로 이동"">https://www.jungnang.go.kr</a>",전구역 동반가능,전 견동 동반 가능,목줄 착용,"- 맹견의 경우, 입마개 착용 필수
- 배변봉투 지참 및 배변처리 필수",,상시 개방,연중무휴,가능
2381567,문탠로드,부산광역시 해운대구 달맞이길 120,28,부산광역시,35.1574970351,129.1756010591,http://tong.visitkorea.or.kr/cms/resource/35/3575935_image2_1.jpg,"문탠로드는 해운대 달맞이고개에 위치해 있으며, 달빛을 받으며 가볍게 걷는 길 이란 뜻의 산책로이다. 꽃잠길, 가온길, 바투길, 함께길, 만남길의 다섯 개 테마로 이루어져 있으며, 약 1~2시간 정도 소요된다. 문탠로드를 걷는 동안 바다전망대, 체육공원, 달맞이어울마당, 해월정 등을 볼 수 있다. 문탠로드의 또다른 매력은 숲속 산책길을 걷고 있지만 옆으로는 푸른 바다가 끝없이 펼쳐진다는 것이다. 걷는 중간중간 전망대로 나가 마주하는 부산 앞바다가 쌓였던 스트레스를 날려준다.",,"<a href=""https://www.visitbusan.net/kr/index.do?menuCd=DOM_000000202004001000&uc_seq=283&lang_cd=ko""target=""_blank"" title=""새창: 비짓부산 문탠로드 페이지로 이동"">https://www.visitbusan.net/kr/</a>",전구역 동반가능,전 견종 동반 가능,목줄 착용,"- 맹견의 경우, 입마개 착용 필수
- 배변봉투 지참 및 배변처리 필수",,상시 개방,연중무휴,가능
125653,직탕폭포 (한탄강 유네스코 세계지질공원),강원특별자치도 철원군 동송읍 장흥리,12,강원특별자치도,38.2097567004,127.2659177854,http://tong.visitkorea.or.kr/cms/resource/37/3575437_image2_1.jpg,"직탕폭포(直湯瀑布)는 한탄강 본류에 위치한 폭포로 편평한 현무암 위에 형성되어 우리나라의 다른 폭포들과는 달리 하천면을 따라 넓게 펼쳐져 있는 모습을 하고 있다. 직탕폭포는 용암이 겹겹이 식어 굳어진 현무암 위로 오랫동안 물이 흐르면서 풍화와 침식작용을 받는 과정에서 현무암의 주상절리를 따라 떨어져 나감으로써 계단 모양의 폭포가 형성된 것으로 높이는 약 3m에 불과하지만 너비는 약 80여 m다. 직탕폭포를 이루고 있는 암석은 신생대 제4기에 만들어진 현무암으로 형성 시기는 54만 년 전에서 12만 년 전 사이로 추정되고 있다. 이 암석은 서울과 원산을 잇는 추가령구조곡 하부의 연약한 지점을 따라 솟아오른 용암이 흘러내려와 굳어진 것으로 철원 용암대지를 구성하고 있는 현무암의 일부이다.

(출처 : 한탄강지질공원 홈페이지)",,"<a href=""http://www.hantangeopark.kr/bbs/content.php?co_id=sight_01_03""target=""_blank"" title=""새창: 한탄강지질공원으로 이동"">http://www.hantangeopark.kr/</a>",일부구역 동반가능,전 견종 동반 가능,"입마개 착용,목줄 착용,기타","- 주상절리길, 계곡입수 불가
- 맹견의 경우, 입마개 착용 필수
- 배변봉투 지참 및 배변처리 필수",,상시 개방,연중무휴,
264353,인사동,서울특별시 종로구 인사동길 62 (관훈동),12,서울특별시,37.5754616322,126.9835230884,http://tong.visitkorea.or.kr/cms/resource/03/3412103_image2_1.JPG,"인사동은 도심 속에서 낡지만 귀중한 전통의 물건들이 교류되는 소중한 공간이다. 인사동에는 큰 대로를 중심으로 사이사이 골목들이 미로처럼 얽혀 있다. 이 미로 속에는 화랑, 전통공예점, 고미술점, 전통찻집, 전통음식점, 카페 등이 밀집되어 있다. 특히 인사동의 가게들은 저마다의 독특한 멋으로 젊은이들은 물론 중년층에게까지 매우 인기가 많다. 그중에서도 화랑은 인사동의 맥을 이어온 중심이다. 이곳에는 100여 개의 화랑이 밀집되어 있는데 한국화에서 판화, 조각전까지 다양한 전시회를 감상할 수 있다. 대표적인 화랑으로는 민중미술의 중심역할을 했던 학고재, 재능 있는 작가들의 터전이 되었던 가나화랑, 가나아트센터 등이 있다. 만약 인사동의 유명한 화랑만을 골라서 편하게 구경하고 싶다면 미술관 순화버스를 이용해 보자. 저렴한 가격으로 유명 화랑 10여 곳을 둘러볼 수 있다. 화랑과 함께 인사동 거리를 메우고 있는 것은 바로 전통 찻집과 음식점이다. 처음에는 찾기가 힘들지만, 산책하듯이 천천히 골목골목을 둘러보면 매우 재미있다. 인사동은 매주 토, 일요일마다 차 없는 거리로 지정되어 시민과 함께 하는 문화공간으로 다시 태어났다. 이날은 기존 가게는 물론 거리에는 전통공연과 전시는 물론 엿장수, 사주와 궁합을 보는 할아버지가 함께 한다. 이 속에서 즐거움을 찾는 이들은 바로 각국에서 몰려든 외국인들이다. 한국의 전통문화를 보기 위해 찾아든 외국인 관광객들은 전통가게에서 고물건을 보거나 고미술을 산다. 그리고 거리에 있는 엿을 사고 전통 파전을 먹는다. 도심에서 느끼는 전통의 멋에 빠진 외국인들의 모습도 많이 볼 수 있다.",,"<a href=""http://www.hiinsa.com/index.php"" target=""_blank"" title=""새창: 인사동 홈페이지로 이동"">http://www.hiinsa.com/index.php</a>",일부구역 동반가능,전 견종 동반 가능,목줄 착용,"- 맹견의 경우, 입마개 착용 필수
- 배변봉투 지참 및 배변처리 필수",,상시 개방,연중무휴,가능
1607440,금강사(부산),부산광역시 동래구 우장춘로 211 (온천동),12,부산광역시,35.2250098725,129.0771855435,http://tong.visitkorea.or.kr/cms/resource/14/3561514_image2_1.jpg,"금강사는 대승불교의 금강반야 정신을 실천 수행하는 사찰로, 1951년 월명법사가 창건했다. 그 후 일붕 경보대종사께서 이곳에서 안거했으며 역경, 포교, 도제, 국제불교포교, 교육도량, 전법의 초지 가람이었다.
1964년부터 개산 혜성선사가 금강사에서 도량을 승계하고 중흥불사를 계속하여 국제 불교포교의 근본도량으로 세계속에 알려진 사찰이 되었다. 금강사는 금정산 남쪽 기슭 명당에 자리했으며 많은 고승들이 은거 수행하여 온 비산비야의 수행처이기도 하다. 금강사는 주변 환경이 아름답기로 유명하다. 일주문을 들어서면 노송들이 자욱하고 솔밭향기로 가득하며, 대중문화가 함께하고 있는 차밭골 문화가 있어 시민들이 차 한잔을 하면서 쉬어 갈 수 있는 운치 있는 사찰이다.",,"<a href=""http://www.kumkangsa.or.kr/"" target=""_blank"" title=""새창 : 금강사 홈페이지로 이동"">http://www.kumkangsa.or.kr/</a>",일부구역 동반가능,전 견종 동반 가능,목줄 착용,"- 맹견의 경우, 입마개 착용 필수
- 배변봉투 지참 및 배변처리 필수",,10:00~17:00,연중무휴,
1021339,서래마을,서울특별시 서초구 반포동,12,서울특별시,37.49785147,126.9983156029,http://tong.visitkorea.or.kr/cms/resource/59/3571659_image2_1.jpg,"‘마을 앞의 개울이 서리서리 굽이쳐 흐른다’는 의미의 서래마을은 프랑스풍의 다양한 레스토랑과 카페, 와인바, 상점들을 만나볼 수 있는 곳이다. 1985년 주한 프랑스학교가 이곳으로 이전하면서부터 서래마을이 프랑스인들의 거주지역으로 자리 잡게 되고, 자연스럽게 글로벌 빌리지가 세워짐에 따라 다른 여러 나라 외국인들도 서래마을을 자신들의 거주지로 선택게 되었다. 서래마을 거리로 들어가면 서울 프랑스 학교를 찾아볼 수 있다. 불어로 Attention Ecole(학교 앞 주의)이라고 쓰인 도로 표지판이 눈길을 끈다.",,"<a href=""https://korean.visitseoul.net/area/%EC%84%9C%EB%9E%98%EB%A7%88%EC%9D%84/KOP011082"" target=""_blank"" title=""새창 : 비짓서울 홈페이지로 이동"">https://korean.visitseoul.net</a>",전구역 동반가능,전 견종 동반 가능,목줄 착용,"- 맹견의 경우, 입마개 착용 필수
- 배변봉투 지참 및 배변처리 필수",,"상시 개방<br>※ 단, 매장 이용 시 매장 별로 상이할 수 있음","연중무휴<br>※ 단, 매장 이용 시 매장 별로 상이할 수 있음",
2763838,서희테마파크,경기도 이천시 부발읍 무촌로18번길 130,12,경기도,37.2769663601,127.4820002003,,"경기도 이천시 부발읍에 있는 고려 시대 서희를 주제로 한 테마공원이다. 청소년들이 할 수 있는 역사 체험과 전시관, 체험관, 영상관, 추모관으로 구성한 복합문화공간이다. 서희 역사 산책로에는 국내 유명 조각가들이 인연의 시작, 서희의 성장, 여요 전쟁, 영웅의 활약 4단계의 이야기로 나누어 제작하여 설치한 조형 작품이 있어 산책로를 거닐며 감상할 수 있다.",,"<a href=""https://www.ggtour.or.kr/travel-info/tourism-info/725e845f-746a-11ee-b910-0242ac120002"" target=""_blank"" title=""새창 : 경기관광 사이트로 이동"">https://www.ggtour.or.kr/main</a>",전구역 동반가능,전 견종 동반 가능,목줄 착용,"- 실내는 동반불가
- 맹견의 경우, 입마개 착용 필수
- 배변봉투 지참 및 배변처리 필수",,00:00~24:00,연중무휴,가능
2654601,화랑대 철도공원,서울특별시 노원구 화랑로 608 (공릉동),12,서울특별시,37.6245051267,127.0931061506,http://tong.visitkorea.or.kr/cms/resource/16/3573216_image2_1.jpg,"서울의 마지막 간이역이던 옛 화랑대역이 화랑대 철도공원으로 재탄생했다. 1939년 경춘선 개통 후 2010년 운행이 중단된 경춘선 철로구간을 공원으로 꾸민 곳으로, 기존 폐선을 걷어내지 않고 그대로 살려 옛 경춘선의 추억도 살리고 산책로도 제공하는 낭만적인 공간으로 탈바꿈되었다. 폐노선에는 1950년대의 미카열차와 협궤열차, 그리고 체코와 일본 히로시마의 노면전차까지 실물 기차가 곳곳에 전시되어 있어 사진 애호가에게는 단골 출사지로, 지역 주민들에게는 호젓한 산책 공간으로 사랑받고 있다. 공원 내의 구 화랑대역은 전시관으로 조성되어 역사의 구조와 연대기, 경춘선의 역사를 디지털 화면으로 볼 수 있으며, 승차권 매표소, 철제 책상, 추억의 열차 공간이 아날로그의 정취를 더한다.",,,일부구역 동반가능,전 견종 동반 가능,목줄 착용,"- 철도박물관 및 카페는 동반 불가
- 타임뮤지엄은 이동장(켄넬) 및 반려동물 유모차 탑승 필수
- 맹견의 경우, 입마개 착용 필수
- 배변봉투 지참 및 배변처리 필수",,상시 개방,연중무휴,가능
2603494,양림동 펭귄마을공예거리,광주광역시 남구 백서로 92-8 (양림동),12,광주광역시,35.1402200475,126.9162912532,http://tong.visitkorea.or.kr/cms/resource/60/3351460_image2_1.jpg,"양림동 펭귄마을공예거리는 양림동 주민 센터 뒤에 펭귄 모양의 이정표를 따라 좁은 골목길을 들어가면 70·80년대 마을이 전시장으로 변모한 곳으로 무릎이 불편한 어르신이 뒤뚱뒤뚱 걷는 모습이 펭귄 같다고 하여 이름 지어진 마을이다. 마을 주민들은 과거에 화재로 타 방치되어 있던 빈집을 치우고 버려진 물건을 가져와 동네 벽에 전시하기 시작했으며, 마을 담벼락에는 “그때 그 시절 살아있음에 감사하자”라고 새겨 놓았다. 최승효 가옥, 우일사 선교사 사택, 오웬 기념각 등의 역사 문화도 보유하고 있다. 마을 한가운데 있는 펭귄 주막은 주민들의 사랑방, 조그맣지만 필요한 물건들이 다 있다. 가죽 공방, 섬유 공방, 목공방 등 다채로운 공방들이 공예 거리에 입주해 있어서 예쁜 공예품을 구매하거나 근대와 현대가 공존하는 레트로 감성의 업사이클링 공예체험도 가능하다.",,"<a href=""https://www.instagram.com/yanglim_craft_street/""target=""_blank"" title=""새창 : 공식 인스타그램 이동"">https://www.instagram.com/yanglim_craft_street/</a>",전구역 동반가능,전 견종 동반 가능,목줄 착용,"- 맹견의 경우, 입마개 착용 필수
- 인식표 착용 필수
- 배변봉투 지참 및 배변처리 필수",,10:00~18:00,매주 월요일,가능 (양림역사문화마을제1공영주차장)
1199931,조종천계곡,경기도 가평군 상면 덕현리,12,경기도,37.7555540569,127.4136176174,http://tong.visitkorea.or.kr/cms/resource/39/3563439_image2_1.jpg,"경기 가평군 상면 덕현리의 조종천 계곡은 운악산과 명지산에서 흘러내려온 물이 합쳐져 남쪽의 북한강 청평댐으로 흘러들어 가는 계곡이다. 조종천 계곡은 포천과 가평 사이에 있는 계곡으로 조종천은 우리나라 하천 중에서 맑기로 유명한 곳이다. 계곡의 폭이 넓고 수량도 풍부하며 수심도 깊은 곳과 얕은 곳이 있어 어른이나 아이들 모두 물놀이하기 좋다. 그러나 바닥이 미끄럽고 돌이 많아 아쿠아슈즈를 신고 물놀이를 하는 것이 좋고 유속이 빠르거나 갑자기 깊어지기도 하니 구명조끼를 입고 안전하게 물놀이를 해야 한다.
여름철에는 사람들이 많이 찾는 곳이라 가평군에서 관리자가 나와 있어 하천변에서 구명조끼를 무료로 대여해 주고 정기적으로 안내방송도 하고 있다. 그늘이 많지 않아 천변 위쪽에는 평상이 늘어져 있고 하천변에서 작은 그늘막을 이용하기도 한다. 물이 맑고 깨끗해 다양하고 많은 어류가 서식하고 있어 견지낚시를 하기도 하고 다슬기도 서식하고 있어 다슬기 잡기도 해 보며 아이들과 함께 자연학습의 장으로도 손색이 없다.",,"<a href=""https://www.gptour.go.kr/tour/tour_view.jsp?menu=tour&submenu=main&paramidx=TL0000085"" target=""_blank"" title=""새창 : 가평군 문화관광 홈페이지로 이동"">https://www.gptour.go.kr</a>",일부구역 동반가능,,,"동반가능(단, 개목줄 착용, 배설물 처리를 위한 비닐봉지 등을 구비한 이용객에 한하여 허용)",,상시 개방,연중무휴,가능
1626156,정읍 구절초 지방정원,전북특별자치도 정읍시 산내면 청정로 926-65,12,전북특별자치도,35.5543138198,127.0189105512,http://tong.visitkorea.or.kr/cms/resource/67/3573567_image2_1.jpg,"정읍 구절초 지방정원은 옛날부터 망경대(望景臺)라 불리던 곳으로, 2003년 체육공원으로 조성되었다가 2006년에 구절초 테마공원으로 재탄생되었다. 현재는 ‘전라북도 제1호 지방정원’으로 지정되며 명칭이 바뀌었고 산책로와 광장, 출렁다리 등 즐길 거리가 더욱 풍부해졌다. 수려한 경관을 지닌 옥정호의 최상류 전체 12㏊의 공원면적 중 약 5㏊의 면적에 구절초가 자생하고 있다. 인근 도시민의 편안한 산책 및 휴식처로 사랑받고 있으며 ‘솔숲 구절초와 함께하는 슬로투어(slow tour)’ 콘셉트에 부합하는 자연 친화적인 공원 분위기로 전국적인 출사 명소·여행 명소로 자리 잡았다.",,"<a href=""https://www.jeongeup.go.kr/culture/index.jeongeup?menuCd=DOM_000000601009011000""target=""_blank"" title=""새창: 정읍문화관광"">https://www.jeongeup.go.kr</a>",전구역 동반가능,전 견종 동반 가능,목줄 착용,"- 맹견의 경우, 입마개 착용 필수
- 배변봉투 지참 및 배변처리 필수",,09:00~18:00,연중무휴,가능
2602774,쉼한모금,제주특별자치도 서귀포시 산록남로 1258 (색달동),12,제주특별자치도,33.2937431939,126.4224782273,http://tong.visitkorea.or.kr/cms/resource/36/3391736_image2_1.jpg,"제주다원 쉼한모금은 한라산 해발 500m 청정 지역인 제 2산록도로 1115번 도로상에 위치하고 있어 4계절 내내 멋진 제주의 풍광을 감상할 수 있으며 방문객에게는 녹차와 커피 다식을 제공한다. 서쪽으로는 서귀포 문섬과 범섬, 월드컵경기장과 남쪽으로는 국제 컨벤션센터와 여미지식물원을 포함한 중문관광단지가 한눈에 내려다 보이고 수평선 아래로 대한민국 최남단인 마라도와 가파도 보이며 서남부지역으로는 우보악오름, 군산, 산방산, 단산, 모슬봉 등이 굽이치듯 대자연의 파노라마를 연출하여 가슴 시원한 전망을 즐길 수 있다.

(출처 : 제주관광공사 홈페이지)",,"<a href=""https://www.visitjeju.net/u/El5""target=""_blank"" title=""새창: 비짓제주"">www.visitjeju.net</a>",전구역 동반가능,전 견종 동반 가능,목줄 착용,"- 맹견의 경우, 입마개 착용 필수
- 배변봉투 지참 및 배변처리 필수",,"[하절기(2월~10월)]<br>
- 09:30~18:00<br>
[동절기(11월~1월)]<br>
- 09:30~18:00 (입장 마감 17:30)",연중무휴,가능
2704456,노리매공원,제주특별자치도 서귀포시 대정읍 중산간서로 2260-15,12,제주특별자치도,33.2825728584,126.2873513183,http://tong.visitkorea.or.kr/cms/resource/86/3390386_image2_1.jpg,"노리매는 순우리말 '놀이'와 매화의 '매'가 합쳐져 만들어진 이름으로 자연 속에서 현대적 감성을 즐길 수 있는 자연공원이다. 수선화, 매화, 목련, 작약, 동백, 조팝나무 등 다양한 꽃과 나무들이 사시사철 화사한 자연을 만끽할 수 있고, 투박한 제주의 돌과 인공 폭포, 인공 호수 등은 자연과 사람이 만든 조형물이 어우러져 감각적인 모습의 공원이다. 인공 연못 한가운데는 해담 홍완표 대목장이 지은 정자가 우뚝 솟아있는데, 특히 저녁 시간에는 석양과 어우러져 신비스러운 분위기를 연출한다. 이 밖에도 자연의 이미지를 현대적으로 해석한 360도 서클비전과 3D영상전시장이 있어 자연과 현대가 공존하는 독특함을 즐길 수 있다. 산책로 곳곳에 생기발랄한 사진 명소가 잘 조성되어 있어 사진 찍기 좋아하는 젊은 층과 가족 단위 여행객이 즐겨 찾는다.

(출처: 비짓제주)",,"<a href=""http://www.norimae.com/""target=""_blank"" title=""홈페이지로 이동"">www.norimae.com</a>",일부구역 동반가능,전 견종 동반 가능,목줄 착용,"- 맹견의 경우, 입마개 착용 필수
- 배변봉투 지참 및 배변처리 필수",,09:00~18:00,연중무휴,가능
3330177,태안기업도시 버베나판타지(가든스퀘어),충청남도 태안군 태안읍 기업도시6길 43,12,충청남도,36.7224490956,126.3387438841,,"태안기업도시 내 가을이벤트로 화려하게 꾸며진 버베나판타지(가든스퀘어)는 22년부터 올해까지 이벤트 규모와 콘텐츠를 지속적으로 확장하고 있는 가을꽃 체험 전시장이다. 약 2만평 규모의 버베나 꽃밭을 배경으로 방문객에게 다양한 이벤트와 특별한 경험을 선사하기 위해 매년 다채로운 행사를 준비하고 있으며, 무료로 개방하고 있다. 태안의 주요 관광지, 해수욕장 및 골프장과 높은 접근성으로 언제나 쉽고 편안하게 힐링을 즐길 수 있는 공간이다.",,"<a href=""https://www.taean.go.kr/prog/tursmCn/tour/sub02_01/view.do?cntno=124"" target=""_blank"" title=""새창 : 태안군 문화관광으로 이동"">https://www.taean.go.kr/tour.do</a>",전구역 동반가능,전 견종 동반 가능,목줄 착용,- 배변봉투 지참 및 배변처리 필수,,,,
126730,순천만습지,전라남도 순천시 순천만길 513-25 (대대동),12,전라남도,34.8854116306,127.5091537988,http://tong.visitkorea.or.kr/cms/resource/96/3573796_image2_1.jpg,,,,일부구역 동반가능,전 견종 동반 가능,기타,"- 순천만습지는 동반 불가
- 주차장 인근 반려견 놀이터 동반 가능",주차장 인근 반려동물 놀이터,"[3~4월, 9~10월]<br>08:00~18:00<br>
[5~8월]<br>08:00~19:00<br>
[11~2월]<br>08:00~17:00<br>
※ 관람 시간은 입장마감으로부터 1시간까지 가능<br>
※ 야간천문대 이용은 계절별 탄력 운영 / 사전 인터넷 접수(프로그램시작 30분 전부터 출구를 통해 입장가능)",매월 마지막 주 월요일,가능
126231,재약산,경상남도 밀양시 단장면 구천리,12,경상남도,35.5209744841,128.9613069263,http://tong.visitkorea.or.kr/cms/resource/76/3573076_image2_1.jpg,"밀양시에 위치한 천년고찰 표충사 뒤에 우뚝 솟은 재약산은 영남알프스 산군 중 하나로 사자평 억새와 습지를 한눈에 볼 수 있으며, 산세가 부드러워 가족 및 친구들과 가볍게 산행할 수 있는 아름다운 명산이다. 인근에 얼음골, 호박소, 표충사, 층층폭포, 금강폭포 등 수많은 명소를 지니고 있어 볼거리가 풍부하며, 수미봉, 사자봉, 능동산, 신불산, 취서산으로 이어지는 억새능선 길은 가을 산행의 멋을 느낄 수 있는 힐링 길이다. 가족과 함께 방문하여 사진을 찍기에도 좋다.",,"<a href=""https://www.miryang.go.kr/tur/EgovTourDetail.do?nmtIdx=37&mnNo=10301020000""target=""_blank"" title=""새창: 밀양관광 홈페이지로 이동"">https://www.miryang.go.kr</a>",전구역 동반가능,전 견종 동반 가능,목줄 착용,"- 맹견의 경우, 입마개 착용 필수
- 배변봉투 지참 및 배변처리 필수",,상시 개방,연중무휴,가능
126027,가지산도립공원(밀양),경상남도 밀양시 산내면,12,경상남도,35.5803348234,128.9804563782,http://tong.visitkorea.or.kr/cms/resource/38/3573038_image2_1.jpg,"경상남도 밀양시 산내면과 울산광역시 울주군 상북면 및 경상북도 청도군 운문면 경계에 있는 산으로, 가지산도립공원은 흔히 영남알프스라 하는 가지산, 영축산 일원과 천성산 등의 일원을 포함하여 1979년 11월에 도립공원으로 지정되었고 전국도립공원 중 그 범위가 넓어서 석남사 및 인접 양산군지구로 나누어진다. 고헌, 가지, 운문, 천황, 간월, 신불, 취서산 등이 일대 산군을 이루며 솟아 있는데 이곳을 영남 알프스라 한다. 가지산과 운문산은 경상남북도의 경계지역으로 가지산이 이러한 산군 중에서 가장 높다. 가지산에는 곳곳에 바위봉과 억새밭이 어우러져 운문산으로 이어지는 산줄기로 능선을 따라 종주할 수 있다. 가을이면 석남고개에서 정상에 이르는 억새밭이 장관을 이루고, 기암괴석과 쌀바위는 등산객의 눈길을 이끈다. 가지산 정상 주변에는 암릉이 많고 나무가 별로 없는 대신 시야가 훤하게 트인다. 바로 앞에 있는 듯한 백운산, 호박처럼 생겼다는 연못 호박소가 있다.",,"<a href=""https://www.miryang.go.kr/tur/EgovTourDetail.do?nmtIdx=38&mnNo=10301010000"" target=""_blank"" title=""새창: 밀양시 문화관광으로 이동"">https://www.miryang.go.kr/</a>",전구역 동반가능,전 견종 동반 가능,목줄 착용,"- 맹견의 경우, 입마개 착용 필수
- 배변봉투 지참 및 배변처리 필수",,"상시 개방<br>
※ 자세한 사항은 전화문의 요망",연중무휴<br>※ 자세한 사항은 전화문의 요망,가능
791089,창원시립진해박물관,경상남도 창원시 진해구 중원동로 52,14,경상남도,35.1490885798,128.6636097699,http://tong.visitkorea.or.kr/cms/resource/17/3572917_image2_1.jpg,"창원시립진해박물관은 1998년 10월 31일 개관하였으며 제황산 공원 내 진해탑 1층과 2층에 전시실, 사무실, 시청각실, 유물창고, 전망탑 등의 시설을 갖추고 있다. 전시실에는 진해의 시대별 변천사, 신석기, 청동기, 삼한·삼국시대 유물, 조선시대 도요지 모형, 진해 고기잡이 모형, 가락국 수로왕과 왕비의 모형, 거북선 모형, 웅천읍성 모형 등이 있고 진해 유적에 관한 영상물도 상영하고 있다. 진해지역 전체를 축소한 모형과 함께 진해의 역사 연대와 시대별 역사를 확인할 수 있으며 진해의 어제와 오늘을 한눈에 알 수 있어 많은 관광객이 찾아오고 있다. 박물관이 있는 제황산공원에는 모노레일을 타고 올라가거나 산책길을 이용하여 올라갈 수 있고 공원 안에 정자, 벤치, 휴게시설들이 잘 갖추어져 있다.",,,일부구역 동반가능,전 견종 동반 가능,목줄 착용,"- 박물관 내부 시설은 동반 불가
- 맹견의 경우, 입마개 착용 필수
- 배변봉투 지참 및 배변처리 필수",,09:00~18:00,매주 월요일 / 1월 1일 / 설·추석 당일,불가능
1626349,팔공산 케이블카,대구광역시 동구 팔공산로185길 51,12,대구광역시,35.9908470255,128.6948699756,http://tong.visitkorea.or.kr/cms/resource/56/3572056_image2_1.jpg,"팔공산케이블카는 경사가 있고 긴 코스이기에 경치를 구경하면서 동시에 스릴도 함께 누릴 수 있다. 정원이 6인승이며, 24대가 40초 간격으로 자동 왕복 순환한다. 케이블카 정상역은 신림봉 꼭대기에 위치하고 있으며, 비로봉 정상에 있는 제천단과 동쪽 갓바위 부처님과 함께 기복신앙의 대표적인 장소이다. 케이블카 정상역은 제천단과 대구월드컵경기장과 일직선상에 위치하며 봉황이 날개를 펴고 날아오르는 형상에서도 몸통의 중심부에 위치하여 풍수지리적으로도 아주 좋은 기운을 가진 곳이다. 케이블카뿐만 아니라 식당, 카페가 있어 식사 등이 가능하며 산책로도 조성되어 있어 케이블카를 탄 후 가볍게 산책을 즐기기 좋다. 이 때문에 가족 단위의 관광객이 많이 방문하는 편이다.",,"<a href=""http://www.palgongcablecar.com/"" target=""_blank"" title=""팔공산 케이블카 사이트로 이동"">http://www.palgongcablecar.com</a>",일부구역 동반가능,이동장(켄넬)에 들어가는 전 견종 동반 가능,이동장(켄넬)사용,"- 반려동물의 몸이 외부에 노출되면 동반 불가
- 팔공산 국립공원은 동반 불가",,※ 월별로 이용 시간이 상이하므로 홈페이지 참조,연중무휴,가능
2938673,태조밥상,전북특별자치도 전주시 완산구 경기전길 122,39,전북특별자치도,35.8140727026,127.1510448536,http://tong.visitkorea.or.kr/cms/resource/73/2938273_image2_1.JPG,"태조밥상은 전주 한옥마을에 있는 애견동반이 가능한 한식 전문점이다. 대표메뉴는 ‘태조밥상’ 한 가지로 메뉴를 고민할 필요가 없다. ‘태조밥상’에 온갖 계절반찬과 제육볶음, 낙지볶음이 함께 나오니 다양하게 즐길 수 있다. 별실로 따로 분리되어 있는 공간도 있다. 8첩 반찬과 함께 푸짐한 한상 차림을 즐길 수 있는 곳으로, 가족이나 단체 방문에도 적합하다.",,,일부구역 동반가능,모든견종,목줄 착용,"실내‧외 전체 동반 가능, 다른 반려동물과 싸우지 않도로 반려인의 주의 필요, 식사 중 배변이나 짖음 등 피해줄 수 있는 행동은 빠르게 조치필요",반려동물 전용 별실,10:30~21:00,매주 월요일,불가능
126322,은파호수공원,전북특별자치도 군산시 은파순환길 9 (나운동),12,전북특별자치도,35.9554014262,126.6890685029,http://tong.visitkorea.or.kr/cms/resource/62/3078662_image2_1.jpg,"해질녘 물결이 반짝이는 아름다운 모습 때문에 ‘은파’라고 불리는 이곳은 조선조 이전에 축조된 것으로 고산자 김정호 선생의 대동여지도에도 표시되어 있는 역사 깊은 곳이다. 미제 저수지를 중심으로 무려 70여만 평에 이르는 광활한 지역 내에 조성한 국민 관광지이다. 은파관광지는 본래 농업용 저수지였으나 저수지를 중심으로 인근의 작은 산들을 포함하여 1985년 국민관광지로 지정되었고, 순환도로가 완공되어 누구나 자동차를 타고 아흔아홉 구비라는 은파관광지의 주변을 모두 구경할 수 있게 되었다. 넓고 잔잔한 호수는 전국체전 때 조정경기장으로 활용되기도 하며, 군산·옥구 출신 독립유공자 충혼탑이 세워진 2만 3천여 평 규모의 만남의 광장에 느티나무 1백여 주를 심어 국민관광지로서 면모를 갖추고 있다. 

은파의 특성과 이미지를 반영한 꽃잎 형태의 분수로 호수와 물빛다리를 연계한 아름답고 환상적인 분수를 연출하고 있다. 분수 형태는 꽃잎 형태로 그 아름다움을 더한다. 물빛다리는 은파저수지에 전해져 오는 ‘중바우 전설’을 배경으로 애기바우, 중바우, 개바우에 대한 설화를 배경으로 형상화하여 자연과 역사문화적 요소의 조형화를 통한 의미 있는 경관을 재현했다. 은파를 가로지르는 다리 위에서 호수에 비친 자연의 모습을 바라보며 여유를 갖고 야간에는 조명으로 연출된 빛의 아름다움을 느낄 수 있어 물과 빛이 우리에게 주는 편안하고 은은한 휴식처를 제공한다.",,"<a href=""https://www.gunsan.go.kr/tour/m2094/view/305372?"" target=""_blank"" title=""새창 : 군산시 문화관광 홈페이지로 이동"">https://www.gunsan.go.kr/tour/</a>",전구역 동반가능,전 견종 동반 가능,목줄 착용,"- 맹견의 경우, 입마개 착용 필수
- 배변봉투 지참 및 배변처리 필수",,상시 개방,연중무휴,가능
126537,북촌한옥마을,서울특별시 종로구 계동길 37 (계동),12,서울특별시,37.5790529392,126.9867060298,http://tong.visitkorea.or.kr/cms/resource/04/3304404_image2_1.jpg,"북촌은 경복궁과 창덕궁, 종묘 사이에 위치한 곳으로 전통한옥이 밀집되어 있는 서울의 대표적인 전통 주거지역이다. 그리고 많은 사적들과 문화재, 민속자료가 있어 도심 속의 거리 박물관이라 불리어지는 곳이기도 하다. 청계천과 종로의 윗동네라는 뜻에서 ‘북촌(North Village)’이라고 이름으로 불리었으며, 가회동과 송현동, 안국동, 그리고 삼청동이 있다. 사간동과 계동, 소격동 그리고 재동에는 역사의 흔적이 동네이름으로 남아 수백 년을 지켜온 곳이기도 하다. 

북촌은 조선시대에 조성된 양반층 주거지로서 1920년대까지 그다지 큰 변화가 없었는데, 1930년대에 서울의 행정구역이 확장되고, 도시구조도 근대적으로 변형되면서 변화가 일어났다. 주택경영회사들이 북촌의 대형 필지와 임야를 매입하여, 그 자리에 중소 규모의 한옥들을 집단적으로 건설하였는데, 현재 한옥들이 밀집되어 있는 가회동 11번지와 31번지, 삼청동 35번지, 계동 135번지의 한옥주거지들이 모두 이 시기에 형성되었다. 대청에 유리문을 달고, 처마에 잇대어 함석 챙을 다는 등, 새로운 재료를 사용한 북촌의 한옥은 전통적인 한옥이 갖고 있는 유형적 성격을 잃지 않으면서, 근대적인 도시조직에 적응하여 새로운 도시주택유형으로 진화했다는 점에 주목할 수 있다. 

북촌 지역이 모두 한옥으로 이루어져 있던 1960년대와 달리, 1990년대 이후 급속하게 들어선 다세대가구 주택 때문에 많은 수의 한옥이 사라졌지만, 일부지역은 양호한 한옥들이 군집을 이룬 채 많이 남아 있다. 여러 채의 한옥이 지붕처마를 잇대고 벽과 벽을 이웃과 함께 사용하고 있는 풍경은 우리가 잊고 살았던 따뜻한 정과 살아갈 맛을 느끼게 해 준다. 북촌 지역을 걷다 보면 이어진 처마선의 아름다운만큼이나 골목길의 정겨움을 느낄 수 있다. 북촌한옥마을이 지속가능한 관광지가 될 수 있도록 침묵관광을 하도록 주의를 요한다.
※ 침묵관광이란 외부 관광객들의 관광지 방문으로 인해 주민들의 생활권과 환경권이 침해받지 않도록 큰 소리로 떠들지 않고 조용히 여행하는 관광형태를 말한다.

※ <strong>북촌마을 방문 시 지켜야 할 ‘에티켓’ </strong>
- 단체관광객 방문 시 반드시 가이드 동행
- 관광버스 불법주차 금지
- 무단 침입, 무단 촬영, 무단 투기, 노상방뇨, 소음 금지
- 마을 방문시간 준수",,"<a href=""https://hanok.seoul.go.kr/front/kor/town/town01.do"" target=""_blank"" title=""새창 : 서울한옥포털로 이동"">http://hanok.seoul.go.kr/</a>",일부구역 동반가능,전 견종 동반 가능,목줄 착용,"- 맹견의 경우, 입마개 착용 필수
- 배변봉투 지참 및 배변처리 필수",,"10:00~17:00<br>
※ 방문 제한시간(특별관리지역(레드존) 방문 금지) : 17:00~익일 10:00",연중무휴,불가능
125870,충주 탄금대,충청북도 충주시 탄금대안길 105 (칠금동),12,충청북도,36.9882989443,127.898312581,http://tong.visitkorea.or.kr/cms/resource/17/3561117_image2_1.JPG,"충주 탄금대는 우리나라 3대 악성 중 하나인 우륵이 가야금을 연주하던 곳이라 하여 탄금대란 명칭이 붙은 곳이며 임진왜란 때 신립장군이 소서행장과 맞서 싸우다 패전하자 투신한 곳으로 역사적 가치가 큰 명소이다. 탄금대는 본래 대문산이라 부르던 야산인데, 기암절벽을 휘감아 돌며 유유히 흐르는 남한강과 울창한 송림으로 경치가 매우 좋은 곳이다. 탄금대란 신라 진흥왕 때 우리나라 3대 악성［樂聖］ 중 하나인 우륵［于勒］이 가야금을 연주하던 곳이라 하여 붙여진 이름이다. 1,400년 전인 신라 진흥왕 때 가야국의 우륵이라는 악사는 조국의 멸망 후에 이곳에 강제로 이주당한 수많은 가야인들 중 한 사람이었다. 당시 우륵은 탄금대 절벽바위를 주거지로 삼고 풍광을 감상하면서 가야금을 타는 것으로 소일했다. 그 오묘한 음률에 젖어들어 사람들이 하나둘 모여 부락을 이루고 그곳을 탄금대라 명명했다. 남한강이 절벽을 따라 휘감아 돌고 울창한 송림이 우거져 있어 경관이 아름답고, 대에서 조망되는 남한강과 계명산, 남산 및 충주 시가지와 넓은 평야지대가 그림같이 펼쳐져 절경을 자아내고 있는 곳이다.",,"충주 문화관광 <a href=""https://www.chungju.go.kr/child/contents.do?key=2335"" target=""_blank"" title=""새창 : 충주시 문화관광 홈페이지로 이동"">https://www.chungju.go.kr</a><br>국가유산청 <a href=""https://www.heritage.go.kr/heri/cul/culSelectDetail.do?ccbaCpno=1353300420000&pageNo=1_1_1_1&sngl=Y"" target=""_blank"" title=""새창 : 몽라브 사이트로 이동"">https://www.heritage.go.kr/</a>",전구역 동반가능,전 견종 동반 가능,목줄 착용,"- 맹견의 경우, 입마개 착용 필수
- 배변봉투 지참 및 배변처리 필수",,상시 개방,연중무휴,가능
3401777,더케이호텔경주,경상북도 경주시 엑스포로 45 (신평동),32,경상북도,35.8370478188,129.2909580639,,"더케이호텔 경주는 아름다운 경주에 위치한 고급 호텔로, 현대적인 시설과 전통적인 한국의 멋이 조화를 이루고 있다. 스탠다드룸부터 스위트룸까지 여러 유형의 객실을 보유하고 있으며, 웰니스 센터를 비롯한 회의실, 수영장, 레스토랑 등 다양한 편의시설을 통해 여행객들에게 편안함을 선사한다. 위치적인 면에서도 역사적인 명소들과 가까워 관광에도 편리하다.",,"<a href=""https://www.thek-hotel.co.kr/gjmh"" target=""_blank"" title=""더케이호텔경주 사이트로 이동"">https://www.thek-hotel.co.kr/gjmh</a>",일부구역 동반가능,일부견종 동반 가능,목줄 착용,"- 25kg 미만 동반 가능
- 일부 객실 동반 가능
- 맹견의 경우, 입마개 착용 필수
- 배변봉투 지참 및 배변처리 필수",,,,가능
822384,북서울꿈의숲,서울특별시 강북구 월계로 173 (번동),12,서울특별시,37.619724251,127.0445440464,http://tong.visitkorea.or.kr/cms/resource/44/3540144_image2_1.jpg,"서울 강북과 도봉 등 6개 구에 둘러싸여 있는 초대형 공원인 북서울꿈의숲은 과거 드림랜드가 있던 자리 68만여㎡에 조성된 녹지공원으로 월드컵공원과 올림픽공원에 이어 서울에서 3번째로 큰 공원이다. 숲이 울창해 아름다운 풍광을 자랑하는 벽오산, 오패산으로 둘러싸여 있는 북서울꿈의숲은 벚꽃길과 단풍숲 등의 생태적 조경 공간, 대형연못인 월영지와 월광폭포 등의 전통경관, 그리고 북한산과 도봉산, 수락산을 한눈에 볼 수 있는 49.7m의 전망대와 다양한 장르의 고품격 문화예술이 일 년 내내 펼쳐지는 꿈의 숲아트센터 등의 공연장과 전시장, 레스토랑, 전망타워 등이 있는 서울을 대표하는 세계적인 공원이다.",,"<a href=""http://parks.seoul.go.kr/template/sub/dreamforest.do"" target=""_blank"" title=""새창 : 서울의 공원 홈페이지로 이동"">http://parks.seoul.go.kr</a>",일부구역 동반가능,전 견종 동반 가능,"입마개 착용,목줄 착용","- 잔디광장 반려견 출입불가
- 청운답원은 동반 불가 
- 맹견 및 대형견의 경우, 입마개 착용 필수
- 배변봉투 지참 및 배변처리 필수",강북구 운영 반려견 놀이터(우측 산 내부),상시 개방,연중무휴,가능 (386대)
1350823,죽화경,전라남도 담양군 봉산면 유산길 73-16,12,전라남도,35.252424843,126.9637620117,http://tong.visitkorea.or.kr/cms/resource/16/3571516_image2_1.jpg,"죽화경은 동양의 대나무, 서양의 장미를 동·서양과 현대와 전통으로 표현하여 조성한 남도 풍경 정원으로 전라남도 제2 민간정원이다. 정원 전체가 하나의 작품으로 주변 풍경과의 조화에 많은 노력을 하였고 태초의 모태라 생각하고 가장 많은 구상과 심혈을 기울였다. 외국 여러 나라에 유명한 정원 작품들이 많이 있지만 죽화경은 이들 작품보다 더 심도 있고 친근하게 다가서기 위해 세계 최초로 장미원에 정원북을 조화시켜 어느 곳에 내놓아도 뒤지지 않을 작품을 선보이게 되었다. 
죽화경은 대나무의 고장 담양의 이미지를 표현하고자 대나무를 소재로 선택하였고 삼각대의 구성은 사람의 기가 모여지는 것을 형상화하여 방문하는 모든 분들께 웃음과 활력을 주려는 의도로 구성했으며, 곧게 솟은 대나무의 강직함과  아름다운 꽃이 서로 조화되게 하였다. 그저 꽃과 나무가 식재되어 있는 단순한 정원이 아닌 시간과 환경과 사람과 함께 변화하고 성장하는 공간의 정원을 만들고 있는 곳이다.
차량 이동 약 20분 거리에 대나무 숲길 죽녹원이 있으며, 메타세쿼이아 길이 1.2㎞ 길이로 조성되어 있고 조선 중기의 대표적인 정원인 소쇄원이 있어 함께 둘러보면 색다른 정원 체험을 느낄 수 있다.",,"<a href=""http://www.bambooflower.co.kr/"" target=""_blank"" title=""죽화경 사이트로 이동"">http://www.bambooflower.co.kr</a>",전구역 동반가능,맹견 및 대형견 제외 동반 가능,목줄 착용,배변봉투 지참 및 배변처리 필수,,09:30~18:00,매주 월요일,가능
2737298,조례호수공원,전라남도 순천시 조례동 1867,12,전라남도,34.9660833446,127.5220339506,http://tong.visitkorea.or.kr/cms/resource/57/2737557_image2_1.JPG,"자연과 문화가 어우러진 조례호수공원에는 호숫가 산책로를 따라 넓은 광장, 분수대, 벤치, 등산로 등이 마련되어 있다. 해마다 문화 페스티벌, 소규모 바자회 등 다양한 행사가 개최되고, 공원 한편에 마련된 작은 도서관인 ‘호수공원으로 나온 도서관’, 바닥분수, 음악분수 등은 순천 시민들의 여가와 건강 증진을 목적으로 도심 속 쉼터 역할을 하는 공원이다. 조례호수공원의 이름은 순천시 조례동에서 유래되었다. 마을의 형국이 조리 모양으로 생겼다는 의미에서 ‘조례’라고 하였다고도 하며, 마을이 남쪽으로 탁 트여서 맑고 환하게 비쳐 밝음으로 예의를 지키고 살 만한 곳이라고 하여 지어진 이름이라고도 한다.",,"<a href=""https://www.suncheon.go.kr/tour/"" target=""_blank"" title=""새창 : 순천문화관광 홈페이지로 이동"">https://www.suncheon.go.kr/tour</a>",일부구역 동반가능,전 견종 동반 가능,목줄 착용,"- 맹견의 경우, 입마개 착용 필수
- 배변봉투 지참 및 배변처리 필수",,상시 개방,연중무휴,가능
125527,청계호수,경기도 포천시 일동면 기산리,12,경기도,37.9416560415,127.3403160901,http://tong.visitkorea.or.kr/cms/resource/83/3519783_image2_1.jpg,"청계호수는 경기 포천시 일동면 기산리에 위치한 호수이다. 서울에서 가까운 거리로 각지의 관광객이 많이 찾고 있다. 예전에는 기산저수지로 불렸으며, 포천 깊숙한 곳에 있는 곳이라 맑은 호수와 산의 전경이 아름답고, 특히 가을 단풍과 호수에 일렁이는 조화는 가히 장관을 이룬다. 수변공원 주차장에 무료로 주차 가능하며 공간도 여유 있고, 화장실도 이용할 수 있다. 청계호수 주변으로 데크가 설치되어 있고 곳곳에 벤치도 있어 산책하기 좋다. 데크로 된 호수 주변 길을 걷다 구름다리를 건너면 청계 저수지 둘레길이 나오고, 본격적으로 산길을 진입하게 되는데 곳곳에 자작나무가 심어져 있고, 맑은 호수 물속에는 커다란 물고기들과 수초를 볼 수 있다. 호수와 나무가 어우러진 뷰를 보며 한적하게 힐링할 수 있는 곳으로 단연 최고이다.",031-832-2181,,전구역 동반가능,전 견종 동반 가능,목줄 착용,"- 맹견의 경우, 입마개 착용 필수
- 배변봉투 지참 및 배변처리 필수",,상시 개방,연중무휴,가능
125492,백운계곡 (한탄강 유네스코 세계지질공원),경기도 포천시 이동면 도평리 35,12,경기도,38.0678566089,127.4162165487,http://tong.visitkorea.or.kr/cms/resource/97/3539797_image2_1.jpg,"백운산 기슭에 위치한 백운계곡은 광덕산과 백운산 정상에서 서쪽으로 흘러내리는 맑고 깨끗한 물이 모여 이룬 골짜기이다. 계곡의 길이는 약 10㎞이며, 연못과 기암괴석이 한데 어울려 아름다움을 빚어내고 있다. 백운계곡은 여름에도 얼음처럼 차고 맑은 물이 흘러 구름 가운데 신선이 앉았다 하여 붙여진 이름이다. 백운계곡의 입구에는 천년고찰인 흥룡사가 있으며, 상류에는 높이 30m의 금광폭포가 위치해 있습니다.
백운계곡에서 주로 관찰되는 암석은 중생대 쥐라기 화강암으로 구조운동으로 인해 단층을 비롯한 다양한 지질구조를 관찰할 수 있다. 계곡에는 화강암을 관입한 암맥이 관찰되며, 이 암맥이 서로 어긋나 있는 등의 단층의 흔적을 볼 수 있다. 또한 백운계곡의 상류에는 수직 및 수평방향의 절리들이 발달해 있는 것을 알 수 있다. 이러한 지질구조 외에도 계곡 하천의 침식에 의해 작은 소와 폭포가 발달해 있어 경관적으로 뛰어난 명소이다.

(출처 : 한탄강지질공원)",,"<a href=""https://www.hantangeopark.kr/bbs/content.php?co_id=sight_02_08"" target=""_blank"" title=""새창 : 한탄강지질공원 홈페이지로 이동"">https://www.hantangeopark.kr</a>",일부구역 동반가능,전 견종 동반 가능,목줄 착용,"- 맹견의 경우, 입마개 착용 필수
- 배변봉투 지참 및 배변처리 필수",,상시 개방,연중무휴,가능
128197,배내골(울산),울산광역시 울주군 상북면 이천리,12,울산광역시,35.5331129203,129.0104800665,http://tong.visitkorea.or.kr/cms/resource/82/3077982_image2_1.bmp,"울주군 상북면과 양산시 원동면에 걸쳐있는 배내골은 영남 알프스라 불리고 있는 가지산 높은 봉우리들에 둘러싸여 있으며 산자락을 타고 흘러내리는 1급 청정수가 모여 한 폭의 그림을 연상케 하는 곳이다. 맑은 개울 옆으로 야생 배나무가 많이 자란다고 하여 배내골이라 한다는 이곳은 고지대 사이에 끼어 있는 긴 골짜기이기 때문에 일조량이 다른 곳보다 2시간 이상이나 짧고 맑은 계곡물이 계속 흘러내려 여름에도 냉기가 감돈다. 계곡의 아름다운 모습과 고로쇠 수액이 나는 곳으로 알려지면서 이곳을 찾는 관광객들이 많아졌다. 배내골계곡은 상수도 보호 구역으로 지정되어 있으며, 수심이 깊은 웅덩이와 급류 지역이 많아 물놀이와 취사 행위가 일절 금지되어 있다.",,"<a href=""https://tour.ulsan.go.kr/kor/unit/attrctn/view.ulsan?mId=001002001000000000&unqId=18"" target=""_blank"" title=""새창 : 홈페이지로 이동"">https://tour.ulsan.go.kr/kor/main.ulsan</a>",전구역 동반가능,전 견종 동반 가능,목줄 착용,"- 맹견의 경우, 입마개 착용 필수
- 배변봉투 지참 및 배변처리 필수",,상시 개방,연중무휴,가능<br>요금 (무료)
3043298,명선도,울산광역시 울주군 서생면 진하리,12,울산광역시,35.3859413693,129.3507294877,http://tong.visitkorea.or.kr/cms/resource/09/3534609_image2_1.jpg,"울주군의 서생면 진하리에 위치한 섬으로 진하해수욕장 팔각정 전면에 위치한 무인도이다. 명선도는 본래 명선도(鳴蟬島)라고 불렀는데 매미가 많이 울어 유래한 지명이다. 일설에는 불모의 섬을 뜻하는 맨 섬이 매미로 변하면서 훈차한 이름이라고도 한다. 현재는 신선이 내려와 놀았던 섬이라고 하여 명선도(名仙島)로 부르고 있다.
명선도는 밤이 되면 주변의 자연환경과 요소들을 이용한 미디어아트와 화려한 조명 연출로 낮과는 다른 환상적인 공간으로 탈바꿈한다. 바닷물이 넘실대는 연출이나 폭포가 암석을 타고 흘러내리는 미디어아트와 색색의 조명을 이용한 연출들로 마치 영화 아바타의 판도라섬에 와 있는 듯한 착각에 빠지게 한다.
물때에 맞춰 진입로에 설치된 간이 부교를 통해 섬 안으로 들어갈 수 있으며 섬 안은 지정된 산책로 외 출입이 금지되며 야간 출입은 유의해야 한다. 물때 시간은 전화로 문의하거나 강양항 물때표를 참조하면 된다. 명선도 주변은 마을 공동어장으로 어업활동이 금지되어 있다.",,"<a href=""https://www.ulju.ulsan.kr/tour/travel/travel/7/63"" target=""_blank"" title=""새창 : 울주관광 홈페이지로 이동"">https://www.ulju.ulsan.kr/tour</a>",전구역 동반가능,전 견종 동반 가능,목줄 착용,"- 맹견의 경우, 입마개 착용 필수
- 배변봉투 지참 및 배변처리 필수",,"- 간절기(3월 / 4월 / 9월) 19:00~22:00 (입장마감 21:30)<br>
- 하절기(5월~8월) 19:30~23:00 (입장마감 22:30)<br>
- 동절기(10월~2월) 18:00~22:00 (입장마감 21:30)",매주 월요일 / 물때와 기상상황에 따라 섬 출입이 불가한 날,불가능
127846,천황산,경상남도 밀양시 단장면,12,경상남도,35.5576011195,128.9722355087,http://tong.visitkorea.or.kr/cms/resource/11/3337611_image2_1.jpg,"높이 1,189m의 천황산(주봉 사자봉)은 산세가 부드러우면서도 정상 일대에는 거대한 암벽을 갖추고 있어 험해 보이기도 한다. 남쪽 5㎞ 부근에 솟아 있는 재약산과 맥이 이어져 있다. 천황산은 산세가 수려하여 삼남금강(三南金剛)이라 부르며, 인근 일대의 해발고도 1,000m 이상의 준봉들로 이루어진 영남알프스 산군(山郡)에 속하는 산이다. 산세는 부드러운 편이나 정상 일대에는 거대한 암벽을 갖추고 있다. 수미봉·사자봉·능동산·신불산·취서산으로 이어지는 능선은 드넓은 억새평원으로 가을철 환상적인 억새물결이 장관을 이루는 명소이기도 하다.",,"<a title=""새창: 밀양시청 홈페이지로 이동"" href=""https://www.miryang.go.kr/tur/EgovTourDetail.do?nmtIdx=36&mnNo=10301030000"" target=""_blank"">https://www.miryang.go.kr/</a>",전구역 동반가능,전 견종 동반 가능,목줄 착용,"- 맹견의 경우, 입마개 착용 필수
- 배변봉투 지참 및 배변처리 필수",,,,
128207,신불산군립공원,"울산광역시 울주군 상북면 , 삼남면",12,울산광역시,35.5598579998,129.057097467,,"신불산 군립공원은 울주군 상북면과 삼남면 일대에 위치하고 있으며 경관이 아름답기가 유럽의 알프스와 같다 하여 영남 알프스로 알려진 신불산,  간월산, 영취산 간의 등산코스가 펼쳐져 있어 등산객들의 발길이 이어지고 있다. 국내 최대  온천 위락시설단지인 등억온천이 가까이 위치하고 있어, 등산 뒤 흘린 땀을 씻어내리는 즐거움을 같이 할 수 있다. 신불산 깊은 계곡을 오르면 구름  덮인 단조봉에서 한줄기 청수가  흘러 폭포를 이루고 있는데, 단아한 절벽에서 떨어지는 폭포의 절경은 바라보는 사람의 가슴을 시원하게 틔워준다. 이 곳이 바로 신불산의 명소 중의 하나인 홍류폭포이다. 

울주 지명유래에 보면 홍류폭포는 단조성안의 정천에서 시작된다.  구름 덮인 단조봉에서   한폭의 청수가 흘러 폭포가 시작된다' 라고 적고 있다. 산 정상 부근에는 산성이 있고,  신불산 정상의 가을 억새  풍광은 보는 사람들로 하여금 탄성을 절로 나오게 한다. 신불산(神佛山)의 신자는 신성지라는 뜻의 성산을 의미하고 불자는 부처를 말하거나 성읍이나 도시를 말하는 것이라 하겠다. 또 신불산은 왕뱅, 왕방이라 하는데 모두 왕봉을 말하는 곳으로 산꼭대기에 묘를 쓰면 역적이 난다는 말이 전해지고 있다.",,"<a href=""https://tour.ulsan.go.kr/kor/unit/attrctn/view.ulsan?mId=001002001000000000&unqId=3""target=""_blank"" title=""새창: 비짓울산 홈페이지로 이동"">https://tour.ulsan.go.kr/</a>",전구역 동반가능,전 견종 동반 가능,목줄 착용,"- 맹견의 경우, 입마개 착용 필수
- 배변봉투 지참 및 배변처리 필수",,,연중무휴,가능
2736417,문수산,경기도 김포시 월곶면 문수산로 90-19,12,경기도,37.7391402124,126.53890633,http://tong.visitkorea.or.kr/cms/resource/77/3362477_image2_1.jpg,"한남정맥의 최 북서쪽에 위치한 문수산은 해발고도는 376m로 아기자기한 등산의 맛을 주며 사계절 경치가 아름다워 김포의 금강산이라 불린다. 정상에 오르면 산 아래에 염하강과 한강물이 유유히 흐르고 맑은 날 강 건너엔 손에 닿을 듯 북한 개성의 송악산까지 볼 수 있어 산행과 더불어 다른 산에서 볼 수 없는 산수의 어울림과 분단역사의 현장에서 깊은 감동을 느낄 수 있다. 이와 더불어 문수산에는 조선 19대 숙종 20년(1694)에 바다로 들어오는 외적을 맞고 강화도 방어를 위해 쌓은 문수산성이 있어 외세의 침략에 저항한 옛 조상들의 숨결을 느끼며 산에 오를 수 있다. 등산로 초입에는 산림욕장이 조성되어 있어 피톤치드와 음이온 등을 마시며 가벼운 휴식과 산책하기에도 제격이다.

(출처 : 김포시 문화관광 홈페이지)",,"<a href=""https://www.gimpo.go.kr/culture/selectTourCntntsWebView.do?key=6837&ctgry=8&tourNo=374"" target=""_blank"" title=""새창 : 김포 문화관광 홈페이지로 이동"">https://www.gimpo.go.kr/culture/</a>",전구역 동반가능,전 견종 동반 가능,목줄 착용,"- 맹견의 경우, 입마개 착용 필수
- 배변봉투 지참 및 배변처리 필수",,상시 개방,연중무휴,가능
128214,대운산,"울산광역시 울주군 온양읍 대운상대길 225-92 ,경상남도 양산시",12,울산광역시,35.3901665277,129.2361865678,http://tong.visitkorea.or.kr/cms/resource/07/3078007_image2_1.bmp,"대운산은 울주군 온양읍 운화리에서 양산시 웅상면 명곡리와 삼호리에 걸쳐 있는 높이 742m의 산이다. 동국여지승람이나 오래된 읍지에 불광산이라는 이름으로 표기되어 있다. 낙동정맥의 최고봉인 대운산은 원효대사의 마지막 수도지로 알려져 있다. 경치가 빼어난 산은 아니지만 능선의 적당한 기복과 오르내림이 있어 산행하는 재미가 있다. 상대마을에서 출발해서 굴바위, 대운산 3봉, 대운산 2봉, 내원암 계곡, 대운산 제3주차장까지 오는 등산 코스는 왕복 약 4시간, 내원암 계곡에서 대운산 정상을 찍고 원점 회귀 기준으로 약 3시간 30분 소요된다. 또한 대운산 능선에서 정상까지 3km가 넘는 등산로 양쪽에는 진달래와 억새가 군락을 이루고 있어서 때를 맞춰 오른다면 꽃 속에 파묻혀 길을 걷는 즐거움이 있다. 대운산 내원암 계곡은 울산 12경에 들어가는 대표적인 명소로 청량한 계곡 속의 수려한 못과 폭포, 누워 보고 싶은 반석들을 품고 있는 멋진 계곡으로 제일의 명당이라 알려진 곳이다.",,"<a href=""https://tour.ulsan.go.kr/kor/unit/attrctn/view.ulsan?mId=001002001000000000&page=1&searchDvsn1=A&picPrsId=&searchType3=&searchType1=&searchTxt=&unqId=8"" target=""_blank"" title=""새창 : 홈페이지로 이동"">https://tour.ulsan.go.kr</a>",전구역 동반가능,전 견종 동반 가능,목줄 착용,"- 맹견의 경우, 입마개 착용 필수
- 배변봉투 지참 및 배변처리 필수",,상시 개방,연중무휴,가능<br>요금(무료)
126039,고헌산(울산),"울산광역시 울주군 언양읍 , 상북면, 두서면 / 경북 경주시 산내면",12,울산광역시,35.6396001019,129.1150012809,http://tong.visitkorea.or.kr/cms/resource/15/3057715_image2_1.jpg,"고헌산은 울주군 상북면과 언양읍, 두서면의 경계를 이루고 있는 해발 1,033m의 높은 산으로 백두대간 낙동정맥이 낙동강 동쪽을 따라 내려오다 영남알프스에 이르러 고헌산을 처음으로 만난다. 예로부터 언양현의 진산으로 신성시하여 고을 이름인 언양도 그 옛 이름인 현양 또는 헌산에서 나온 것인데, 모두 고헌산의 이름에서 유래되었다고 한다. 정상으로 올라가는 길에는 억새군락과 장쾌하게 이어지는 전망이 볼거리가 많다. 산 정상에 이르면 옛 성터와 용샘이 있는데 가뭄에는 기우제를 지내기도 했던 곳이다. 서쪽으로 가지산이, 남으로는 신불산 간월산과 영취산(취서산)이 이어져 있고 산꼭대기는 돌벽으로 이루어져 있으며, 산 아래 동쪽에는 사연댐이 있다. 주변 관광지는 본치즈어리 유진목장, 두서면 구량리은행나무, 도동산방, 엠마오길, 자드락숲이 있다.",,"<a href=""https://tour.ulsan.go.kr/kor/unit/attrctn/view.ulsan?mId=001002001000000000&unqId=7"" target=""_blank"" title=""새창 : 홈페이지로 이동"">https://tour.ulsan.go.kr/</a>",전구역 동반가능,전 견종 동반 가능,목줄 착용,"- 맹견의 경우, 입마개 착용 필수
- 배변봉투 지참 및 배변처리 필수",,상시 개방,연중무휴,가능<br>요금 (무료)
128213,간월산,울산광역시 울주군 상북면 간월산길 614,12,울산광역시,35.5561610255,129.0480650268,http://tong.visitkorea.or.kr/cms/resource/02/3078002_image2_1.bmp,"약 1,500년 전 이 산기슭에 간월사라는 사찰이 있어서 산 이름도 간월산이라 하였다. 간월산의 높이는 1,069m이고, 주위에는 1,000m 내외의 가지산, 고헌산, 백운산, 능동산, 천황산, 신불산 등이 이어져 있다. 또한 이들 산지의 1,000m 내외 산정 일대에는 경사가 완만한 산정평탄면이 발달하여 독특한 경관을 나타낸다. 간월산은 주말이면 부산, 경남 산악인들이 즐겨 찾는 곳으로 8월 초면 정상 주변의 키 작은 억새와 어울린 산나리꽃이 만발해 장관을 연출한다. 긴둥재 아래 동쪽으로 저승골을 비롯해 천 길 바윗골이 간월골짜기를 이루면서 태화강으로 흘러들어 울산평야에 이른다. 서쪽으로 내리정과 왕봉골 등 깊은 골짜기를 파놓아 사철 마르지 청정수는 배내골로 흐르고 여름이면 간월산에서 흐르는 골짜기마다 더위를 피해 찾아온 야영객과 피서인파가 북적댄다. 간월고개에서 파래소 쪽 왕봉골의 신간로를 따라 내려가다 보면 죽림굴이라는 천연동굴이 있는데 지금은 천주교 성지로 많은 가톨릭 신자가 찾는 곳이다.",,"<a href=""https://tour.ulsan.go.kr/kor/unit/attrctn/view.ulsan?mId=001002001000000000&page=1&searchDvsn1=A&picPrsId=&searchType3=&searchType1=&searchTxt=&unqId=2"" target=""_blank"" title=""새창 : 홈페이지로 이동"">https://tour.ulsan.go.kr</a>",전구역 동반가능,전 견종 동반 가능,목줄 착용,"- 맹견의 경우, 입마개 착용 필수
- 배변봉투 지참 및 배변처리 필수",,상시 개방,연중무휴,가능<br>요금 (무료)
2754455,언양읍성,울산광역시 울주군 언양읍 성안2길 53-4,12,울산광역시,35.5693026053,129.1226553607,http://tong.visitkorea.or.kr/cms/resource/71/3377671_image2_1.jpg,"언양읍성은 국내에서는 매우 드물게 평지에 정사각형으로 쌓은 성이다. 삼국시대부터 흙으로 쌓은 토성이 있었는데, 돌로는 1500년(연산군 6년)에 처음 쌓았다. 임진왜란 때 무너진 것을 1617년(광해군 9년)에 새로 쌓았다. 현존하는 이 읍성은 남북이 각 380m로 직사각형을 이루고, 둘레는 1,520m에 이른다. 성의 형태는 전형적인 읍성으로, 각 방향마다 성 중간에 동·서·남·북문이 옹성(甕城)으로 되어 있고, 각 모서리에는 각루(角樓)가 4개소 있으며 문과 각루 사이에는 치(雉)가 있는데, 치는 각 방면마다 2개씩 모두 8개소이다. 예부터 경주·울산·밀양·양산과의 교통 중심지로 전략적으로 매우 중요한 위치를 차지하던 옛 언양 고을의 읍성이다. 언양읍성은 전국의 중요 읍성이 만들어지기 시작하던 14∼15세기의 축조방법을 보여주는 것으로서, 고려 말기부터 조선 초기에 나타나는 축성법 변천 모습을 잘 보여주는 중요한 자료이다.",,"<a href=""https://www.ulju.ulsan.kr/tour/tursm/view.do?category=history&mId=0103000000&idx=85"" target=""_blank"" title=""새창 : 홈페이지로 이동"">https://www.ulju.ulsan.kr/tour/main.do</a>",전구역 동반가능,전 견종 동반 가능,목줄 착용,"- 맹견의 경우, 입마개 착용 필수
- 배변봉투 지참 및 배변처리 필수",,상시 개방,연중무휴,가능<br>요금 (무료)
128185,서생포왜성,울산광역시 울주군 서생면 서생리 711,12,울산광역시,35.3834691158,129.3342504359,http://tong.visitkorea.or.kr/cms/resource/92/3077992_image2_1.bmp,"서생포왜성은 임진왜란 초인 선조 25년(1592) 7월부터 선조 26년(1593)에 걸쳐 일본장수 가토 기요마사가 지휘하여 돌로 쌓은 전형적인 일본식 성이다. 죽도왜성과 부산왜성, 울산왜성과 봉화로 서로 연락하였다고 하여 봉화왜성이라는 이름으로 불렀다. 해발 200m 산꼭대기에 본성을 두고 아래로 내려오면서 제2성, 제3성을 두었다. 성벽의 길이는 4.2㎞, 높이는 6m, 기울기는 15도로 성벽이 많이 기울어져 있다는 것이 특징이며 성의 전체 모습은 직사각형이다. 비록 왜군들이 축성했으나 후에 조선에서도 사용했던 성으로 남문 일부의 훼손을 제외한 다른 곳은 옛 모습을 그대로 보여주고 있으며 16세기 말의 일본 성곽 연구에 중요한 자료로 평가된다. 선조 27년(1594) 사명대사가 4차례에 걸쳐 이곳에 와서 평화교섭을 했으나 실패했다. 선조 31년(1598) 명나라 마귀 장군의 도움으로 성을 다시 빼앗았고 1년 후 왜적과 싸우다 죽은 53명의 충신을 위해 창표당을 세웠으나 일제강점기에 파괴되어 지금은 표지판만 남아 있다. 현재는 울산의 벚꽃 명소 중 하나이며 진하해수욕장에서 도보 15분 거리에 있다.",,"울주문화관광 <a href=""https://www.ulju.ulsan.kr/tour/travel/travel/5/44"" target=""_blank"" title=""새창 : 울주문화관광 홈페이지로 이동"">https://www.ulju.ulsan.kr/tour</a>",전구역 동반가능,전 견종 동반 가능,목줄 착용,"- 맹견의 경우, 입마개 착용 필수
- 배변봉투 지참 및 배변처리 필수",,상시 개방,연중무휴,불가능
2611135,내원암 계곡,울산광역시 울주군 온양읍 대운상대길 382,12,울산광역시,35.3991681983,129.2310145451,http://tong.visitkorea.or.kr/cms/resource/79/3377679_image2_1.jpg,"울산 대운산의 내원암 계곡은 깊은 숲에 있는 청량한 계곡이어서 사시사철 맑은 물이 흐르고, 경치가 아름답기로 유명하다. 이곳엔 신라 중기에 세워진 내원암이 있는데 여기에서 원효대사가 마지막으로 수행하였다. 내원암 계곡은 대운산 정상에서 흘러내린 물이 크고 작은 바위를 거쳐 돌면서 만들어 낸 작은 웅덩이가 많아 한여름 물놀이를 즐기기에 안성맞춤이다. 수만 년의 세월이 빚어놓은 수려한 폭포와 깨끗하고 청량한 물줄기가 계곡 구석구석을 아름답게 수놓고 있어 보기만 해도 시원해지는 느낌을 받을 수 있다. 또한 굴참나무를 비롯해 여러 수목들이 어우러지는 풍경도 계곡과 함께 한 여름의 더위를 날려줄 청량감을 선사한다. 이곳 대운산 일대는 매년 5월이면 진분홍 철쭉이 뒤덮여 장관을 이루며, 가을에는 울긋불긋한 단풍과 기암괴석이 어우러져 절경을 만들어 낸다. 대운산 철쭉제와 내원암에서 주최하는 가을 산사음악회 등 계절별로 다양한 행사도 진행되니 방문 전에 확인해 보는 것이 좋다. 내원암 계곡을 따라 울산수목원이 조성되었는데 대나무원과 동백원 등 다양한 전시원이 있어 산림과 관련된 체험을 할 수 있는 곳으로 연계해서 방문해 보는 것을 추천한다.",,"울주관광 <a href=""https://www.ulju.ulsan.kr/tour/tursm/view.do?category=nature&mId=0102000000&idx=107"" target=""_blank"" title=""새창: 울주관광 홈페이지로 이동"">https://www.ulju.ulsan.kr/tour/</a>",전구역 동반가능,전 견종 동반 가능,목줄 착용,"- 맹견의 경우, 입마개 착용 필수
- 배변봉투 지참 및 배변처리 필수",,상시 개방,연중무휴,가능<br>요금 (무료)
2822473,기박산성 의병 역사공원,울산광역시 북구 매곡로 483 (매곡동),12,울산광역시,35.6671852274,129.3753249675,http://tong.visitkorea.or.kr/cms/resource/33/2822433_image2_1.jpg,기박산성은 울산 함월산 해발 590m의 삼태봉 일원(북구 중산동)에 자리한다. 얼마 전까지 기령 비석과 정자 정도만 있어 역사적 의미를 찾기 어려웠지만 현재는 역사공원 준공으로 재탄생하여 관광자원화로 이어지고 있다. 기박산성의 기박은 ‘기가 세워진 고개마루’라는 뜻이 있으며 한자로는 ‘기령’이라고도 불린다. 임진왜란 당시 왜적의 침략에 맞서 나라를 구하기 위해 의병을 창의한 역사적 장소인 기박산성을 들여다볼 수 있는 곳으로 의병활동에 대한 역사적 의미를 되짚어볼 수 있는 전시실과 체험을 즐길 수 있는 잔디마당 등이 있다.,,"울산북구 문화관광 <a href=""https://www.bukgu.ulsan.kr/lay1/S1T203C2168/contents.do#touratt5"" target=""_blank"" title=""새창 : 울산북구 문화관광 홈페이지로 이동"">https://www.bukgu.ulsan.kr</a>",전구역 동반가능,전 견종 동반 가능,목줄 착용,"- 맹견의 경우, 입마개 착용 필수
- 배변봉투 지참 및 배변처리 필수",,09:00~18:00,연중무휴,가능
1624264,박상진의사 생가,울산광역시 북구 박상진5로 10 (송정동),12,울산광역시,35.6021894734,129.359953153,http://tong.visitkorea.or.kr/cms/resource/30/3077930_image2_1.bmp,"독립운동가 박상진(1884~1921) 의사가 살았던 곳이다. 대지주였던 박상진 의사는 모든 재산을 독립운동 자금으로 사용하여 집안이 몰락하고 이 집도 남의 손에 넘어갔으나 2002년 울산시가 매입하여 2007년 복원 정비 사업을 완료하였다. 사랑채, 안채 등 모두 6동의 건물로 이루어진 기와집으로 전체적으로 볼 때 ㅂ자 구조를 가진 조선 후기 양반 살림집이다. 박상진 의사는 1902년 허위에게 한학을 배운 후 양정의숙에 진학, 법률과 경제를 전공하고 판사 시험에 합격하여 평양법원에 발령되었으나 사퇴했다. 그 후 독립운동에 참여해 1915년 조선국권회복단과 대한광복회 결성에 앞장섰다. 만주에서 독립군을 양성하고 대한광복회 총사령을 맡아 활동하였다. 1918년 어머니가 위독하시다는 소식을 듣고 고향으로 오는 길에 체포되어 사형 선고를 받고 1921년 38세의 젊은 나이로 대구형무소에서 처형되었다. 이후 국권 회복과 항일투쟁에 앞장선 공로를 기려 1963년 건국훈장 독립장을 추서 하였다. 박상진의사역사공원을 조성하면서 밀양박씨 송정문중의 소유였던 서당건물 봉산정사, 송애정사, 양정재를 이전 복원하였으며 박상진의사생가전시관을 세웠다. 독립투사의 업적을 기리고 추모하는 마음으로 방문하기에 뜻깊은 곳이다.",,"<a href=""https://blog.naver.com/psj-park"" target=""_blank"" title=""새창 : 박상진의사 블로그로 이동"">https://blog.naver.com/psj-park</a>",일부구역 동반가능,전 견종 동반 가능,목줄 착용,"- 맹견의 경우, 입마개 착용 필수
- 배변봉투 지참 및 배변처리 필수",,09:30~17:30,매주 월요일,가능
2872004,달천철장유적공원,울산광역시 북구 달천철장길 58 (달천동),12,울산광역시,35.6342825006,129.3290188345,http://tong.visitkorea.or.kr/cms/resource/92/2871992_image2_1.JPG,"울산 북구에 있는 달천철장 유적공원은 삼한시대부터 조선시대 때까지 유지되었던 철광석 광산이 있던 자리에 유적공원을 조성했다. 쇠부리 축제를 통해 철 생산 당시를 재연하고 많은 시민이 역사를 공부하러 올 수 있도록 문화관을 만들었다. 유적공원에는 넓은 광장과 함께 일대를 빙 둘러싸고 있는 산책길, 관광안내소와 쇠부리 체험장, 쉼터 등 다양한 요소로 채워져 있다. 공원에 편히 방문할 수 있도록 널찍한 주차장도 만들어져 있다. 강동 사랑길&누리길, 편백 산림욕장이 인접해 있어 함께 둘러보기 좋다.
※ 반려동물 동반 가능(목줄, 배변봉투 지참)",,,일부구역 동반가능,전 견종 동반 가능,목줄 착용,"- 맹견의 경우, 입마개 착용 필수
- 배변봉투 지참 및 배변처리 필수",,상시 개방,연중무휴,가능
2778200,당사해양낚시공원,울산광역시 북구 용바위1길 58 (당사동),12,울산광역시,35.5811408729,129.4557092851,http://tong.visitkorea.or.kr/cms/resource/89/3537289_image2_1.jpg,"낚시를 좋아하는 사람이라면 한 번쯤 꼭 와봐야 할 곳으로 유명한 당사해양낚시공원은 동해의 멋지고 아름다운 바다를 보면서 산책하고 힐링하기 좋은 곳이다. 바다를 향해 길게 나 있는 긴 다리를 지나며 사랑의 조개 고리에 소원도 적어서 걸어보고, 벤치에서 풍경을 바라보며 쉬어도 보고, 시원한 바닷바람을 맞으면 걷다 보면 기분도 좋아진다. 철망으로 되어 있는 다리 아래로 파도를 직접 느낄 수 있어서 스릴도 즐길 수 있다. 바다 한가운데서 낚시도 해보고, 다리 끝 계단을 내려가 갯바위 위에 올라가면 울산 바다의 아름다움을 마음껏 감상할 수 있다. 노후된 시설을 보수하고 구조물도 추가하여 2023년 7월 멋진 모습으로 재개장을 하였다.",,,일부구역 동반가능,전 견종 동반 가능,목줄 착용,"- 바닥에 애견 발이 빠질수있어 권장하지 않음
- 맹견의 경우, 입마개 착용 필수
- 배변봉투 지참 및 배변처리 필수",,"- 하절기(4월~10월) 09:00~18:00 <br>
- 동절기(11월~3월) 09:00~16:00<br>
※ 낚시객은 탄력적 운영 06:30~20:00<br>
※ 이용객 안전을 위해 탄력적으로 운영",연중무휴,가능
772462,강동 화암 주상절리,울산광역시 북구 산하동 952-1번지 일원 (산하동),12,울산광역시,35.6341985442,129.4424755991,http://tong.visitkorea.or.kr/cms/resource/89/3538989_image2_1.png,"화암 주상절리는 북구 화암동 화암마을 화암(꽃바위) 해변 일대에 분포하는 유적으로 약 2,000만 년 전 신생대 제3기 중신세에 분출한 현무암 용암이 냉각하면서 열 수축 작용으로 생성된 냉각절리이다. 강동 화암 주상절리의 가장 큰 특징은 주상체 횡단면이 꽃무늬 모양인 점과 수평, 수직, 경사진 형태 등 다양한 형태와 방향으로 발달해 있다는 점이다. 동해안 주상절리 가운데 용암 주상절리로는 가장 오래되어 학술적 가치가 높으며, 양한 각도로 형성되어 있어 경관이 아름답다. 주상절리 곳곳에 계단이 설치되어 있어 가까이에서 관찰하고 만져볼 수도 있다. 이곳의 주상절리는 다량의 목재 더미 모양을 하고 있는데, 길이는 수십 미터에 이르며, 하나의 주상체 횡단면 긴 쪽 대각선의 길이는 50㎝ 정도이다.",,"<a href=""https://www.ulsan.go.kr/tour/kor/unit/attrctn/view.do?mId=001002007000000000&unqId=109"" target=""_blank"" title=""새창 : 울산 문화관광 홈페이지로 이동"">https://tour.ulsan.go.kr</a>",일부구역 동반가능,전 견종 동반 가능,목줄 착용,"- 맹견의 경우, 입마개 착용 필수
- 배변봉투 지참 및 배변처리 필수",,상시 개방,연중무휴,가능 (소형 10대)
2791956,죽산보 오토캠핑장,전라남도 나주시 우정로 10,28,전라남도,35.0247530385,126.7818948936,http://tong.visitkorea.or.kr/cms/resource/03/2797703_image2_1.JPG,"2020년 11월에 문을 연 죽산보 오토캠핑장은 카라반과 트레일러가 진입 가능한 캠핑장이다. 데크는 2열로 마주 보는 구조로 총 41개의 사이트로 구성되어 있고 가운데에 화장실 두 곳이 있다. 캠핑장 바로 옆에는 여름철이 되면 물놀이 시설로 쓰이는 놀이터가 있고 캠핑장 뒤편으로는 확 트인 평야가 펼쳐진다. 인근에 나주 영상테마파크, 국립나주박물관, 나주 복암리 고분전시관, 황포돛배 선착장 등 가볼 곳이 많아서 색다른 여행을 즐길 수 있다. 죽산보관리시설에 올라가 내려다보는 캠핑장 풍경은 초록색 평야와 공원 등 자연 그대로의 모습이 펼쳐진다. 각 사이트마다 개수대가 있어 글램핑 시설처럼 편하게 물을 구할 수 있다.",,"<a href=""https://juksanbocamp.kr/"" target=""_blank"" title=""새창 : 죽산보오토캠핑장 홈페이지로 이동"">https://juksanbocamp.kr/</a>",일부구역 동반가능,전 견종 동반 가능,목줄 착용,"- 금, 토, 국가공휴일엔 동반 불가
- 캠핑장 내 산책 금지
- 1견당 1만원 추가금 발생
- 배변봉투 지참 및 배변처리 필수",,,,
2752336,쇠평어린이공원,울산광역시 동구 동해안로 263 (동부동),12,울산광역시,35.5508383137,129.434045366,http://tong.visitkorea.or.kr/cms/resource/30/2752330_image2_1.png,"쇠평어린이공원은 2013년 8월 개장한 소공원으로 어린이놀이터(자이언트 트리), 레일썰매장, 미니마을, 야외무대, 잔디광장, 파고라 등을 갖춘 가족휴양공원이다. 훼손된 구릉지를 생태적으로 복원함과 동시에 주민들의 여가활동과 휴식공간 마련을 위해 조성된 쇠평어린이공원은 아름다운 자연 속에서 가족, 친구와 함께 소통과 힐링의 시간을 가질 수 있는 나들이 공간이다. 신나게 썰매를 타고 내려갈 수 있는 무료 레일썰매장과 모래놀이를 좋아하는 아이들에게 천국 같은 모래밭이 있는 놀이터, 동심으로 돌아가 신나는 모험을 함께 즐길 수 있는 복합 미끄럼틀 자이언트 트리도 있어, 아이들이 지루해할 틈이 없다. 넓은 잔디 광장에서 낭만적인 피크닉을 즐기며 보내는 하루는 이곳을 찾는 사람 누구에게나 멋진 추억을 선사할 것이다.",,"<a href=""https://tour.ulsan.go.kr/kor/unit/attrctn/view.ulsan?mId=001002001000000000&unqId=30"" target=""_blank"" title=""새창 : 울산 문화관광 홈페이지로 이동"">https://tour.ulsan.go.kr</a>",일부구역 동반가능,전 견종 동반 가능,목줄 착용,"- 맹견의 경우, 입마개 착용 필수
- 배변봉투 지참 및 배변처리 필수",,상시 개방,연중무휴,가능
1395991,울산테마식물수목원,울산광역시 동구 쇠평길 33-1 (동부동),12,울산광역시,35.5535517673,129.4271792207,http://tong.visitkorea.or.kr/cms/resource/49/3084249_image2_1.jpg,"울산테마식물수목원은 동해 남부지방의 산림휴양 문화공간으로 다양한 수목과 자생식물을 식재한 자연학습과 학술연구를 위한 공간이다. 로즈메리길, 유실수원, 배롱나무원, 침엽수원, 단풍원, 암각화폭포원, 무궁화원, 온실, 체험학습장, 수생식물원등의 주요 시설과 휴게실, 하늘전망대, 갤러리, 카페 등의 부대시설이 있다. 이외에도 파충류 체험장, 쉼터, 조각공원, 여름 이벤트장, 눈썰매장, 놀이광장이 있다. 또한, 유치부부터 초. 중. 고등학생, 일반인을 대상으로 자연생태프로그램과 진로체험 프로그램, 환경교육프로그램, 숲해설프로그램을 운영하고 있다. 이밖에도 말타기, 말먹이 주기 체험도 가능하다. 기존 위락시설 위주의 유사 식물원과 차별화시켜 자연환경울 최대한 보존하고 식물의 특성, 이용객의 편의 및 토지활용 등을 고려한 통합적이고 체계적인 식물수목원을 지향하고 있다. 사라져 가는 우리 식물의 번식 및 관리를 통하여 자생지 외에서 보존 관리함으로써 희귀 및 멸종위기식물의 영구보존 및 복원을 추진하고 있다.",,"<a href=""http://www.usarboretum.co.kr"" target=""_blank"" title=""새창: 울산테마식물수목원 홈페이지로 이동"">http://www.usarboretum.co.kr</a>",일부구역 동반가능,소형견 동반 가능,목줄 착용,"- 맹견의 경우, 입마개 착용 필수
- 배변봉투 지참 및 배변처리 필수",,"- 하절기(3~10월) 09:00~18:00<br />
- 동절기(11~2월) 09:00~17:00<br />
※ 폐장 한시간 전 입장 마감",연중무휴,가능<br>요금 (무료)
126091,일산해수욕장(울산),울산광역시 동구 해수욕장10길 18 (일산동),12,울산광역시,35.4949278551,129.4302000587,http://tong.visitkorea.or.kr/cms/resource/44/3528444_image2_1.jpg,"대왕암공원에 인접해 있는 일산해수욕장은 낮에는 한눈에 보이는 바다풍경과 저녁에는 야경을 감상할 수 있는 도심 속 해수욕장이다. 면적 40,290㎡, 길이 850m, 폭 42~61m로, 수심이 낮고 경사가 완만하여 가족단위로 물놀이하기에 안성맞춤인 곳이다. 해수욕장 막구지기 별빛광장에는 은은한 조명과 함께 바다를 바라볼 수 있는 쉼터가 마련되어 있어 여름뿐 아니라, 사계절 휴양지로 매년 많은 사람들이 찾아온다. 또한 매년 여름철에는 7월 조선해양축제, 7~8월 상설무대공연 등이 개최되어 다양한 볼거리와 즐길거리를 선사한다. 일산해수욕장 앞바다에 위치한 어풍대는 통일신라시대 왕들이 풍류를 즐기기 위해 찾았던 곳이다. 어풍대에서는 대왕암공원, 민섬, 일산해수욕장이 한 폭의 그림처럼 내려다보이는 곳으로 왕들의 정취를 느낄 수 있다.",,"<a href=""https://www.donggu.ulsan.kr/tour/tourBBS/SA/view.do?nttId=24&pageIndex=1&searchCnd=0&searchCtgy=&searchWrd=%EC%9D%BC%EC%82%B0"" target=""_blank"" title=""새창 : 홈페이지로 이동"">https://www.donggu.ulsan.kr/tour/</a>",일부구역 동반가능,전 견종 동반 가능,목줄 착용,"- 해수욕장 개장 기간에는 동반이 제한될 수 있음
- 맹견의 경우, 입마개 착용 필수
- 배변봉투 지참 및 배변처리 필수",,상시 개방,연중무휴,"가능<br>요금 (평일 2시간, 주말·공휴일 1시간 무료 / 이후 30분 당 500원)"
2638479,장생포 모노레일,울산광역시 남구 장생포고래로 246,12,울산광역시,35.5029704748,129.3813402009,http://tong.visitkorea.or.kr/cms/resource/52/3549052_image2_1.jpg,"장생포 모노레일은 울산 장생포 고래 관광단지에 위치해 있다. 고래 박물관을 출발해 고래 문화마을과 입체 영상관을 거쳐 다시 박물관으로 돌아오는 순환형 노선으로 지상 위에서 장생포 앞바다, 고래문화마을, 울산대교, 울산공단 등을 한눈에 조망할 수 있다. 봄에는 레일 밑으로 가득 찬 벚꽃나무를 여름에는 푸른 나무의 생생함을 가을에는 단풍의 형형색색과 겨울에는 눈꽃 가득한 나무숲을 감상할 수 있어 자연과 산업관광을 동시에 즐길 수 있다. 유모차와 휠체어 등 차량은 승강장에 보관 후 탑승 가능하다.",,"<a href=""https://www.ulsannamgu.go.kr/tour/board/tourSights2/152736/view.do"" target=""_blank"" title=""새창: 장생포 모노레일 홈페이지로 이동"">https://www.ulsannamgu.go.kr/tour</a>",일부구역 동반가능,소형견 동반 가능,목줄 착용,"- 이동장(캐리어) 사용시 탑승가능
- 맹견의 경우, 입마개 착용 필수
- 배변봉투 지참 및 배변처리 필수",,"- 평일 10:00~18:30<br>
- 주말 10:00~20:00",매주 월요일 / 설·추석 당일,가능
2611134,울산 신화마을,울산광역시 남구 여천로66번길 7,12,울산광역시,35.5235174122,129.3413431085,http://tong.visitkorea.or.kr/cms/resource/16/3014916_image2_1.jpg,"신화마을은 1960년대에 울산공단의 형성으로 삶의 터전을 잃은 사람들을 위해 만들어진 공단 이주민촌이다. 신화라는 이름은 새롭게 화합하여 잘 살자는 의미를 담고 있어 당시의 정서를 느끼게 한다. 영화 ‘고래를 찾는 자전거’에서 벽화마을 촬영지로 선정되면서, 일부 골목을 벽화로 조성하였는데, 이후 문화체육관광부에서 주최한 ‘2010마을 미술프로젝트’ 선정, 울산 남구청과 지역작가들이 협력으로 벽화마을로 변화하였다. 마을 입구에는 이곳을 지키는 상징물로써 대형 조형물이 세워져 있으며, 골목마다 다양한 테마의 벽화가 그려져 있다. 타지의 벽화마을과 달리 울산의 신화마을은 모두 역량 있는 화가와 조각가, 시인, 기획자들이 작업을 진행해 완성도가 뛰어나다. 밝은 색채와 재미있고 해학적인 그림을 통해 생활의 활력을 갖도록 했으며, 미술을 비롯한 예술의 다양한 세계를 느낄 수 있도록 구성하였다. 
마을 내 위치한 신화예술인촌에서는 마을 주민들과 함께 하는 창작학교프로그램, 지역예술가 레지던시, 전시관 등을 운영하고 있다.",,"<a href=""https://www.uwcf.or.kr/namguart/intro/intro5_1_2"" target=""_blank"" title=""새창: 울산광역시남구 문화예술창작촌 홈페이지로 이동 "">https://www.uwcf.or.kr</a>",일부구역 동반가능,전 견종 동반 가능,목줄 착용,"- 맹견의 경우, 입마개 착용 필수
- 배변봉투 지참 및 배변처리 필수",,상시 개방,연중무휴,가능
2381176,장생포 고래문화마을,울산광역시 남구 장생포고래로 271-1 (매암동),12,울산광역시,35.5059562836,129.3831260722,http://tong.visitkorea.or.kr/cms/resource/08/2658308_image2_1.jpg,"2015년 조성된 고래문화마을에서는 예전 장생포 고래잡이 어촌의 모습을 그대로 재현하였으며, 고래광장, 장생포 옛 마을, 선사시대 고래마당, 고래조각 정원, 수생 식물원 등 다양한 테마와 이야기를 담은 공원을 둘러볼 수 있다. 실물크기의 고래를 형상화하여 다양한 고래를 경험하고 학습할 수 있는 이색적인 체험공간뿐만 아니라 고래와 관련된 교감, 공존 등 다양한 테마를 다루고 있는 스토리텔링 포토존, 반구대 암각화와 고래잡이 벽화 등 선사시대 고래역사 문화를 체험할 수 있는 야외 학습 공간 등 다양한 학습과 놀이가 가능한 공간이다.",,"<a href=""https://www.whalecity.kr/EgovPageLink.do?link=town/introduction/history"" target=""_blank"" title=""새창 : 장생포 고래문화마을 공식 홈페이지로 이동"">https://www.whalecity.kr/</a>",일부구역 동반가능,전 견종 동반 가능,목줄 착용,"- 맹견의 경우, 입마개 착용 필수
- 배변봉투 지참 및 배변처리 필수",,"- 평일 09:00~18:00<br>
- 주말 09:00~20:00",매주 월요일 / 설·추석 당일<br>※ 월요일이 공휴일인 경우 공지사항이나 휴무일 달력 확인,가능
1626292,평화의 댐(화천),강원특별자치도 화천군 화천읍 평화로 3481-18,12,강원특별자치도,38.2132809524,127.8435842372,http://tong.visitkorea.or.kr/cms/resource/52/3484952_image2_1.jpg,"평화의 댐은 북한 임남댐의 수공을 방어하기 위해 건설되었다. 이 댐은 길이 601m, 높이 125m로 홍수 조절 전용 댐으로 운영되고 있다. 평화의 댐 주변에는 비목공원, 트릭아트, 국제평화아트파크, 스카이워크, 물문화관 등 다양한 관광 시설이 조성되어 있다. 특히 세계 평화의 종은 60여 개국의 분쟁 지역에서 수거한 탄피로 만든 높이 5m의 ‘세계 평화의 종’이 설치되어 있고, 직접 타종도 체험할 수 있어 방문객들에게 깊은 인상을 남긴다.",,"<a href=""https://tour.ihc.go.kr/hb/portal/sub01#a"" target=""_blank"" title=""새창: 화천군"">http://tour.ihc.go.kr/hb/portal</a>",일부구역 동반가능,전 견종 동반 가능,목줄 착용,"- 물문화관은 반려견 동반 입장 불가
- 평화의댐오토캠핑장 반려견 동반 가능
- 맹견의 경우, 입마개 착용 필수
- 배변봉투 지참 및 배변처리 필수",,상시 개방,연중무휴,가능
125711,장호항·장호해수욕장(장호해변),강원특별자치도 삼척시 근덕면 장호리,12,강원특별자치도,37.2859499708,129.3142297611,http://tong.visitkorea.or.kr/cms/resource/14/2921514_image2_1.jpg,"삼척 시청에서 남쪽으로 25㎞ 떨어진 곳에 있는 장호해수욕장은 넓은 백사장과 수심 1㎞ 안팎, 경사도 10도의 반달형 해안을 가진 아담한 해수욕장이며, 파도가 잔잔하며 지형상 천연 바람막이가 있어 낚시터로도 안성맞춤인 곳이다. 주차장, 야영장, 화장실, 샤워장, 민박집 등 편의시설이 비교적 잘 갖추어져 있으며, 2004년부터는 장호어촌체험마을로 지정 운영되어 각종 체험 등을 즐길 수 있다. 또한, 주변에 죽서루, 초당굴, 환선굴, 신남해신당, 황영조기념관 등 관광지가 많다. 뜨거운 여름, 맑은 바닷물과 온 가족이 함께 할 수 있는 피서지이다.
삼척시내와 가까운 거리에 위치한 장호항은 동그랗고 새하얀 해안선이 아름답다. 흰모래사장과 기암괴석으로 둘러싸여 있어 장관을 이룬다. 장호해수욕장과 근접해 있어 아침에는 활처럼 둥글게 휘어진 백사장 일출이 근사한 장호항을 관망하고, 낮에는 해수욕을 즐길 수 있다. 한눈에 들어오는 아담한 백사장이 정겨우니 인근에 있는 대규모 해수욕장과는 사뭇 다른 한적함이 살아있는 별천지다.",,"삼척 문화관광 <a href=""https://www.samcheok.go.kr/tour/01456/01466/02218.web"" target=""_blank"" title=""새창: 삼척 문화관광 홈페이지로 이동"">www.samcheok.go.kr</a>",일부구역 동반가능,전 견종 동반 가능,목줄 착용,"- 해수욕장 개장 기간에는 동반이 제한될 수 있음
- 맹견의 경우, 입마개 착용 필수
- 배변봉투 지참 및 배변처리 필수",,상시 개방,연중무휴,가능
127140,장전계곡,강원특별자치도 평창군 진부면 장전길 435-2,12,강원특별자치도,37.4773546471,128.5418181531,http://tong.visitkorea.or.kr/cms/resource/94/2921794_image2_1.jpg,"평창과 정선에 걸쳐 날개를 펴고 있는 가리왕산은 해발 1,561m의 고봉이다. 높은 만큼 덩치도 큰 가리왕산은 깊은 골짜기도 여럿 거느리고 있는데, 그중에서 북쪽 기슭으로 흐르는 장전계곡과 남쪽으로 굽이쳐 흐르는 회동계곡이 가장 대표적인 계곡이다. 진부에서 정선으로 내려가다 보면, 갈림길에서 막동리로 꺾어지면 바로 막동계곡으로 이어지고 장전리로 꺾어지면 바로 장전계곡을 찾을 수 있다.
진부면 장전리에 있는 장전계곡은 오대천의 지계곡으로 빼어난 자태를 곳곳에 펼쳐놓고 있다. 계곡미에 비해 알려지지 않은 편이어서 호젓한 피서를 겸할 수 있어 더없이 좋다.",,"<a title=""새창 : 평창문화관광 홈페이지로 이동"" href=""http://tour.pc.go.kr/"" target=""_blank"">http://tour.pc.go.kr/</a>",일부구역 동반가능,전 견종 동반 가능,목줄 착용,"- 맹견의 경우, 입마개 착용 필수
- 배변봉투 지참 및 배변처리 필수",,상시 개방,연중무휴,불가능
2773046,사천진항,강원특별자치도 강릉시 사천면 진리해변길 68-23,12,강원특별자치도,37.8368418022,128.8782046462,http://tong.visitkorea.or.kr/cms/resource/94/2921894_image2_1.jpg,"사천진항은 백두대간에서 갈라진 분수계로부터 동으로 흘러나온 사천천과 바다가 만나는 합류 지점에 있다. 비교적 소규모 항구로서 암석해안의 발달이 미흡하여 선박의 정박이나 물양장 시설 등이 소규모로 설치되어 있다. 이 밖에도 다른 항구와는 달리 요트를 즐기기에 좋은 항구이다.
조선시대에는 사화진(沙火津)이라고 불렸으며 이후 사화면이던 것이 사천면이 되었으며, 1916년 행정구역 정비 때 애일당리, 행깨들, 건너불, 뒷섬, 솔마지를 합하여 사천진리가 되었다. 1971년 제1종 어항으로 지정되어 1982년 개발 사업을 착공, 1988년에 완공하였다. 총 70여 가구가 어업에 종사하여 광어, 양미리, 문어 등을 잡고 고소득을 올리는 가리비 양식도 활발하게 이루어진다. 
(출처 : 강원도청) 

◎ 한류의 매력을 만나는 여행 정보 - 드라마 <남자친구>
수현과 진혁이 모래뺏기를 하며 놀던 사천진항은 두 주인공의 천진한 웃음과 잘 어울리는 소박한 풍경이 인상적인 곳이다. 인근에 신선한 해산물 요리를 파는 식당들이 있어 바다를 감상하며 식사를 즐기기에도 안성맞춤이다.",,"비짓강릉 <a href=""https://www.gn.go.kr/tour/prog/lod/Sights/S01/sub02_02_01/view.do?cid=920"" target=""_blank"" title=""새창 : 사천항"">https://www.gn.go.kr/</a>",일부구역 동반가능,전 견종 동반 가능,목줄 착용,"맹견의 경우, 입마개 착용 필수
배변봉투 지참 및 배변처리 필수",,상시 개방,,
127872,맹방해변,강원특별자치도 삼척시 근덕면 맹방해변로 228-239,12,강원특별자치도,37.3898030893,129.2320061341,http://tong.visitkorea.or.kr/cms/resource/95/2921595_image2_1.jpg,"삼척 시내에서 7㎞가량의 거리에 있는 시범해수욕장이며 맹방 관광지 내에 속한 지역으로서 기반 도로 시설이 잘 정비되고 관광지 조성 공사가 진행 중인 곳으로 이미 청정 해변의 이미지가 전국에 잘 알려져 있다. 개장 기간에는 명사십리 달리기대회를 비롯하여 맨손 송어 잡기 등 다양한 해변 이벤트가 개최되어 피서객의 호응도를 높이는 한편, 인접 지역의 골프 연습장이 스포츠 산실 역할을 하고 있다.",,"삼척 문화관광 <a href=""https://www.samcheok.go.kr/tour/01456/01466/02201.web"" target=""_blank"" title=""새창: 삼척 문화관광 홈페이지로 이동"">http://www.samcheok.go.kr/tour.web</a>",일부구역 동반가능,전 견종 동반 가능,목줄 착용,"- 해수욕장 개장 기간에는 동반이 제한될 수 있음
- 맹견의 경우, 입마개 착용 필수
- 배변봉투 지참 및 배변처리 필수",,상시 개방,연중무휴,가능
127141,막동계곡,강원특별자치도 평창군 진부면 오대천로,12,강원특별자치도,37.5372815062,128.5651392486,http://tong.visitkorea.or.kr/cms/resource/69/2921769_image2_1.jpg,"나물산으로 알려진 백석산 허리에서 흘러내리는 막동계곡은 오대천으로 흘러드는 여러 계곡 중에서 단임골계곡, 장전계곡과 함께 경치가 뛰어난 계곡으로 꼽힌다. 계곡위 1.5㎞지점의 널찍한 부분에 민가가 몇 있을 뿐그외 다른 오염원이 없어 물빛이 맑고 계곡의 암반 풍치가 좋으며 기암괴석과 짙은 숲이 파노라마를 이루며 비경을 빚어 놓고 있다. 계곡 입구에는 3단 폭포가 있는데 5m 정도의 폭포가 쏟아져 내리는 모습이 도로변에서도 보여 차량으로 스치는 것만으로도 한여름의 더위를 식혀주는 듯하다. 막동계곡 주변은 산채가 유명하다. 곤드레, 딱주기, 곰취, 나물취, 잔대, 고사리, 더덕, 도라지, 드릅, 산미나리, 원추리 등의 산채와 당귀, 세신, 철남생이, 반하, 인동, 칡 등 약초류가 풍부해서 봄철이면 지역의 부락민과 외지의 산행객이 찾아든다. 산채가  군락을 이루고 있어 이곳에서는 참나물밭, 참나물비탈, 참나물골 등과 같은 지역명으로 불리우고 그 위치에 따라 동편밭, 서편밭골 등으로 구분한다.",,"평창 문화관광 <a href=""https://tour.pc.go.kr/Home/H20000/H20200/placeDetail?place_no=73&viewType=gallery&curationGroup=1&page=1&pageSize=12&search_column=1&search_keyword=%EB%A7%89%EB%8F%99%EA%B3%84%EA%B3%A1&order_column=1&place_type=12"" target=""_blank"" title=""새창 : 평창문화관광 홈페이지로 이동"">https://tour.pc.go.kr</a>",일부구역 동반가능,전 견종 동반 가능,목줄 착용,"- 맹견의 경우, 입마개 착용 필수
- 배변봉투 지참 및 배변처리 필수",3단 폭포,상시 개방,연중무휴,가능
125717,덕산해변,강원특별자치도 삼척시 근덕면 덕산해변길 114,12,강원특별자치도,37.3858676065,129.24096101,http://tong.visitkorea.or.kr/cms/resource/86/2921586_image2_1.jpg,"삼척 시내에서 9㎞가량의 거리에 위치한 곳으로써 평균수심 1~2m 정도이며 연장 580m, 폭 50m의 백사장을 보유하고 있고 주변에는 맹방해변과의 사이에 덕봉산을 경계로 하고 있어 경관이 수려하며 인접되어 있는 덕산항(남애포)이 있어 매일같이 싱싱한 활어도 맛볼 수 있다. 150여 가구의 대단위 민박촌으로 형성되어 있어 서비스가 잘 된 곳으로 평가되고 있으며 인접지역 해수욕객의 민박도 부담하고 있는 지역이다.",,"삼척문화관광 <a href=""https://www.samcheok.go.kr/tour/01456/01466/02200.web""target=""_blank"" title=""새창 : 삼척문화관광 홈페이지로 이동"">https://www.samcheok.go.kr</a>",일부구역 동반가능,전 견종 동반 가능,목줄 착용,"- 맹견의 경우, 입마개 착용 필수
- 배변봉투 지참 및 배변처리 필수",,상시 개방,연중무휴,가능
2999140,대명유수지,대구광역시 달서구 대천동 816,12,대구광역시,35.8221401441,128.4907537817,http://tong.visitkorea.or.kr/cms/resource/15/3570015_image2_1.jpg,"대명유수지는 1992년 성서산업단지 침수피해 방지를 위해 258,000㎡ 규모로 조성된 유수저류 시설이다. 2011년 8월 환경부지정 멸종위기 Ⅱ급 맹꽁이 최대 서식처로 발견됨에 따라 국내 최대 맹꽁이 서식처로 알려졌다. 대명유수지는 낙동강, 금호강, 대명천, 진천천이 합류하는 지점에 형성된 달성습지 옆에 위치하고 있어 맹꽁이 이외 삵, 족제비, 황조롱이, 고라니 등 다양한 야생 동·식물이 서식하는 생태자원의 보고이다. 2015년부터 3년간 대명유수지 일원에 맹꽁이 서식환경개선 및 전망데크, 생태탐방로, 포토존 등 맹꽁이 생태학습장이 조성되었다. 이곳은 탐방데크를 중심으로 억새와 갈대가 펼쳐져있어 가을철 인생샷 및 출사 명소로 많은 방문객이 찾고 있다.",,,전구역 동반가능,전 견종 동반 가능,목줄 착용,"- 맹견의 경우, 입마개 착용 필수
- 배변봉투 지참 및 배변처리 필수",,"- 하절기 09:00~18:00<br>
- 동절기 09:00~17:00",연중무휴,불가능
2733851,약대울체육공원,경기도 남양주시 경춘로1283번길 46 (평내동),12,경기도,37.6515711367,127.2305761855,,"축구장, 그리고 테니스장, 바닥분수, 다양한 체력단련시설을 갖춘 공원으로 다양한 운동을 즐길 수 있다. 여름에는 물놀이장을 운영하여 무더위를 피해 아이와 가족과 함께 신나게 물놀이를 할 수 있는 곳이다. 축구장, 테니스장, 풋살장은 홈페이지를 통하여 직접 예약 후 이용이 가능하다.",,"<a href=""https://www.nyj.go.kr/rent/rent/application/index/2018/01/28/1/NYJ03/03"" target=""_blank"" title=""새창 : 약대울체육공원 사이트로 이동"">https://www.nyj.go.kr</a>",일부구역 동반가능,전 견종 동반 가능,목줄 착용,"- 주변 산책은 가능하나 체육시설 내부는 동반 불가
- 맹견의 경우, 입마개 착용 필수
- 배변봉투 지참 및 배변처리 필수",,"06:00~22:00<br>
※ 각 시설별 예약 후 이용 가능",매주 월요일,가능
2783352,스태픽스,서울특별시 종로구 사직로9길 22 (필운동),39,서울특별시,37.5774250096,126.9677078075,http://tong.visitkorea.or.kr/cms/resource/84/2790084_image2_1.jpg,"스태픽스(STAFF PICKS)는 종로구 서촌 언덕 위에 위치한 카페로, 카페 중앙에 거대한 은행나무로 유명세를 탔다. 은행나무 주변에 테이블을 배치해 야외에서 각종 음료와 디저트를 먹으며 서촌 뷰를 즐길 수 있다.
대표메뉴는 스태픽스 라떼로, 이곳의 시그니처 음료이다. 한정수량으로 판매되기 때문에 조기 품절될 수 있다. 이외에도 아메리카노, 바닐라빈 라떼, 아이스크림 라떼, 얼그레이 라떼 등 다양한 음료 메뉴가 있으며, 파운드케이크, 치즈케이크 등 디저트도 준비되어 있다. 스태픽스의 파운드케이크는 MBC 예능프로그램 <전지적 참견시점>에 방영된 후 더 유명해졌다.",,"<a href=""https://www.instagram.com/staffpicks_official/""target=""_blank"" title=""새창 : 스태픽스 인스타그램으로 이동"">https://www.instagram.com/staffpicks_official/</a>",일부구역 동반가능,맹견 제외 전 견종 동반 가능,목줄 착용,배변봉투 지참 및 배변처리 필수,,10:00~21:00,매월 마지막 주 월요일,가능
128699,여주참숯마을,경기도 여주시 강천면 걸촌동길 40,12,경기도,37.2887356407,127.6992218945,http://tong.visitkorea.or.kr/cms/resource/32/3383432_image2_1.jpg,"여주온천 부근에 위치한 여주참숯마을은 숯가마 찜질과 온천수영장, 오토캠핑, 펜션 등의 숙박시설까지 모두 갖춘 복합레저시설이다. 전국 100여개의 참숯 가마 중 한국관광공사 추천 관광지 전통 숯가마 1호로 등록된 곳으로 숯가마 찜질이 유명세를 타며 주변 부지에 오토캠핑장을 조성하였다. 대표 즐길 거리는 숯가마 찜질과 온천수영장이다. 숯가마 찜질은 여주 도자기의 원료인 황토로 만든 10개의 숯가마에 질 좋은 참나무를 4박 5일간 태운 후 구워진 참숯을 빼내고 가마에 남은 열기로 찜질하는 곳이다. 

비교적 온도가 낮은 저온 방부터 200도를 넘나드는 고온방까지 있어 숯가마 초보자부터 고수까지 모두 즐길 수 있으며, 찜질 후에는 고구마, 가래떡 등 구워 먹는 화로구이와 숯가마에서 즉석에 구워내는 3초 삼겹살을 먹어볼 수 있다. 더불어 숯 만드는 과정을 지켜보는 것도 꽤 흥미롭다. 수영장은 실내와 실외 두 곳으로 중탄산나트륨과 미네랄이 풍부한 온천수를 공급한다. 실외 수영장은 여름철에만 운영하며, 실내 수영장은 사계절 내내 즐길 수 있다.",,"<a href=""http://www.yjcharmsoot.co.kr/"" target=""_blank"" title=""새창: 자연촌 여주참숯마을 홈페이지로 이동"">http://www.yjcharmsoot.co.kr</a>",전구역 동반가능,중소형견 동반 가능,목줄 착용,"- 5Kg이하 소형견 동반캠핑 가능
- 수영장 등 실내시설은 동반 불가
- 그외지역은 자유롭게 산책가능
- 맹견의 경우, 입마개 착용 필수
- 배변봉투 지참 및 배변처리 필수",,"- 피크닉 캠프 09:30~20:00<br>
- 캠핑장 14:00~11:00",연중무휴,가능
1987566,서해금빛열차,서울특별시 용산구 한강대로23길 55 (한강로3가),12,서울특별시,37.5298249324,126.9647566449,http://tong.visitkorea.or.kr/cms/resource/89/3304789_image2_1.JPG,"갯벌, 섬, 낙조 등 다양하고 풍요로운 자원을 가득 지닌 서해안만의 매력을 찾아 떠나는 서해금빛열차는 세계 최초 한옥식 온돌마루 좌석을 갖추고 있는 차별화된 관광전용열차이다. 총 5개의 호차로 구성되어 있으며, 3호실에는 카페와 이벤트 공간, 포토존 등이 마련되어 있다. 5호실은 따뜻한 온돌에서 오순도순 둘러앉아 담소를 나눌 수도 있고, 편안하게 다리를 뻗고 누워갈 수도 있는 온돌마루실로 되어 있다. 온돌마루실은 1실당 3~6인까지 사용이 가능하며, 총 9실로 운영되고 있다.",,"<a href=""https://www.letskorail.com/ebizprd/EbizPrdTrainAtrainIntro_sW_htm11100.do"" target=""_blank"" title=""새창 : 코레일 공식 홈페이지로 이동"">http://www.letskorail.com</a>",일부구역 동반가능,전 견종  동반 가능,이동장(켄넬)사용,"- 케이지 포함 10kg 이하 동반 가능
- 예방접종증명서 소지 필수
- 다른 고객에게 불편을 끼치는 행위가 있다면 중간역에 하차 조치 될 수 있음",,※ 홈페이지 참조,※ 홈페이지 참조,
126577,명사해수욕장,경상남도 거제시 남부면 명사해수욕장길,12,경상남도,34.7272513743,128.6047816783,http://tong.visitkorea.or.kr/cms/resource/33/3077233_image2_1.jpg,"‘명사’라는 지명에서 알 수 있듯이 모래의 질이 좋고 물이 맑은 해수욕장이다. 아름다운 모래사장뿐만 아니라 해수욕장에 이르는 오솔길이 운치 있기로도 유명하다. 해변 규모는 길이 350m, 폭 30미m로 맑고 고운 모래가 완만한 경사를 이루며 유리알같이 빛난다. 주위에는 천년 노송이 우거져 있어 무더운 여름 피서지로 적당한 곳이다. 최근 해수욕장 일부에 댕해수욕장을 개장하여 반려견과 함께 해수욕을 할 수 있는 곳이다. 해안변 가까이에서 낚시를 즐기거나 홍포·여차의 다도해를 관광할 수 있다.",,"거제관광문화 <a href=""https://tour.geoje.go.kr/user/smarttour/view.geoje?basicSid=19&tourFoodStyle=A01&menuCd=DOM_000008503001000000&pageIndex=1&searchType=BASIC_TITLE&basicSection2=&searchKeyword="" target=""_blank"" title=""새창 : 거제관광문화 홈페이지로 이동"">https://tour.geoje.go.kr/</a>",전구역 동반가능,전 견종 동반 가능,목줄 착용,"- 맹견의 경우, 입마개 착용 필수
- 배변봉투 지참 및 배변처리 필수",,상시 개방,연중무휴,가능
3079601,더스테이힐링파크,경기도 가평군 설악면 한서로268번길 157,12,경기도,37.6613503648,127.5239158795,http://tong.visitkorea.or.kr/cms/resource/81/3079581_image2_1.JPG,"더 스테이 힐링파크는 숙박 시설을 비롯해 골프장, 커피숍, 레스토랑, 수영장, 피트니스 등의 시설이 있는 곳이다. 가평군 한서로에 위치한 곳으로 문화를 느끼며 힐링할 수 있도록 꾸며놓은 공간으로 강일에서 20분 거리에 있어 연중 언제나 편안히 들릴 수 있는 곳이다. 생태 유산이 풍부한 가평의 보리산 기슭 30만 평의 광활한 자연 속에서 문화와 스포츠, 휴식을 취할 수 있는 공간이다. 또한 전시, 테라피 등 힐링을 위한 요소와 문화 이벤트를 경험할 수 있다. 숙박 시설인 와일드 가든은 천혜의 자연을 만끽할 수 있는 힐링 산책로를 주변에 조성해 놓았고 알파와 앵무 등 동물들과도 만날 수 있게 꾸며놓은 곳이다. 더 스테이 빌리지는 힐링파크 안에 조성된 전원주택으로 아름다운 자작나무 숲이 조성된 야외 공간을 통해 진정한 휴식과 충전의 시간을 누릴 수 있다. 아름다운 자연 속에서 편안하게 힐링하며 쉴 수 있는 곳을 원한다면 충분한 가치가 있는 곳이다.",,"<a href=""https://www.thestayhealingpark.com/"" target=""_blank"" title=""새창 : 홈페이지로 이동"">https://www.thestayhealingpark.com/</a>",일부구역 동반가능,전 견종 동반 가능,"목줄 착용,반려동물 유모차 탑승,이동장(켄넬)사용","- 펫룸 2객실운영, 10Kg이하 동반투숙 가능
- 산책로는 25Kg이하 목출착용 이용가능
- 카페등 실내시설은 유모차 및 이동장 사용 필수
- 식당가 동반 불가",,"[와일드 가든 / 힐링산책로 / 알파와 앵무]<br>
- 하절기(3월~10월) 09:00~19:00<br>
- 동절기(11월~2월) 09:00~18:00<br>
[별빛정원]<br>
18:00~22:00<br>
※ 기타 자세한 내용은 홈페이지 참조",연중무휴,가능<br>요금 (무료)
2633956,증평 에듀팜(벨포레 리조트),충청북도 증평군 도안면 벨포레길 346,12,충청북도,36.8451985215,127.5821367111,http://tong.visitkorea.or.kr/cms/resource/87/3457387_image2_1.jpg,"아름다운 (Belle) 숲 (Foret)이라는 의미의 증평 에듀팜(벨포레 리조트)은 우리나라 중앙에 위치하여 전국 어디서든 접근하기 편리하며 드넓은 분지에 위치하여 아기자기한 산과 계곡, 호수를 아우르는 경관이 빼어나고 잘 보전된 맑고 아름다운 자연환경으로 천혜의 배산임수(背山臨水)의 터에 자리 잡고 있다. 자연 속에 자리 잡은 18홀 규모의 골프장과 클럽하우스, 국내 최장 거리에서 즐기는 4계절 로드 루지, 천혜의 자연 속에 지어진 리조트 내 40만 제곱미터의 원남 저수지에 조성된 마리나 클럽 등 다양한 레저 휴양을 한 공간에서 즐길 수 있다. 또한 드넓은 초지에서 아이들이 미니말을 타고 가족과 함께 나들이하는 외승 체험과 감탄사가 절로 나오는 보더콜리들의 멋진 양몰이 공연이 있는 벨포레 팜이 있다.",,"공식 홈페이지 <a href=""https://belleforetresort.com/"" target=""_blank"" title=""새창: 블랙스톤 벨포레 리조트 홈페이지로 이동"">https://belleforetresort.com/</a><br>공식 인스타그램 <a href=""https://www.instagram.com/bsbelleforet/"" target=""_blank"" title=""새창: 블랙스톤 벨포레 리조트 홈페이지로 이동"">https://www.instagram.com/bsbelleforet/</a>",일부구역 동반가능,전 견종 동반 가능,목줄 착용,"- 산책로는 목줄착용후 제한없이 이용가능
- 펫룸구비, 10Kg이하 소형견만 투숙가능
- 2년 이내 광견병 접종 확인증 지참 필수","펫포레 플레이그라운드 (반려견 놀이터), 펫포레 힐링코스 (반려견 산책로)","[벨포레 놀이동산, 회전그네, 미니골프]<br>
- 하절기 (3월~10월) 10:00~18:00 (매표마감 17:30)<br>
- 동절기 평일 (11월~2월) 10:00~17:00 (매표마감 16:30)<br>
- 동절기 주말 (11월~2월) 09:30~17:00 (매표마감 16:30)<br>
※ 기상 상황에 따라 운영시간 변동될 수 있음<br>
[마운틴 카트]<br>
- 하절기 (3월~10월) 10:00~18:00 (매표마감 17:30)<br>
- 동절기 (11월~2월) 10:00~17:00 (매표마감 16:30)<br>
[미디어센터]<br>
- 10:00~18:00 (입장마감 17:00)<br>
※ 이용시설별 운영시간 상이하므로 자세한 사항은 홈페이지 참조 요망","[벨포레 놀이동산, 마운틴 카트]<br>- 매주 월요일",가능
2609373,9.81 파크 제주,제주특별자치도 제주시 애월읍 천덕로 880-24,28,제주특별자치도,33.3900649983,126.3665198188,http://tong.visitkorea.or.kr/cms/resource/85/3408185_image2_1.png,"9.81 파크는 제주도 애월에 위치한 친환경 레이싱 테마파크로, 중력을 이용하여 속도를 낸다. 제주 바다를 바라보며 중력가속도만으로 스피드를 즐기는 다운힐 레이싱, 한라산 방향을 바라보며 자동회차로 여유롭게 즐기는 업힐 레이싱이 있다. 총 4개의 코스 10개의 트랙에서 자체 기술력으로 개발된 차량과 그래비티 레이싱에 최적화된 편경사와 커브 구간이 반영된 트랙에서 레이싱을 즐길 수 있으며, 아이와 함께 탑승할 수 있는 카트도 있어 가족과의 추억도 함께 남길 수 있다. 그래비티 레이싱을 비롯한 다양한 액티비티를 체험할 수 있는 무동력 레이싱 테마파크에서 제주 여행을 한층 더 즐길 수 있다.

◎ 한류의 매력을 만나는 여행 정보 - 예능 <환승연애3>
창진, 다혜가 박진감 넘치는 서바이벌과 알콩달콩한 스포츠 게임을 즐기며 데이트한 장소다. 무동력 레이싱이 메인 어트랙션이지만, 두 사람이 참여한 레이저 태그 등 실내에서 즐길 수 있는 게임도 많다.",,"<a href=""https://www.981park.com/"" target=""_blank"" title=""새창: 9.81 파크 홈페이지로 이동"">https://www.981park.com/</a>",일부구역 동반가능,13kg 이하 동반 가능,목줄 착용,"- 매주 토요일 16:00 티켓만 동반입장 가능
- 카트이용시 하네스 필수 착용, 카트에 연결
- 안전상의 이유로 몸 길이 40cm 이하 탑승 가능",,,,
126547,고창 고인돌 유적 [유네스코 세계유산],전북특별자치도 고창군 고창읍 고인돌공원길 74,12,전북특별자치도,35.4415120412,126.651534939,http://tong.visitkorea.or.kr/cms/resource/22/3018322_image2_1.jpg,"고인돌은 청동기시대 대표적인 무덤양식으로 우리나라에 3만여 기 이상이 분포되어 있는 것으로 알려져 있다. 그중에서도 전남과 전북을 포함한 한반도 서남해안 지역에 밀집 분포하고 있다. 전북지역은 2003년 조사 기준으로 424개 군집에 2,632기가 분포한 것으로 알려져 있다. 특히 고창군은 2023년 조사기준으로 전북 고인돌의 65% 이상인 1,748기의 고인돌이 존재하는 것으로 파악되었다. 고창 고인돌유적은 죽림리와 상갑리, 도산리 일대에 무리 지어 분포하고 2000년 12월 유네스코 세계문화유산에 등재되었다. 단일 구역으로서는 우리나라에서 가장 큰 군집을 이루고 있을 뿐만 아니라 탁자식, 바둑판식, 개석식 등 다양한 형식의 고인돌이 한 지역에 분포한다. 또한 고인돌 축조과정을 알 수 있는 채석장의 존재 등 동북아시아 고인돌 변천사를 규명하는 데 있어 중요한 자료가 되고 있다. 세계유산위원회에서는 등재 기준 제3항(독특하거나 아주 오래된 것)을 적용, 세계유산적 가치를 인정했다. 고창은 고인돌 박물관을 비롯하여 제1코스~제5코스 1.8㎞ (고창읍 죽림리, 아산면 상갑리 일대), 제6코스 1.7㎞ (고창읍 도산리 일대)를 탐방코스로 만들어 3천 년 전 다양한 고인돌의 모습 그대로 전승하여 오고 있다.",,"<a href=""https://www.gochang.go.kr/gcdolmen/index.gochang"" title=""새창: 고창고인돌 박물관 홈페이지로 이동"" target=""_blank"">https://www.gochang.go.kr</a>",일부구역 동반가능,전 견종 동반 가능,"목줄 착용,이동장(켄넬)사용","- 박물관 내부는 이동장 이용시 동반가능
- 유적지는 목줄착용 동반가능
- 맹견의 경우, 입마개 착용 필수
- 배변봉투 지참 및 배변처리 필수",,"- 하절기 09:00~18:00<br>  
- 동절기 09:00~17:00",매주 월요일,가능
407172,피노키오청소년수련원(피노키오 캠핑장),강원특별자치도 원주시 신림면 소야1길 72,12,강원특별자치도,37.2574840515,128.1677250095,http://tong.visitkorea.or.kr/cms/resource/02/3504902_image2_1.jpg,"피노키오 청소년 수련원은 강원도 원주시 황둔면 피노키오 자연휴양림 안에 자리한 수련원이다. 피노키오 자연휴양림은 산림으로 이루어진 곳으로 치악산 줄기에 있어 아름다운 자연환경을 자랑한다. 휴양림 안에는 청소년 수련원, 캠핑장, 카라반 등의 시설이 조성되어 있으며 청소년 수련원은 주로 기업연수, 학교나 교회 수련회, 가족여행 등 단체 방문객을 위한 시설로 운영하고 있다. 피노키오 청소년 수련원은 숙박시설과 수련원 1층 중강당과 지하 1층 대강당, 본관 강당으로 구성되어 있다. 또한, 야외 체험시설로는 포레스트 챌린지, 측백나무 미로체험장과 숲 체험 및 트래킹 코스, 한옥카페, 정글숲카페, 힐링 족욕장, 나전칠기 전시관  등이 있어 다양한 체험거리와  자연 속 힐링 공간을 보유하고 있다.",,"<a href=""http://pinoforest.kr/index2.php"" target=""_blank"" title=""새창: 피노키오 청소년수련원홈페이지로 이동"">http://pinoforest.kr</a>",일부구역 동반가능,전 견종 동반 가능,목줄 착용,"- 반려견동반 캠핑은 불가
- 외부 산책길은 목줄 착용 시 자유롭게 동반 가능
- 맹견의 경우, 입마개 착용 필수",,09:00~22:00,연중무휴,가능
2749319,고석정 꽃밭,강원특별자치도 철원군 동송읍 태봉로 1769,12,강원특별자치도,38.1882847569,127.2955240388,http://tong.visitkorea.or.kr/cms/resource/16/3331516_image2_1.JPG,"고석정 꽃밭은 강원도 철원의 대표 관광지인 고석정 근처에 조성된 꽃밭이다. 이곳은 시즌별 다양한 매력의 꽃을 볼 수 있는 특색 있는 공간으로 촛불맨드라미, 코스모스, 해바라기, 천일홍, 백일홍, 코키아, 구절초, 메밀꽃 등 오색빛깔의 다채로운 꽃들이 각자의 아름다움을 뽐낸다. 어느 곳에서 사진을 찍어도 꽃을 풍경으로 하여 선명하고 예쁜 사진을 찍을 수 있다. 시즌별로 개장 시기가 상이하므로 홈페이지를 확인한 후 방문하는 것을 추천한다. 

◎ 한류의 매력을 만나는 여행 정보
시기별로 다채로운 꽃을 만날 수 있는 화려한 꽃밭과 끝없이 펼쳐진 꽃들 사이에서 <놀면 뭐하니>의 멤버들처럼 사진을 찍으며 추억을 남기거나 <런닝맨>의 멤버들처럼 ‘나 잡아봐라~’를 외치며 즐겨볼 것을 추천한다.",,"<a href=""https://www.cwg.go.kr/tour/contents.do?key=1823"" target=""_blank"" title=""새창: 철원군 문화관광 홈페이지로 이동"">https://www.cwg.go.kr/tour/</a>",전구역 동반가능,전 견종 동반 가능,목줄 착용,"- 맹견의 경우, 입마개 착용 필수
- 배변봉투 지참 및 배변처리 필수",,"09:00~19:00 (매표마감 18:00)<br>
※ 야간개장 일정 및 시간은 홈페이지 참조",매주 화요일,가능
131815,당진 장고항,충청남도 당진시 석문면 장고항로,28,충청남도,37.0312922335,126.5595239472,http://tong.visitkorea.or.kr/cms/resource/33/3567533_image2_1.jpg,"장고항은 당진시 석문면 장고항2리 바닷가에 위치하고 있으며, 전형적인 어촌으로 주로 어업에 종사한다. 이곳의 즐길거리는 썰물 때 바지락 잡기 체험을 할 수 있으며, 왜목마을 해돋이로 유명한 노적봉이 있는 끝자락에서 갯바위 낚시를 즐길 수 있다. 이곳에서는 실치가 많이 나고 있으며 매년 4월에는 실치축제가 열리고 있다. 항구에서 배로 20~30분 정도 나가면 우럭, 노래미, 광어 등의 손맛을 볼 수 있으며, 운 좋은 날에는 3시간 동안 20~30수를 잡을 수도 있다. 바다 일출과 일몰을 볼 수 있는 장고항 인근의 왜목마을이 널리 알려져 있으며, 심훈이 소설 상록수를 썼던 필경사 등 둘러볼 곳이 많다.",041-360-8220,"<a href=""https://www.dangjin.go.kr/tour.do"" target=""_blank"" title=""새창: 당진 문화관광 홈페이지로 이동"">https://www.dangjin.go.kr/tour.do</a>",일부구역 동반가능,전 견종 동반 가능,목줄 착용,"- 맹견의 경우, 입마개 착용 필수
- 배변봉투 지참 및 배변처리 필수",,,,
2775500,소돌해수욕장,강원특별자치도 강릉시 주문진읍 해안로 1993,12,강원특별자치도,37.9062383246,128.8272654209,http://tong.visitkorea.or.kr/cms/resource/23/2921823_image2_1.jpg,"강릉 주문진해변과 인접해 있는 해변이다. 백사장은 타원형으로 길이 500m, 면적 35,000㎡이다. 마을 전체가 소가 누워 있는 모양이라 하여 소돌이라는 지명이 붙었으며, 주변은 기암으로 덮여 있고, 앞바다에 소를 닮은 바위가 있다. 타원형의 해변은 모래가 희고 경사가 완만하며, 수심이 얕아 조개도 잡을 수 있다. 화장실·탈의실·샤워장 등 편의시설이 갖추어져 있고, 면적 1,650㎡의 소나무숲에서는 야영도 할 수 있다. 인근에 주문진항·우암진항·오리진항 등이 있어 싱싱한 해산물을 저렴하게 구입할 수 있으며, 배를 빌려 가자미 낚시도 즐길 수 있다. 매년 7월 15일부터 8월 20일까지 해수욕장으로 운영된다.",,"<a href=""http://sodolbeach.co.kr/"" target=""_blank"" title=""새창 : 소돌해수욕장 사이트로 이동"">http://sodolbeach.co.kr/</a>",일부구역 동반가능,전 견종 동반 가능,목줄 착용,"- 맹견의 경우, 입마개 착용 필수
- 배변봉투 지참 및 배변처리 필수",,상시 개방,연중무휴,가능
2638586,월류봉 둘레길,충청북도 영동군 황간면 원촌리,28,충청북도,36.2343157417,127.8917176682,http://tong.visitkorea.or.kr/cms/resource/53/3569453_image2_1.jpg,"월류봉 둘레길은 포토존이 있는 데크에서 반야사까지 이르는 구간으로, 1코스 여울소리길, 2코스 산내소리길, 3코스 풍경소리길로 구성되어 있다. 데크길을 조성해 무장애 탐방이 가능한 구간이 많아 남녀노소 가볍게 산책하듯 걸을 수 있는 편한 둘레길이다. 1코스 여울소리길은 다섯 봉우리가 이루는 산세와 절벽 끝에 있는 정자 월류정, 그 아래 유유히 흐르는 조강천을 보며 시작되어 석천을 지나 완정교에 이른다. 2코스 산새소리길은 농촌마을 풍경과 물 흐르는 소리를 감상하며 걷는 길로 완정리에서 백화마을을 지나 우매리로 향하는 길이다. 3코스 풍경소리길은 우매리에서 시작하여 징검다리를 건너 피톤치드가 많은 편백나무 숲과 백화산 반야사를 걷는 길이다.",,"<a href=""https://tour.yd21.go.kr/tour/html/sub01/0102.html""target=""_blank"" title=""새창: 영동군 문화관광"">https://tour.yd21.go.kr</a>",전구역 동반가능,전 견종 동반 가능,목줄 착용,"- 맹견의 경우, 입마개 착용 필수
- 배변봉투 지참 및 배변처리 필수",,,,
2606741,지중해마을,충청남도 아산시 탕정면 탕정면로8번길 55-7,12,충청남도,36.7969864197,127.0616376806,http://tong.visitkorea.or.kr/cms/resource/90/3568490_image2_1.jpg,"지중해마을은 이국적인 유럽풍 건물이 모여 지중해의 작은 시골 마을을 연상시키는 곳이다. 이 마을은 아산 탕정신도시 조성으로 불가피하게 이주하게 된 이 일대 주민들이 모여 새롭게 일군 마을이다. 아산 탕정신도시 한가운데에 조성되었으며 이색적이고 이국적인 느낌을 주며, 블루 크리스털 빌리지(Blue Crystal Village)라는 별명을 갖고 있다. 이 마을은 도로를 사이에 두고 남서쪽은 붉은 지붕의 성곽 형식이 두드러진 남프랑스의 프로방스 풍으로 꾸며져 있고, 남동쪽은 원형의 파란 지붕과 하얀 벽이 화사한 그리스 산토리니를 모델로 했다. 가장 인기 있는 곳은 포토존으로 천사의 날개, 등대 모양의 빨간 우체통을 배경으로 사진을 찍을 수 있다. 이곳에서는 디자인과 색감이 독특한 건물들을 구경하고, 아기자기한 골목을 걸으면서 카페, 소품점, 옷 가게 등 여러 매장을 둘러보는 즐거움이 있다. 주변에는 온양온천, 현충사, 아산곡교천야영장 등의 관광지가 있어 연계하여 관광할 수 있으며, 경부고속철도 및 장항선 철도 천안아산역이 멀지 않다.",,"아산시 문화관광<a href=""https://tour.asan.go.kr/tour/develop/m_tour/?m_mode=view&pds_no=2019111514554932522&PageNo=1"" target=""_blank"" title=""새창 : 홈페이지로 이동"">https://www.asan.go.kr</a>",전구역 동반가능,전 견종 동반 가능,목줄 착용,"- 맹견의 경우, 입마개 착용 필수
- 배변봉투 지참 및 배변처리 필수",,상시 개방,연중 무휴,가능 (소형 50대)
2605817,태화강 국가정원십리대숲,울산광역시 중구 태화동 667 태화강 국가정원 안내센터,28,울산광역시,35.5487747405,129.2911995498,http://tong.visitkorea.or.kr/cms/resource/01/3565101_image2_1.jpg,태화강은 울산의 생명을 유지시켜 주는 혈관이기도 한데 십리대숲은 태화강을 따라 십리에 걸쳐 펼쳐진 대나무 숲으로 오랜 세월 자생해 온대나무를 활용한 자연정원이다. 약 50만 본의 대나무 사이로 불어오는 강바람과 댓잎의 속삭임이 귀를 간질인다. 밤이면 색색 불빛이 대나무와 만나 밤하늘의 은하수와 같은 분위기를 연출하는 은하수길은 몽환적이고 이색적인 필수 관람코스가 되었다. 낮과 밤의 색다른 매력들이 넘치는 대나무 숲을 걸으며 도심 속 힐링의 시간을 가져보는 것을 추천한다.,,"<a href=""https://www.ulsan.go.kr/s/garden/bbs/view.ulsan?bbsId=BBS_0000000000000165&mId=001002001000000000&dataId=27102"" target=""_blank"" title=""새창: 태화강 홈페이지로 이동 "">https://www.ulsan.go.kr/s/garden</a>",전구역 동반가능,전 견종 동반 가능,목줄 착용,"- 맹견의 경우, 입마개 착용 필수
- 배변봉투 지참 및 배변처리 필수",,,,
2745594,성수연방,서울특별시 성동구 성수이로14길 14,12,서울특별시,37.5417140944,127.0568784737,http://tong.visitkorea.or.kr/cms/resource/24/3564924_image2_1.jpg,"서울 성동구에 위치한 성수연방은 각자의 분야에서 특별한 개성과 능력, 이야기를 가진 구성원들이 모인 생활 문화 소사이어티 플랫폼이다. 개성과 감성이 돋보이는 다양한 매장들과 식당, 카페들이 모여있는 복합 문화 공간으로 성수동의 핫플레이스다. 1970년대 공장을 리모델링한 공간으로 건물 구조는 마당을 중심으로 ‘ㄷ’자 형태를 띄고 있다. 메이플탑, 천상가옥, 포토랩스 등 다양한 매장들이 들어와 있으며, 남녀노소 누구나 방문이 가능하며 문화생활을 즐길 수 있다.",,"<a href=""https://sites.google.com/view/ssyb"" target=""_blank"" title=""새창 : 성수연방 홈페이지로 이동"">https://sites.google.com/view/ssyb</a>",전구역 동반가능,전 견종 동반 가능,목줄 착용,"- 맹견의 경우, 입마개 착용 필수
- 배변봉투 지참 및 배변처리 필수",,10:00~22:00,,
2946493,쁘띠샹들리에,충청북도 제천시 신월동 220-10,39,충청북도,37.1505773409,128.1898900317,http://tong.visitkorea.or.kr/cms/resource/18/2947618_image2_1.jpg,"프랑스 르 코르동 블루 출신의 파티시에가 만드는 프랑스식 디저트 전문점이다. 유기농 밀가루를 이용하여 모든 빵과 디저트를 직접 만들고 있고 커피 또한 디저트와 잘 어울리는 다크 블랜딩으로 준비되어 있으며 카페인을 못 드시는 분들을 위한 디카페인 커피도 준비되어 있다. 대표메뉴로는 몽블랑이 있고 그 외에 마카롱, 까눌레, 크로와상, 케이크 등 메뉴가 다양해 선택의 폭이 넓고 커피뿐만 아니라 다양한 음료도 준비되어 있다. 매장 외부는 언덕 위 살구색 건물과 붉은 벽돌 계단이 동화 같은 분위기를 풍기며 로맨틱한 인테리어 내부는 좌석이 넓어 편안하며 외부 테라스도 많아 여유를 즐길 수 있다.",,"<a href=""https://www.instagram.com/petit_chandelier""target=""_blank"" title=""새창 : 업체인스타그램 이동"">https://www.instagram.com/petit_chandelier</a>",일부구역 동반가능,반려동물 동반 가능,,,,11:00~21:00 (마지막 주문 20:45),연중무휴,가능
126374,담양 소쇄원,전라남도 담양군 가사문학면 소쇄원길 17,12,전라남도,35.184377798,127.0121927787,http://tong.visitkorea.or.kr/cms/resource/74/3532174_image2_1.jpg,"소쇄원은 한국 민간원림의 원형을 간직하고 있어 명승 40호로 지정된 곳으로, 자연에 대한 인간의 경외와 순응, 도가적 삶을 산 조선시대 선비들의 만남과 교류의 장으로서 경관의 아름다움이 가장 탁월하게 드러난 문화유산의 보배이다. 1,400여 평의 공간 안에 건축 및 조경물이 자연과 조화를 절묘하게 이뤄내며 조성되어 있고, 곳곳에 조선시대 선비들의 심상이 묻어나 있다. 현재 남아있는 건물은 대봉대와 광풍각 그리고 제월당이 있으며, 긴 담장이 동쪽에 걸쳐 있고, 북쪽의 산 사면에서 흘러내린 물이 계곡을 이루고 흘러내려와 담장 밑을 통과하여 소쇄원의 중심을 관통한다.
소쇄원의 주요 조경 수목은 대나무와 매화, 소나무, 난, 동백 등이 있으며, 초본류는 석창포와 창포, 맥문동, 꽃무릇, 국화 등이 있다. 조경물로는 너럭바위, 흘러내리는 폭포, 걸상모양의 탑암과 책상바위 상암, 홈을 판 고목으로 물을 이어가는 두 개의 연못 등이 있다. 뿐만 아니라 따뜻한 정을 느끼게 하는 애양단, 계곡을 건너지르는 외나무다리 약작, 경사지에 적절히 단을 쌓아 꽃과 나무를 심고 담장으로 내부공간을 아우르고 감싸는 조화로운 곳이다. 이러한 공간의 조성은 조선 중종 때의 선비로서 조광조의 제자인 소쇄공 양산보의 주도로 이루어졌으며, 정확한 조영 시기는 1530년대에 시작하여 그의 자식과 손자 대에 이르러 완성된 것으로 추정되고 있다. 이후 정유재란으로 건물이 불에 타기도 했지만, 후손들에 의하여 다시 복원, 중수되어 현재까지 15대에 걸쳐 후손들이 잘 가꾸어 나가고 있다.",,"<a href=""http://www.soswaewon.co.kr/"" target=""_blank"" title=""새창: 소쇄원 홈페이지"">http://www.soswaewon.co.kr/</a>",일부구역 동반가능,전 견종 동반 가능,목줄 착용,"- 정자 시설은 동반 불가
- 맹견의 경우, 입마개 착용 필수
- 배변봉투 지참 및 배변처리 필수",,"- 3~4월, 9~10월 09:00~18:00<br>
- 5~8월 09:00~19:00<br>
- 11~2월 09:00~17:00",연중무휴,가능
127696,거창 수승대,경상남도 거창군 위천면 은하리길 2,12,경상남도,35.7609657443,127.8336967988,http://tong.visitkorea.or.kr/cms/resource/04/3020304_image2_1.jpg,"이곳은 삼국시대에는 신라와 백제의 국경지대였고 조선 때는 안의현에 속해 있다가 일제 때 행정구역 개편으로 거창군에 편입되어 오늘에 이른다. 수승대는 삼국시대 때 백제와 신라가 대립할 무렵 백제에서 신라로 가는 사신을 전별하던 곳으로 처음에는 돌아오지 못할 것을 근심하였다 해서 근심 수(愁), 보낼 송(送) 자를 써서 수송대(愁送臺)라 하였다. 수송대라 함은 속세의 근심 걱정을 잊을 만큼 승경이 빼어난 곳이란 뜻으로 불교의 이름에 비유되기도 한다. 그 후 조선 중종 때 요수신권(樂水 愼權) 선생이 은거하면서 구연서당(龜淵書堂)을 이곳에 건립하고 제자들을 양성하였고 대의 모양이 거북과 같다 하여 암구대(岩龜臺)라 하고 경내를 구연동(龜淵洞)이라 하였다.

지금의 이름은 1543년에 퇴계 이황(退溪 李滉) 선생이 안의현 삼동을 유람차 왔다가 마리면 영승리에 머물던 중 그 내력을 듣고 급한 정무로 환정하면서 이곳에 오지는 못하고 이름이 아름답지 못하다며 음이 같은 수승대(搜勝臺)라 고칠 것을 권하는 사율시(四律詩)를 보내니 요수 신권선생이 대의 면에다 새김에서 비롯되었다. 경내에는 구연서원(龜淵書院) 사우(祠宇) 내삼문(內三門) 관수루(觀水樓) 전사청(典祠廳) 요수정(樂水亭) 함양제(涵養齊) 정려(旌閭) 산고수장비(山高水長碑)와 유적비(遺蹟碑) 암구대(岩龜臺) 등이 있는데 이는 유림과 거창 신 씨 요수종중에서 공동 관리하고 있으며, 솔숲과 물과 바위가 어울려 경치가 빼어나고 또한 자고암과 주변에는 고란초를 비롯한 희귀 식물들이 자생하고 있다.",,"<a title=""새창 : 거창 수승대 홈페이지로 이동"" href=""http://www.geochang.go.kr/ssd/"" target=""_blank"">http://www.geochang.go.kr/ssd/</a>",일부구역 동반가능,전 견종 동반 가능,목줄 착용,"- 시설(캠핑장, 야영장, 수영장, 썰매장 등)은
 동반 불가
- 맹견의 경우, 입마개 착용 필수
- 배변봉투 지참 및 배변처리 필수",,"- 오토캠핑장 14:00~익일13:00<br>
- 제2 오토캠핑장 14:00~익일13:00<br>
- 야영장 12:00~익일11:00<br>
- 썰매장 10:00~17:00 (시설물 정비 13:00~14:00)",연중무휴,가능 (약 700여 대)
126720,풍도,경기도 안산시 단원구 풍도길 28 (풍도동),12,경기도,37.1112106471,126.3929258117,,"대부도에서 24km 떨어진 서해의 작은 섬 풍도는 복수초, 노루귀, 변산 바람꽃, 홀아비바람꽃 등의 아름다운 야생화가 많이 자라기로 유명하다. 단풍나무가 많아 조선말까지 단풍나무 풍(楓) 자를 써서 풍도(楓島)로 표기하였으나, 농토가 없고 섬 주변 어장에 해산물이 여의치 않아 섬 이름을 풍년 豊자로 바꾸어 풍도(豊島)로 부르고 있다. 풍도에는 다양한 볼거리가 있는데, 하늘과 맞닿은 하늘길인 동무재, 야생화 천국 풍도의 비밀정원, 수령 500년이 넘은 풍도의 은행나무, 풍도해전 당시 청나라 군사들의 시신이 밀려왔던 청옆골 해변이 대표적이다.",,,전구역 동반가능,전 견종 동반 가능,"목줄 착용,이동장(켄넬)사용","- 선실 객실은 동반불가, 승선 시 가급적
 이동장(켄넬) 사용 
- 선착장 전화번호 : 032-886-7813~4
- 맹견의 경우, 입마개 착용 필수 
- 배변봉투 지참 및 배변처리 필수",,상시 개방,연중무휴,가능
2768107,선재낚시공원,인천광역시 옹진군 영흥면 선재로226번길 164,28,인천광역시,37.2542685314,126.5220129578,http://tong.visitkorea.or.kr/cms/resource/14/2791214_image2_1.JPG,"인천 옹진군 선재도 내륙에 있는 바다 낚시터이다. 거대 양식장과 같은 바닷물 낚시장에 컨테이너형 방갈로가 빙 둘려 있다. 방갈로에서 쉬면서 낚시를 즐기는 곳으로 가족 단위 방문객들도 많이 찾는 곳이다. 돔, 우럭, 광어 등 횟집에서 자주 찾는 바다 고기를 잡을 수 있는 곳으로 낚시 손맛을 즐기려는 사람들에게 인기가 좋다.",,"<a href=""https://www.instagram.com/sunjae_fishing"" target=""_blank"" title=""새창 : 선재바다낚시공원 사이트로 이동"">https://www.instagram.com/sunjae_fishing/</a>",전구역 동반가능,전 견종 동반 가능,목줄 착용,"- 낚시에 방해되지 않도록 각별히 주의요망
- 맹견의 경우, 입마개 착용 필수
- 배변봉투 지참 및 배변처리 필수",,,,
1125480,상소동 산림욕장,대전광역시 동구 상소동 산 1-1,12,대전광역시,36.2313640959,127.4710996743,http://tong.visitkorea.or.kr/cms/resource/55/3320755_image2_1.jpg,"상소동 산림욕장은 만인산과 식장산 자락 중간지점, 대전역에서 금산방향으로 약 10km 지점에 위치하고 있다. 산림욕장으로 가는 길에 버즘나무 가로수 터널이 아름다움을 더해주고 있다. 자연체험과 휴양을 할 수 있는 각종 시설이 조성되어 있고, 특히 수많은 돌탑이 조성되어 있어 볼거리를 제공하고 있다. 가족이나 연인 등 각계각층에서 가족의 건강이나 여러 가지 염원을 담은 돌탑을 쌓을 수 있는 공간이 있어 뜻깊은 기회를 제공하여 주기도 한다. 또 봄부터 가을까지 수많은 야생화를 감상할 수 있으며, 가벼운 마음으로 찾아와 산책과 등산과 휴양을 즐길 수 있는 곳이다.",,"<a href=""https://www.donggu.go.kr/dg/tour/229/4/sights"" target=""_blank"" title=""새창 : 대전 동구 문화관광 홈페이지로 이동"">https://www.donggu.go.kr/</a>",일부구역 동반가능,전 견종 동반 가능,목줄 착용,"- 산림욕장은 전견종 동반 가능하나 캠핑장은 15Kg이상 동반 불가
 - 맹견 및 대형견의 경우, 입마개 착용 필수
 - 배변봉투 지참 및 배변처리 필수",,"[산림욕장]<br>
- 하절기 09:00~20:00<br>
- 동절기 09:00~19:00<br>
[물놀이장]<br>
09:00~17:00<br>
※ 단, 목요일은 16:00까지 운영<br>
※ 우천 등으로 물놀이장 운영이 어려울 경우 이용에 제한",연중무휴,가능<br>요금 (무료)
2007951,오크우드 프리미어 인천,인천광역시 연수구 컨벤시아대로 165,32,인천광역시,37.3891939097,126.6444564277,http://tong.visitkorea.or.kr/cms/resource/37/2720037_image2_1.jpg,"오크우드 프리미어 인천은 동북아시아의 떠오르는 경제허브인 인천자유경제구역 송도 국제업무단지의 중심부에 위치해 있다. 인천국제공항에서 20여분 거리의 편안한 위치에 자리 잡은 오크우드 프리미어 인천은 송도 국제도시의 랜드마크이자 국내 최고층 빌딩인 동북아 무역타워(NEATT)의 상층부에 위치해 최고의 전망을 자랑하며 비지니스를 위한 송도 컨벤시아, 국제업무지구, 바이오 연구단지는 물론 롯데몰, 잭 니클라우스 골프클럽, 인천 아트센터, 센트럴파크, 해돋이 공원 등과 같은 문화시설과 인접해 더욱 편리하다. 넓은 면적과 수납공간을 자랑하는 423개의 객실은 가장 기본 타입인 스튜디오 타입부터 1, 2, 3, 4 베드룸, 펜트하우스까지 다양한 타입으로 선보인다. 하루부터 1년 이상의 장기 투숙까지 가능한 오크우드 프리미어 인천의 객실에는 냉장고, 전자레인지, 식기세척기 등 주방 시설이 완비되어 있고 대형 TV, DVD, 세탁기, 건조기 등의 생활 가전까지 갖추고 있어 완벽한 주고 공간을 제공한다. 또한 레스토랑, 비즈니스 센터, 미팅룸, 피트니스 센터, 어린이 놀이방 등의 부대시설은 물론, 일일 객실 정비 서비스, 24시간 운영 프론트, 룸서비스 등의 서비스를 함께 제공하고 있다.",,"<a href=""https://www.homehmc.com/ko/oakwood-incheon-songdo/"" target=""_blank"" title=""새창 : 오크우드 프리미어 인천 홈페이지로 이동"">https://www.homehmc.com/ko</a>",일부구역 동반가능,9kg 이하 동반 가능,,"- 전객실 2마리까지만 투숙 가능
- 보증금 50만원, 1마리당 청소비용 77,000원 부과",,15:00,,가능
879086,월미공원,인천광역시 중구 월미로 131-31 (북성동1가),12,인천광역시,37.47574981,126.6041549279,http://tong.visitkorea.or.kr/cms/resource/69/3532869_image2_1.jpg,"월미산은 50여 년간 국제연합군 주둔으로 시민의 출입이 제한되었으나 2001년 국방부로부터 인천시가 인수하면서 공원으로 조성하여 시민들에게 개방하였다. 월미공원은 50년 가까이 사람의 발길이 닿지 않아 자연생태계가 잘 보전되어 있다. 월미공원에는 공원조성계획에 의해 조성된 한국전통정원이 있는데 궁궐정원, 별서정원, 민가정원으로 구성되어 있다. 궁궐정원에는 창덕궁의 연못 부용지, 연꽃이 가득한 연못 애련지, 아미산 굴뚝 및 화계가 있고, 별서정원에는 국담원, 소쇄원, 서석지가 있다. 민가정원에는 전통 건축 양식의 양진당과 초가, 인공 연못, 개울, 논 등 다양한 볼거리가 많다.",,"<a href=""https://www.icjg.go.kr/tour/cttu0104a05"" target=""_blank"" title=""새창 : 홈페이지로 이동"">https://www.icjg.go.kr</a>",일부구역 동반가능,전 견종 동반 가능,목줄 착용,"- 맹견의 경우, 입마개 착용 필수
- 배변봉투 지참 및 배변처리 필수","반려견 놀이터 
- 동물 등록증 보유 및 광견병 확인 필수 
- 월요일 및 우천 시 휴무 
- 이용시간 : 평일 오전 9시부터 오후 6시","- 하절기(3월~10월) 05:00 ~ 23:00<br>
하절기 입장종료 22:00<br>
- 동절기(11월~2월) 05:00 ~ 22:00<br>
동절기 입장종료 21:00",연중무휴,가능
2779449,비밀의 숲,제주특별자치도 제주시 구좌읍 송당리 2173,12,제주특별자치도,33.4537780343,126.7552818445,http://tong.visitkorea.or.kr/cms/resource/87/3354187_image2_1.jpg,"제주시 구좌읍에 있는 비밀의 숲은 SNS에서 포토존으로 유명해진 자연 숲길 명소다. 제주도의 유명 숲인 비자림, 사려니숲길과는 또 다른 매력을 지녔다. 희귀 편백나무 숲부터 넓은 초원, 돌담과 오두막 등 다채로운 구성과 제주도만의 감성을 담은 포토 스폿들이 있다. 특히 유채꽃과 핑크뮬리 등 사계절 아름다운 자연을 구경할 수 있다. 다만 사유지라 입장 전 촬영은 어려우며, 포장도로로 가기 위해서는 홈페이지에 안내된 주소를 참고해야 한다.

◎ 한류의 매력을 만나는 여행 정보 - <부라보콘CF> 
<부라보콘CF> 풀버전 첫 장면으로 부승관이 초록 숲을 느끼며 눈을 감았으며 앉아 있는 승관의 뒤로 밴드 멤버들이 폴짝 뛰어오르는 꽃밭도, 함께 산책하는 숲도 청량하다. 안돌오름 비밀의 숲은 이름 그대로 비밀스럽게 숨겨진 곳이다. 자연적인 숲엔 화장실조차 없지만 스냅사진을 찍으러 오는 사람들로 가득하다. 울창한 숲은 초지와 편백나무 숲으로 이어지며 곳곳엔 포토존이 있다. 특히 민트색 트레일러 앞은 촬영 필수 코스이니 사진을 찍어보길 추천한다.",,"<a href=""https://www.instagram.com/secretforest75/"" target=""_blank"" title=""새창 : 비밀의 숲 사이트로 이동"">https://www.instagram.com/secretforest75</a>",전구역 동반가능,전 견종 동반 가능,목줄 착용,"- 맹견의 경우, 입마개 착용 필수 
- 배변봉투 지참 및 배변처리 필수",,09:00~18:00,연중무휴,가능
2733063,오산 죽미령 평화공원,경기도 오산시 경기대로 742,12,경기도,37.1846608982,127.0490281165,http://tong.visitkorea.or.kr/cms/resource/64/2733064_image2_1.jpg,"6·25전쟁 및 유엔군 초전(오산 죽미령 전투) 70주년이 되는 2020년 7월 5일에 정식 개장한 오산 죽미령 평화공원은 6·25 발발 10일만인 1950년 7월 5일 북한군과 유엔군 지상군이 첫 교전을 치러 많은 희생을 치렀던 죽미령에 조성된 역사 공원이다. 1955년 미 제24사단에 의해 세워진 구 유엔군 초전기념비를 비롯해 1982년 확장 개수된 신 유엔군 초전기념비, 2013년에 건립된 유엔군 초전기념관과 2020년 건립된 스미스 평화관을 아우르는 총면적 134,014.7㎡의 공원으로써 전망대, 미러 폰드, 잔디마당, 평화 놀이터 등 방문객들이 평화로운 여가를 보낼 수 있도록 구성되어 있다. 오산 죽미령 평화공원은 유엔군 초전이 한반도 평화와 자유 수호의 첫 번째 역사였음을 가치있게 재조명하는 한편, 감사와 추모를 넘어 평화적인 미래로 나아갈 때 희생의 가치가 더욱 빛날 것이라는 비전 아래 평화문화 플랫폼으로써 새롭게 발돋움하고 있다.",,"<a href=""https://www.osan.go.kr/osanunm/main.do"" target=""_blank"" title=""새창 :오산 죽미령 평화공원  홈페이지로 이동"">https://www.osan.go.kr/osanunm/main.do</a>",전구역 동반가능,전 견종 동반 가능,목줄 착용,"- 맹견의 경우 입마개 착용 필수
- 어린이 모레놀이터 등 일부시설 출입불가
- 배변봉투 지참 및 배변처리 필수",,상시 개방,연중무휴,가능
2654773,순창군 채계산 출렁다리,전북특별자치도 순창군 적성면 비홍로 68,12,전북특별자치도,35.4125281109,127.2388724788,http://tong.visitkorea.or.kr/cms/resource/25/3351325_image2_1.jpg,"채계산은 순창 적성면과 남원 대강면 일원에 자리하고 있는 해발 342m의 산이다. 채계산은 회문산, 강천산과 더불어 순창의 3대 명산 중 하나로 일명 화산(華山)이나 적성산과 책여산 등 여러 이름으로 불리고 있다. 바위가 책을 쌓은 것처럼 보인다 하여 책여산, 적성강변 임동의 매미 터에서 동쪽을 바라보면 마치 비녀를 꽂은 여인이 누워서 달을 보며 창을 읆는 모습인 월하미인(月下美人)의 형상을 하였다고 하여 채계산이라 불리고, 적성강을 품고 있어 적성산으로도 불린다. 채계산 출렁다리는 24번 국도 사이에 적성 채계산과 동계 채계산으로 나뉘어지는 채계산을 하나로 이어주는 역할을 하며 현재 국내에서 가장 긴 무주탑 산악 현수교이다. 길이는 270m이고 높이는 최고 75~90m이다.",,"<a href=""http://www.sunchang.go.kr/tour/index.sunchang?menuCd=DOM_000000401001003000""target=""_blank"" title=""새창: 순천군 문화관광"">http://www.sunchang.go.kr</a>",전구역 동반가능,전 견종 동반 가능,목줄 착용,"- 대형견 및 맹견의 경우 입마개 착용 필수
- 배변봉투 지참 및 배변처리 필수",,"[동절기(11월~2월)]<br>09:00~17:00<br/>
[하절기(3월~10월)]<br>09:00~18:00<br/>
※ 기상상황에 따라 운영시간 변경",연중무휴,가능
2603509,월정교,경상북도 경주시 천원2길 11 (교동),12,경상북도,35.8279335447,129.2161732088,http://tong.visitkorea.or.kr/cms/resource/25/2706225_image2_1.jpg,"통일신라시대의 교량인 월정교는 조선시대에 유실되어 없어진 것을 10여 년간의 조사 및 고증과 복원을 진행해 2018년 4월 모든 복원 완료했다. <삼국사기>에 의하면 통일신라시대 경덕왕 19년(760년)에 지어진 것으로 기록되고 있으며 당시 경주 월성과 남산을 연결하는 역할을 했다. 1984년 11월 26일부터 1986년 9월 8일까지 두 차례에 걸친 복원 설계용 자료 수집과 발굴 조사에서 나무로 된 교량이  있었음이 처음으로 확인되었다. 이후 2008년부터 2013년까지의 공사를 통해 길이 66.15m, 폭 13m, 높이 6m 규모의 교량이 복원되었다.
2016년 4월부터는 다리 양쪽 끝에 문루 두 동을 세우는 공사가 진행되어, 2018년 4월 최종 준공되었다. 문루 2층에는 교량의 복원과정을 담은 영상물과 출토 유물을 볼 수 있는 전시관이 있으며, 낮에는 월정교의 자태를 오롯이 볼 수 있어 좋고 밤의 월정교는 또 다른 매력으로 경주 야경 장소로 인기있는 곳이다. 월정교 앞에 설치된 징검다리에서 월정교를 바라보면 강 위에서 은은하게 빛나는 월정교의 풍경을 눈에 담을 수 있다.",,"경주문화관광 <a href=""https://www.gyeongju.go.kr/tour/page.do?cmd=2&mnu_uid=2292&area_uid=49""target=""_blank"" title=""새창:  경주문화관광 홈페이지로 이동"">http://www.gyeongju.go.kr/tour</a>",일부구역 동반가능,전 견종 동반 가능,"목줄 착용,반려동물 유모차 탑승,이동장(켄넬)사용","- 유모차 및 케이지 사용 가능한 견종만 동반 가능
- 반려동물 유모차 혹은 이동장 필수
- 반려동물은 다리 직접 보행 불가
- 배변봉투 지참 및 배변처리 필수",,09:00~22:00,연중무휴,가능
2602619,물의 정원,경기도 남양주시 조안면 북한강로 398,12,경기도,37.5575613373,127.3132463631,http://tong.visitkorea.or.kr/cms/resource/12/2675412_image2_1.jpg,"물의정원은 2012년 한강 살리기 사업으로 조성한 수변공원으로 자연과 소통하여 몸과 마음을 정화하고 치유하는 자연 친화적 휴식공간이다. 물의정원 상징교인 뱃나들이교를 건너면 수려한 북한강과 맞닿아 있는 강변산책로를 따라 대단지 초화단지가 조성되어 봄철(꽃양귀비) 및 가을철(황화코스모스) 초화류를 만끽할 수 있습니다. 자전거를 타고 달리는 것도 좋고, 연인과 산책하고, 가족 나들이하기도 좋은 곳이다. 

(출처 : 남양주시 문화관광 홈페이지)",,"<a href=""https://www.nyj.go.kr/culture/viewTnResrceU.do?resrceNo=365&rcpp=6&si1=2&si2=2&cpn=3&key=253"" target=""_blank"" title=""새창 : 남양주시 문화관광"">https://www.nyj.go.kr/</a>",전구역 동반가능,전 견종 동반 가능,목줄 착용,"- 맹견의 경우, 입마개 착용 필수
- 배변봉투 지참 및 배변처리 필수",,상시 개방,연중무휴,가능
125496,재인폭포 (한탄강 유네스코 세계지질공원),경기도 연천군 연천읍 부곡리 192,12,경기도,38.0772227105,127.1427246484,http://tong.visitkorea.or.kr/cms/resource/05/3532805_image2_1.jpg,"재인폭포는 오래전부터 명승지로서 널리 알려져 있다. 재인폭포는 북쪽에 있는 지장봉에서 흘러 내려온 작은 하천이 높이 약 18m에 달하는 현무암 주상절리 절벽으로 쏟아지는 것이 그야말로 장관을 이룬다. 또한, 재인폭포 주변에는 천연기념물 어름치와 멸종위기종인 분홍장구채 등의 서식지로도 알려져 있으며 폭포의 이름과 관련된 아름다운 사랑이야기도 전해오고 있다. 재인폭포에서는 다양한 현무암의 특징들을 관찰할 수 있는데, 대표적으로 주상절리를 비롯하여 하식동굴과 포트홀, 가스튜브 등을 볼 수 있다. 높이 약 18m에 달하는 폭포는 계속해서 폭포 아래를 침식시켜서 수심 5m에 달하는 포트홀을 만들었다. 포트홀이란 하천에서 암석의 오목한 곳이나 깨진 곳에 와류(물이 회오리 치는 현상)가 발생하여 깊은 구멍이 생겨난 것을 말한다.
<출처 : 한탄강지질공원>",,"<a href=""https://www.yeoncheon.go.kr/tour/index.do"" target=""_blank"" title=""새창 : 연천군 문화관광 홈페이지로 이동"">https://www.yeoncheon.go.kr/tour/index.do</a>",일부구역 동반가능,전 견종 동반 가능,목줄 착용,"- 전기차량 동반 불가(도보로만 이동 가능)
- 맹견의 경우, 입마개 착용 필수
- 배변봉투 지참 및 배변처리 필수",,09:00~18:00 (입장 마감 17:30),연중무휴,가능
126701,이랜드크루즈(한강유람선),서울특별시 영등포구 여의동로 280 (여의도동),12,서울특별시,37.5250139197,126.9390341239,http://tong.visitkorea.or.kr/cms/resource/80/3567180_image2_1.jpg,"한강유람선은 1986년 10월 26일에 서울특별시의 중심부를 동서로 가로지르는 유람선을 첫 취항하여 운항을 개시하였다. 현재 ㈜이랜드크루즈에서 여의도와 잠실을 중심으로 2개의 터미널을 운영하고 있다. 이랜드크루즈에서는 한강의 아름다운 낮 경치를 관람할 수 있는 스토리크루즈와 야경과 함께 반포대교 달빛무지개분수를 관람할 수 있는 뮤직크루즈, 야경과 감미로운 재즈 공연이 함께하는 달빛크루즈와 같은 상품을 만나볼 수 있다. 이 밖에도 고품격 선상 뷔페 상품인 런치 뷔페크루즈와 디너 뷔페크루즈에서 이랜드크루즈 수석 셰프의 다양한 호텔식 식사를 즐길 수 있다. ㈜이랜드크루즈는 한강이라는 천혜의 도심 속 자원을 문화와 관광이 어우러진 복합적인 테마파크로 개발, 서울을 상징하는 명소로 발전시키고자 하는 의지를 가지고 있다. 또한 한강을 전 세계적인 관광명소로 육성, 발전시키기 위하여 외국인들에게도 친근하게 다가갈 수 있도록 운영되고 있다.",,"<a href=""http://www.elandcruise.com/"" target=""_blank"" title=""새창: 이크루즈 공식 홈페이지로 이동"">http://www.elandcruise.com</a>",일부구역 동반가능,이동장(켄넬)에 들어가는 전 견종 동반 가능,이동장(켄넬)사용,이동장(켄넬) 안에 반려동물 몸 전체가 모두 들어가야 동반 가능,,"- 월요일 15:00~22:00<br>
- 화요일~금요일 13:00~22:00<br>
- 주말 11:00~22:00",연중무휴,가능
128677,감포항,경상북도 경주시 감포읍 감포로 감포리,12,경상북도,35.8078329413,129.5040374805,http://tong.visitkorea.or.kr/cms/resource/78/3537978_image2_1.jpg,"감포항은 2025년 개항 100주년을 맞이하는 경주 최대의 항구이다. 항구 주변에는 항상 고깃배들이 드나들고, 활어 위판장에서는 매일 신선한 생선이 경매로 오간다. 감포항 방파제가 있는 곳에 조성된 감포 해상공원의 경우 2018년 조성된 곳으로 해안데크, 바람개비 동산, 감포항 조형물 등을 갖추고 있다. 또한 감포항 방파제에는 감은사지 3층 석탑을 음각화한 아름다운 등대가 우뚝 솟아있고, 바다낚시 포인트로 유명해 낚시를 즐기기에 좋은 곳이다. 주변 관광지로는 전촌 용굴, 오류고아라 해변, 전촌항 등이 있어 함께 둘러볼 수 있다.",,"경주문화관광 <a href=""https://www.gyeongju.go.kr/tour/page.do?cmd=2&mnu_uid=2294&area_uid=160"" target=""_blank"" title=""새창 : 홈페이지로 이동"">https://www.gyeongju.go.kr</a>",전구역 동반가능,전 견종 동반 가능,목줄 착용,"- 맹견의 경우, 입마개 착용 필수
- 배변봉투 지참 및 배변처리 필수",,상시 개방,연중무휴,가능
2941029,국민힐링파크,경상북도 경주시 문복로 1280-8,12,경상북도,35.7408238073,129.061878085,,"남녀노소 즐길 수 있는 눈썰매와 빙어잡기 체험, 정글카누체험 등 다양한 놀거리가 가득한 테마파크이다. 아이들과 함께 토끼 마을에서 건초를 주기도 하고 물 위에서 카누를 타며 떠다니는 오리를 보는 것도 겨울철 가족나들이에 으뜸이다. 테마파크의 곳곳이 겨울왕국에 온 듯이 빙벽이 많이 보이는데 곳곳이 포토존이다. 야영장과 숙박시설 또한 구비되어 있으며, 모닥불에서 구워먹는 밤과 고구마 체험도 아이들이 좋아한다. 입장료와 체험비는 별도이며 애완동물은 동반이 불가하다.",,"<a href=""https://www.instagram.com/korea.5378"" target=""_blank"" title=""새창 : 국민힐링파크 인스타그램으로 이동"">https://www.instagram.com/korea.5378</a>",일부구역 동반가능,전 견종 동반 가능,목줄 착용,"- 3월 중순~ 4월말, 10월 중순~11월 말 동반 가능
- 동물농장 구역 동반 불가
- 맹견의 경우, 입마개 착용 필수
- 배변봉투 지참 및 배변처리 필수",,"10:00~17:00 (휴게시간 12:00~12:30 / 14:30~15:00)<br>
※ 우천시 전화 문의 요망",연중무휴,가능
2789998,화랑의언덕,경상북도 경주시 산내면 수의길 601,12,경상북도,35.7720873674,129.0843530115,http://tong.visitkorea.or.kr/cms/resource/39/3099939_image2_1.jpg,"인기 걸그룹 핑클 멤버들이 출연했던 JTBC 예능프로그램 <캠핑클럽> 촬영지로 유명하다. 당시 드넓은 잔디밭과 탁 트인 전망을 자랑하는 명상바위 등 경주의 매력적인 풍광들을 소개하며 시청자들의 눈길을 끌었다. 신라 화랑 김유신이 수련하며 검으로 바위를 갈랐다는 이야기가 전하는 단석산 등산로 입구에 있어 화랑의 언덕이라고 이름 붙였다. 방송에서처럼 널찍한 잔디밭과 걷기 좋은 산책로, 서정적인 풍경의 저수지가 한데 어우러져 느긋하게 쉬어가기 좋다. 여름에는 노란 해바라기, 가을에는 은빛 억새가 일렁이며 계절의 정취를 만끽할 수 있다. 웅장한 산자락이 한눈에 들어오는 명상바위와 저수지 내에 마련된 테이블 등은 인기 포토존으로 꼽힌다. 현재 관람 시간 내에 산책과 피크닉만 가능하고 캠핑이나 차박은 불가하다.  

◎ 한류의 매력을 만나는 여행 정보 - 드라마 <나쁜엄마>
강호와 동네 꼬마들이 뛰어놀던 초원은 SNS에서 인생 샷 명소로 꼽힌다. 명상바위라 불리는 절벽 끝 바위에 오르면 발밑으로 아담한 마을과 다랑논이 펼쳐지며, 언덕 위는 너른 잔디밭과 잔잔한 저수지가 어우러져 평온한 풍경을 만끽할 수 있다. 산책과 피크닉은 가능하지만, 캠핑 및 차 박은 불가하다.",,"<a href=""https://www.gyeongju.go.kr/tour/page.do?cmd=2&mnu_uid=2296&area_uid=132"" target=""_blank"" title=""경주 문화관광 사이트로 이동"">https://www.gyeongju.go.kr/</a>",전구역 동반가능,전 견종 동반 가능,목줄 착용,"- 맹견의 경우, 입마개 착용 필수
- 배변봉투 지참 및 배변처리 필수",,09:00~18:00,연중무휴,가능<br>요금 (무료)
125555,수원 화성 [유네스코 세계유산],경기도 수원시 장안구 영화동 320-2,12,경기도,37.2873511297,127.0121147092,http://tong.visitkorea.or.kr/cms/resource/36/2613036_image2_1.jpg,"수원화성은 조선 제22대 정조대왕이 장헌세자에 대한 효심으로 부친의 원침을 수원 화산으로 옮긴 후 1796년 9월 완공된 성이다. 수원화성은 조선왕조 제22대 정조대왕이 세자에 책봉되었으나 당쟁에 휘말려 왕위에 오르지 못하고 뒤주 속에서 생을 마감한 아버지 사도세자의 원침을 양주 배봉산에서 조선 최대의 명당인 수원 화산으로 천봉하고 화산 부근에 있던 읍치를 수원 팔달산 아래 지금의 위치로 옮기면서 축성되었다. 정조의 효심이 축성의 근본이 되었을 뿐만 아니라 당쟁에 의한 당파정치 근절과 강력한 왕도정치의 실현을 위한 원대한 정치적 포부가 담긴 정치구상의 중심지로 지어진 것이며 수도 남쪽의 국방요새로 활용하기 위한 것이었다. 수원화성은 중국, 일본 등지에서 찾아볼 수 없는 평산성의 형태로 군사적 방어기능과 상업적 기능을 함께 보유하고 있으며 시설의 기능이 가장 과학적이고 합리적이며, 실용적인 구조로 되어 있는 동양 성곽의 백미라 할 수 있다.

(출처 : 수원문화재단 홈페이지)",,"<a href=""http://www.swcf.or.kr"" target=""_blank"" title=""새창: 수원문화재단 홈페이지로 이동"">http://www.swcf.or.kr</a>",일부구역 동반가능,"전 견종 출입 가능(맹견의 경우, 입마개 착용 필수)",목줄 착용,별도의 쓰레기 처리 시설이 없으므로 배변봉투 지참 및 수거 필수,,상시 개방,연중무휴,가능
126471,성읍민속마을,제주특별자치도 서귀포시 표선면 성읍리 3294,12,제주특별자치도,33.388430228,126.7882138165,http://tong.visitkorea.or.kr/cms/resource/64/3551564_image2_1.jpg,"표선리에서 북쪽으로 8㎞쯤 가면 한라산 기슭 아래 성읍마을이 있다. 성읍리는 원래 제주도가 방위상 3현으로 나뉘어 통치되었을 때(1410-1914) 정의현의 도읍지였던 마을로서 제주도 옛 민가의 특징을 잘 간직하고 있는 곳이다. 유형·무형의 많은 문화유산이 집단적으로 분포되어 있고, 옛 마을 형태의 민속경관이 잘 유지되어 그 옛 모습을 계속 유지하고자 민속마을로 지정·보호하고 있다. 이곳에서는 옛 민가, 향교, 옛 관공서, 돌하르방, 연자방아, 성터, 비석 등의 유형 문화유산과 중산간 지대 특유의 민요, 민속놀이, 향토음식, 민간공예, 제주방언 등의 무형 문화유산이 아직까지 전수되고 있다. 천연기념물인 느티나무, 팽나무 등은 오백 년 도읍지로서의 긍지를 엿볼 수 있다. 제주 초가를 가장 잘 보존하고 있는 성읍민속마을은 실제로 제주 초가에 살고 있는 성읍리 주민들과 제주의 전통 화장실인 ‘통시’를 만나볼 수도 있다. 특히 마을 내 고목과 돌담 그리고 옛 성벽 등이 어우러진 고풍스러운 모습은 오백 년 도읍지의 역사를 그대로 보여준다.",,"<a href=""https://www.jeju.go.kr/seongeup/index.htm"" target=""_blank"" title=""새창 : 성읍마을 홈페이지로 이동"">https://www.jeju.go.kr/seongeup/index.htm</a>",전구역 동반가능,전 견종 동반 가능,목줄 착용,"- 맹견의 경우, 입마개 착용 필수
- 배변봉투 지참 및 배변처리 필수",,상시 개방,연중무휴,가능
128612,경주 서출지,경상북도 경주시 남산동 974-1,12,경상북도,35.796443149,129.2424273605,http://tong.visitkorea.or.kr/cms/resource/62/2534162_image2_1.jpg,"신라 21대 소지왕이 서기 488년 정월 보름날 행차에 나설 때다. 까마귀와 쥐가 와서 울더니 쥐가 말했다. “이 까마귀 가는 곳을 살피십시오” 왕은 장수를 시켜 따라가게 했다. 동남산 양피촌 못 가에 이르러 장수는 그만 까마귀를 놓쳐 버렸다. 이때 갑자기 못 가운데서 풀 옷을 입은 한 노인이 봉투를 들고 나타났다. “장수께서는 이 글을 왕에게 전하시오” 노인은 글이 써진 봉투를 건넨 뒤 물속으로 사라졌다. 왕이 봉투를 받아보자 ‘열어보면 두 사람이 죽고 보지 않으면 한 사람이 죽는다’라고 적혀있었다. 이를 본 신하가  말했다. “두 사람은 평민이고 한 사람은 왕을 가리킴이오니 열어보시는 것이 어떨까 하옵니다.” 왕은 신하의 조언에 따라 봉투를 뜯었다. ‘사금갑(射琴匣)’ 즉 ‘거문고 갑을 쏘아라’라고 적혀 있었다. 대궐로 간 왕은 왕비의 침실에 세워둔 거문고 갑을 향해 활시위를 당겼다. 거문고 갑 속에는 왕실에서 불공을 보살피는 승려가 죽어있었다. 승려는 왕비와 짜고 소지왕을 해치려 한 것이었다. 왕비는 곧 사형되었으며 왕은  노인이 건네준 봉투 덕분에 죽음을 면하게 되었다. 
이 연못은 글이 적힌  봉투가 나온 곳이라 해서 서출지라 부른다. 소지왕 10년은 신라에 불교가 공인되기 40년 전이다. 신라 눌지왕 시대에  묵호자가 불교를 전하러 왔으나 펴지 못했다. 소지왕 시대 아도 스님 역시 불교 전파에 실패했다. 법흥왕 15년 이차돈의 순교로 비로소 신라에 불교가 공인된 것이다.  당시 신라  귀족들은 민속신앙 특히 조상을 섬기는 신앙이 강해 쉽게 불교를 인정하지 않았다. 서출지의 전설은 전통적 민속신앙 속에 새로운 불교문화가 전래되는 과정에 빚어지는 갈등의 한 단면을 보여주고 있다.","문화관광과(관광홍보) 054-779-6079<br /> 
관광안내소(경주역) 054-772-3843","<a href=""https://www.gyeongju.go.kr/tour/page.do?cmd=2&mnu_uid=2517&chaNo=3270"" target=""_blank"" title=""경주 문화관광 사이트로 이동"">http://gyeongju.go.kr/tour</a>",전구역 동반가능,전 견종 동반 가능,목줄 착용,"- 맹견의 경우, 입마개 착용 필수
- 배변봉투 지참 및 배변처리 필수",,상시 개방,연중무휴,가능
250094,담양 메타세쿼이아길,전라남도 담양군 담양읍 메타세쿼이아로 12,12,전라남도,35.3238535634,127.0041510748,http://tong.visitkorea.or.kr/cms/resource/81/3340881_image2_1.jpg,"대나무숲 외에도 메타세쿼이아라는 가로수가 심어져 있어서 이국적이며 환상적인 풍경을 만들고 있다. 멀리서 보면 옹기종기 줄을 서서 모여 앉은 요정들 같기도 하고 장난감 나라의 꼬마열차 같기도 하다. 길 가운데에서 쳐다보면 영락없는 영국 근위병들이 사열하는 모습이다. 질서정연하게 사열하면서 외지인들에게 손을 흔들어준다. 이 길을 가다 보면 이국적인 풍경에 심취해 나도 모르는 사이에 남도의 길목으로 빠져들고 만다. 메타세쿼이아 가로수길은 1972년 담양군(제19대, 김기회 군수)에서 국도 24호선, 군청~금성면 원율삼거리 5㎞ 구간에 5년생 1,300본을 식재하여 조성한 길이다.",,"<a href=""https://www.damyang.go.kr/board/detail?dataSid=319428&boardId=BBS_0000169&domainId=DOM_0000003&contentsSid=336&menuCd=DOM_000000301001001000"" target=""_blank"" title=""새창 : 담양군 문화관광 홈페이지로 이동"">https://www.damyang.go.kr</a>",일부구역 동반가능,전 견종 동반 가능,목줄 착용,"- 메타세쿼이아길 내 맨발로 걸을 수 있는 흙길에는 동반 불가
- 맹견의 경우, 입마개 착용 필수
- 배변봉투 지참 및 배변처리 필수",,"하절기(5~8월) 09:00~19:00<br>
동절기(9~4월) 09:00~18:00",설날 및 추석 당일,가능
127487,경주엑스포대공원,경상북도 경주시 경감로 614 (천군동),12,경상북도,35.8340564631,129.2895443842,http://tong.visitkorea.or.kr/cms/resource/40/3537940_image2_1.jpg,"경주엑스포대공원은 1998년 세계 최초로 문화예술을 주제로 한 문화박람회 '경주세계엑스포'가 열린 곳이다. 이후 20여 년간 10차례에 걸쳐 경주세계엑스포의 개최 장소로 한국인의 문화 자긍심을 높이고 인류 문화 발전에 이바지하였다. 현재는 다양한 전시·영상·공연·체험 문화콘텐츠를 바탕으로 연인과 친구, 가족이 함께 찾고 즐기는 경주의 명소이다. 주요 시설로는 경주타워, 경주솔거미술관, 비움명상길, 루미나이트 등이 있다. 이 외에도 타임리스 미디어아트, 자연사 박물관, 경주세계문화엑스포기념관 등 다양한 시설이 갖추어져 있다.",,"경주엑스포대공원 <a href=""https://www.cultureexpo.or.kr/open.content/ko/"" target=""_blank"" title=""새창 : 경주엑스포대공원 홈페이지로 이동"">https://www.cultureexpo.or.kr/</a>",일부구역 동반가능,일부 견종 동반 가능,목줄 착용,"- 맹견 입장 불가
- 공원 내 실내 시설 및 야간 입장 불가
- 인식표 필수 착용
- 배변봉투 지참 및 배변처리 필수",,"- 공원 10:00~22:00<br>
- 전시관 10:00~18:00<br>
※ 월별 이용시간 상이하므로 자세한 내용은 공식 홈페이지 참고",연중무휴,가능 <br> 요금 (무료)
2015553,보문정(경주),경상북도 경주시 신평동 150-1,12,경상북도,35.8413250823,129.2892803112,http://tong.visitkorea.or.kr/cms/resource/17/3541617_image2_1.jpg,"보문정은 CNN에서 ‘한국의 비경’으로 소개된 적이 있을 정도로 아름다운 풍광을 자랑한다. 팔각 정자와 2개의 연못 주위로 벚나무, 단풍나무 등이 식재되어 어느 계절 하나 빼놓지 않고 풍경을 감상해야 할 곳이다. 봄이면 보문정 주변을 수놓는 새하얀 벚꽃들로 빼어난 경치를 선사한다. 특히, 수양버드나무처럼 꽃가지가 축 늘어진 수양벚꽃을 볼 수 있어 인기가 좋다. 여름이면 보문정 앞 연못에 수련이 그득 피어나 절경을 더한다. 단풍 물드는 가을은 화려하고, 운 좋게 설경을 만난다면 겨울의 보문정도 꼭 담아야 한다. 어느 계절이건 아름다운 덕에 이곳은 사진작가들이 사랑하는 장소로도 손꼽힌다.",,"<a href=""https://www.gyeongju.go.kr/tour/page.do?cmd=2&mnu_uid=2291&area_uid=27"" target=""_blank"" title=""경주 문화관광 사이트로 이동"">http://gyeongju.go.kr/tour</a>",일부구역 동반가능,전 견종 동반 가능,"입마개 착용,목줄 착용","- 대형견, 맹견의 경우, 입마개 착용 필수
- 배변봉투 지참 및 배변처리 필수",,상시 개방,연중무휴,가능
2778053,신라왕경숲,경상북도 경주시 구황동 885-6,12,경상북도,35.8399687258,129.2388625445,http://tong.visitkorea.or.kr/cms/resource/12/3541612_image2_1.jpg,"신라시대 수도인 왕경지구의 하천 범람을 막기 위해 경주 명활산성에서 분황사까지 5리, 즉 2㎞에 걸쳐 ‘오리수’라는 숲을 조성했다. 보문관광단지 입구에 자리한 신라 왕경 숲이 바로 그 오리수를 재현해 조성한 숲이다. 신라 왕경 숲은 신라시대 치수사업의 역사를 간직하고 있다. 1,500년 전 서라벌의 왕들이 거닐던 숲으로 꾸며진 신라 왕경 숲은 지난 2007년 세계 문화엑스포 개최와 함께 일반에 공개됐다. 구황교 쪽에 1차로 조성된 왕경숲이 있고, 숲머리음식촌 쪽에도 2차로 숲이 있다. 넓은 잔디밭과 푸른 가로수 덕분에 한가롭게 피크닉을 즐길 수 있는 장소로도 인기다. 주요 관광지와도 가까워 시민들은 물론, 관광객들도 쉬어가기 좋다.",,"<a href=""https://www.gyeongju.go.kr/tour/page.do?cmd=2&mnu_uid=2292&area_uid=71"" target=""_blank"" title=""새창 : 경주시 문화관광 홈페이지로 이동"">https://www.gyeongju.go.kr/tour/</a>",전구역 동반가능,전 견종 동반 가능,목줄 착용,"- 맹견의 경우, 입마개 착용 필수
- 배변봉투 지참 및 배변처리 필수",,상시 개방,연중무휴,가능
2756611,경주읍성,경상북도 경주시 동문로 31 (북부동),12,경상북도,35.8473202021,129.2139061887,http://tong.visitkorea.or.kr/cms/resource/23/3542523_image2_1.jpg,"경주 시가지 중심부에 신라 이후의 천년 경주를 상징하는 주요 유적인 경주읍성이 자리해 있다. 신라 시대에는 월성이 중심이었다면 고려 이후에는 경주 읍성으로 중심이 옮겨졌다. 고려와 조선에 이어지기까지 행정, 생활, 군사기능이 모여 있던 경주의 심장부였다. 고려 시대에 처음 축조된 이래, 조선 시대에 여러 번 고쳐지었다는 기록이 있으며 현재 복원된 모습은 조선 영조 21년(1745)에 중수한 모습이다. 
영조 때 중수한 경주읍성은 성곽 둘레가 2.3㎞에 달했고, 동서남북에 성내로 통하는 사대문이 자리했다고 전한다. 사대문은 모두 소실되었는데, 동문인 향일문을 최근 복원하였다. 동쪽에 100여 미터 남짓 남아 있던 성벽을 이어 쌓고, 치성, 옹성, 동문 등을 복원해 2018년 11월 일반에 공개했다.",,"<a href=""https://www.gyeongju.go.kr/tour/page.do?cmd=2&mnu_uid=2517&chaNo=3269""target=""_blank"" title=""새창 : 경주문화관 홈페이지 이동"">https://www.gyeongju.go.kr/tour/</a>",일부구역 동반가능,전 견종 동반 가능,목줄 착용,"- 경주읍성 성곽 위 관람로는 반려견 동반 불가,
성벽 아래 산책로 이용 가능
- 잔디밭 진입 금지
- 2m 내외 목줄 착용
- 맹견의 경우, 입마개 착용 필수
- 배변봉투 지참 및 배변처리 필수",,상시 개방,연중무휴,가능
126207,경주 첨성대,경상북도 경주시 첨성로 140-25,12,경상북도,35.8343745291,129.2185644826,http://tong.visitkorea.or.kr/cms/resource/81/3554381_image2_1.jpg,"첨성대는 신라 제27대 선덕여왕 때 건립된 것으로 추정되며 경주를 상징하는 랜드마크 중 하나이다. 받침대 역할을 하는 기단부(基壇部) 위에 술병 모양의 원통부(圓筒部)를 올리고 맨 위에 정(井) 자형의 정상부(頂上部)를 얹은 모습으로 높이는 약 9m이다. 원통부는 부채꼴 모양의 돌로 27단을 쌓아 올렸다. 남동쪽으로 난 창을 중심으로 아래쪽은 막돌로 채워져 있고 위쪽은 정상까지 뚫려서 속이 비어 있다. 동쪽 절반이 판도라로 막혀있는 정상부는 정(井) 자 모양으로 맞물린 기다란 석재의 끝이 바깥까지 뚫고 나와있다. 이런 모습은 19~20단, 25~26단에서도 발견되는데 내부에서 사다리를 걸치기에 적당했던 것으로 보인다. 옛 기록에 의하면, “사람이 가운데로 해서 올라가게 되어있다”라고 하였는데, 바깥쪽에 사다리를 놓고 창을 통해 안으로 들어간 후 사다리를 이용해 꼭대기까지 올라가 하늘을 관찰했던 것으로 보인다. 
첨성대를 이루는 돌들은 저마다의 의미를 가진다. 위는 둥글고 아래는 네모진 첨성대의 모양은 하늘과 땅을 형상화했다. 첨성대를 만든 365개 내외의 돌은 1년의 날수를 상징하고, 27단의 돌단은 첨성대를 지은 27대 선덕여왕을, 꼭대기 정자석까지 합치면 29단과 30단이 되는 것은 음력 한 달의 날수를 상징한다. 관측자가 드나들었을 것으로 추측되는 가운데 창문을 기준으로 위쪽 12단과 아래쪽 12단은 1년 12달, 24 절기를 표시한다. 하늘의 움직임을 계산해 농사 시기를 정하고, 나라의 길흉을 점치는 용도로도 첨성대가 활용되었음을 짐작할 수 있는 대목이다.  

◎ 한류의 매력을 만나는 여행 정보 - 드라마 <오늘도 사랑스럽개>
과거의 특별한 인연으로 묶인 보겸과 지아가 서로를 스쳐 지나갔던 첨성대는 경주를 대표하는 랜드마크이자 세계에서 가장 오래된 천문대다. 유적으로서 관람가치가 뛰어난 것은 물론 계절마다 다양한 꽃과 식물이 피어나 나들이를 즐기려는 관광객이 많이 찾는다.",,"<a href=""https://www.gyeongju.go.kr/tour/page.do?listType=&mnu_uid=2292&sortKwd=&code_uid=1012&srchKwd=&area_uid=47&cmd=2""target=""_blank"" title=""새창:  경주문화관광"">http://www.gyeongju.go.kr/tour</a>",일부구역 동반가능,전 견종 동반 가능,목줄 착용,"- 울타리 안 반려동물 출입 불가
- 맹견의 경우, 입마개 착용 필수
- 배변봉투 지참 및 배변처리 필수",,"- 하절기 09:00~22:00<br>
- 동절기 09:00~21:00",연중무휴,가능
322836,휴애리자연생활공원,제주특별자치도 서귀포시 남원읍 신례동로 256,12,제주특별자치도,33.3085171454,126.6344317363,http://tong.visitkorea.or.kr/cms/resource/08/3424708_image2_1.jpg,"휴애리는 수많은 꽃들과 한라산 풍경이 더해져 더욱 아름다움을 자랑하는 꽃 정원이다. 연중무휴이며, 매년 수차례 꽃 축제를 진행하고 있다. 휴애리의 꽃 축제는 유채, 매화, 수국, 핑크뮬리, 동백 등 계절마다 아름답게 피어나는 꽃을 전시하고 방문하시는 분들에게 꽃을 통한 감동과 추억을 드리고자 함에 주된 목적이 있다. 아이들과 함께 즐길 수 있는 동물체험 먹이 주기 체험, 흑돼지야 놀자 등과 같은 시즌 체험 등 사랑하는 가족, 연인, 친구들과 아름다운 추억을 만들 수 있다.",,"<a href=""http://www.hueree.com"" target=""_blank"" title=""새창 : 휴애리자연생활공원 홈페이지로 이동"""">http://www.hueree.com</a>",일부구역 동반가능,7kg 이하 동반 가능,"목줄 착용,반려동물 유모차 탑승,이동장(켄넬)사용","- 카페 야외테이블 이용가능
- 배변봉투 지참 및 배변처리 필수",,"[하절기(3월~9월)]<br>
09:00~19:00 (입장 마감 17:30)<br>
[동절기(10월~2월)]<br>
09:00~18:00 (입장 마감 16:30)",연중무휴,가능
126455,한림공원,제주특별자치도 제주시 한림읍 한림로 300,12,제주특별자치도,33.3886659647,126.2415557152,http://tong.visitkorea.or.kr/cms/resource/83/3553983_image2_1.jpg,"제주 한림공원은 1971년 창업인 송봉규 선생이 10만여 평의 황무지 모래밭에 야자수 씨앗을 파종하여 육묘함으로써 탄생하게 된 비경지대이다. 협재, 금릉 해수욕장의 비경과 아름다운 비양도의 경관을 마주하고 있는 제주도내 최고의 관광명소로 손꼽히고 있다. 10만여 평의 대지에 하늘로 우뚝 뻗은 야자수군락과 울창한 송림으로 둘러싸인 한림공원은 다양한 종류의 꽃과 나무가 사계절 아름다운 경관을 연출하며, 남국의 정취가 물씬 풍기는 야자수길, 분재와 돌을 소재로 하여 구성된 제주석분재원, 제주의 옛 모습을 재현한 재암민속마을 등 다양한 볼거리를 함께 갖추고 있다. 환상적인 9가지 다양한 테마가 펼쳐지는 한림공원은 장쩌민 중국 전 국가주석과 나까소네 전 일본수상을 비롯한 세계 각국의 저명인사들이 방문한 곳으로, 국내외 관광객이 찾는 세계적인 관광명소이다.",,"<a href=""https://hallimpark.com/"" target=""_blank"" title=""새창 : 한림공원 홈페이지로 이동"">https://hallimpark.com/</a>",전구역 동반가능,7kg 이하 동반 가능,목줄 착용,"- 식당이용시 이동장 이용 필수
- 배변봉투 지참 및 배변처리 필수",,"- 2월~5월 09:00~17:00<br>
- 6월~8월 09:00~17:30<br>
- 9월~10월 09:00~17:00<br>
- 11월~1월 09:00~16:30",연중무휴,가능<br>요금 (무료)
1315472,서동공원,전북특별자치도 익산시 금마면 고도9길 41-14,12,전북특별자치도,36.0006415547,127.0609146595,http://tong.visitkorea.or.kr/cms/resource/68/3061468_image2_1.jpg,"익산시 금마면에 위치한 서동공원은 금마관광지 조성 사업의 일환으로 1990년부터 조성하여 2004년 금마조각공원이란 이름으로 개원한 공원이다. 한반도를 빼닮은 금마저수지를 안고 있으며, 저수지를 따라 4만 평 부지에 조각공원과 전망대 등이 있다. 공원 곳곳에는 서동과 선화를 테마로 하는 조각, 십이지신상, 기타 조각 작품 등이 설치되어 있다. 이외에도 물높이가 최대 5m까지 올라가는 분수대와 잔디광장, 미륵광장, 수변광장, 야외무대 등을 갖추고 있어 지역민들의 휴식공간으로 이용되고 있다. 
서동공원에서는 매년 5월 초 서동설화와 서동요를 테마로 한 익산서동축제가 개최되고 있다.",,"<a href=""https://www.iksan.go.kr/tour/board/view.iksan?boardId=BBS_TOUR_TOUR&menuCd=DOM_000005901001000000&dataSid=263685"" target=""_blank"" title=""새창 : 익산시 문화관광으로 이동"">https://www.iksan.go.kr/tour</a>",전구역 동반가능,전 견종 동반 가능,목줄 착용,"- 맹견의 경우, 입마개 착용 필수
- 배변봉투 지참 및 배변처리 필수",,상시 개방,연중무휴,가능
128202,태화강 국가정원,울산광역시 중구 샛강남길 5 (태화동),12,울산광역시,35.5487747405,129.2911995498,http://tong.visitkorea.or.kr/cms/resource/43/3422843_image2_1.png,"태화강 국가정원은 1급수 생태하천 태화강을 끼고 있는 친환경 생태 정원으로 시간제한 없이 이용할 수 있는 도심 한가운데 위치한 울산 관광의 요지이다. 단, 국가정원 홍보 및 전시, 정원해설 등의 편의를 제공하는 안내센터는 9시부터 18시까지, 태화강 국가정원의 명소 중 하나인 은하수길은 매일 일몰 시간부터 23시까지로 운영시간이 정해져 있다. 울산광역시 중구와 남구에 걸쳐 위치하고 있는 총면적 835,452㎡의 하천부지에 조성되어 있으며 생태, 대나무, 계절, 수생, 참여, 무궁화 총 6개의 공간이 있다. 특히, 이곳의 십리대숲은 바람에 부딪히는 대나무의 맑은 소리와 한적하고 아름다은 길로 유명하다. 또한, 유아를 위한 정원 가꾸기, 가족 단위 정원 체험 프로그램 등을 운영 중이다. 주위에 태화루, 동굴피아, 철새 홍보관을 비롯하여 울산 12경에 속하는 대왕암공원, 동해에서 가장 먼저 해가 떠오르는 간절곶, 선사시대의 역사와 문화를 간직한 반구대 암각화, 신불산 억새평원, 강동·주전의 몽돌해변, 울산대공원 그리고 울산대교 등 자연과 도심이 어우러진 다채로운 관광지가 있다.

◎ 한류의 매력을 만나는 여행 정보 - 드라마 <이재, 곧 죽습니다>
엄마로 환생한 이재가 엄마를 추억하며 방문한 곳이다. 태화강을 따라 여섯 가지 테마로 조성된 정원은 하나같이 아름다운 풍경을 자랑한다. 드라마 속에서는 풍경과 대비되는 이재의 슬픈 표정이 시청자들을 눈물짓게 했다.",,"태화강 국가정원 <a href=""https://www.ulsan.go.kr/s/garden/main.ulsan""target=""_blank"" title=""새창: 태화강 국가정원 홈페이지로 이동"">https://www.ulsan.go.kr/s/garden</a><br>울산 문화관광<a href=""https://www.ulsan.go.kr/tour/kor/unit/attrctn/view.ulsan?mId=001002001000000000&page=1&searchDvsn1=A&picPrsId=&searchType3=&searchType1=&searchTxt=%ED%83%9C%ED%99%94%EA%B0%95&unqId=28""target=""_blank"" title=""새창: 울산 문화관광 홈페이지로 이동"">https://tour.ulsan.go.kr</a>",일부구역 동반가능,맹견 동반 불가,"입마개 착용,목줄 착용,이동장(켄넬)사용","- 맹견은 불가, 대형견 입마개 착용 필수
- 관람차의 경우 이동가방(켄넬) 필수
- 배변봉투 지참 및 배변처리 필수",,상시 개방,연중무휴,가능<br>요금 (30분 500원)
2752414,유천생태습지공원,전북특별자치도 익산시 금강동 992-5,12,전북특별자치도,35.928220563,126.9759630262,http://tong.visitkorea.or.kr/cms/resource/38/3564238_image2_1.jpg,"익산 동산동에 있는 유천생태습지공원은 만경강 지류의 분기수로인 유천에 생태습지를 조성해 하천 수질을 정화하고, 지역주민에게 쾌적한 생활공간을 제공하기 위해 2015년 준공됐다. 공원 내 전체 경관을 감상하며 산책할 수 있는 하늘언덕에도 올라가 보고, 생태수로, 가로수길, 전통정원, 미로공원, 야외공연장, 어린이 모래 놀이터 등에서 놀다 보면 하루가 어떻게 지나는지도 모를 만큼 재미있는 경험을 할 수 있다. 물길을 따라 만든 나무데크 산책로는 하루의 고단함을 내려놓고 운동과 산책을 할 수 있게 잘 조성되어 있다. 익산시에서 심혈을 기울여 만든 유천생태습지공원은 시민들에게 힐링과 휴식의 공간으로 자리매김하고 있다.",,"<a href=""https://www.iksan.go.kr/tour/index.iksan"" target=""_blank"" title=""새창 : 익산문화관광 홈페이지로 이동"">https://www.iksan.go.kr/tour</a>",전구역 동반가능,전 견종 동반 가능,목줄 착용,"- 맹견의 경우, 입마개 착용 필수
- 배변봉투 지참 및 배변처리 필수",,상시 개방,연중무휴,가능
2660811,보석박물관,전북특별자치도 익산시 왕궁면 호반로 8,14,전북특별자치도,35.9907045238,127.102605645,http://tong.visitkorea.or.kr/cms/resource/06/1908906_image2_1.JPG,"‘보석박물관’은 백제문화유적과 보석 생산으로 유명한 익산시를 알리기 위하여 설립하였다. 이곳은 국내 유일한 보석박물관이며 실내놀이체험시설, 다이노키즈월드, 공룡테마공원 등이 있다.  인근에는 화석전시관과 귀금속 전시판매장인 ‘주얼팰리스’가 개관하여 무수한 보석제품을 만나볼 수 있다. 박물관 건물은 지하 1층 지상 2층 규모로, 수장고, 기계실, 기획전시실, 보석판매코너, 상설전시실 등을 갖추고 있다. 야외에는 각종 조형물과 야외공연장, 어린이 놀이시설, 식당, 보석광장, 칠선녀광장 등이 조성되어 있다.",,"<a href=""https://www.jewelmuseum.go.kr/index.iksan
""target=""_blank"" title=""새창: 보석박물관"">https://www.jewelmuseum.go.kr/
</a>",일부구역 동반가능,전 견종 동반 가능,목줄 착용,"- 외부만 동반 가능
- 대형견 입마개 필수
- 배변봉투 지참 및 배변처리 필수",,10:00 ~ 18:00<br>,1월1일 / 매주 월요일,
2755034,바람개비 마을,전북특별자치도 익산시 성당면 성당로 762,12,전북특별자치도,36.1307381717,126.921387595,http://tong.visitkorea.or.kr/cms/resource/13/3360813_image2_1.JPG,"바람개비 마을은 전북 익산에 위치한 마을이다. 조선 후기까지 세곡을 실어 나르던 성당포구 금강 제방둑길 4.8㎞에 이르는 구간에 형형색색의 바람개비를 설치하였다. 금강 변의 시원한 바람을 맞으며 바람개비 열차도 타고, 자전거 라이딩도 즐기면서 산책을 할 수 있도록 조성되었다. 데이트코스이자 사진 찍기 좋은 곳으로 알려진 익산의 명소이다. 알록달록 무지갯빛 바람개비들이 바람에 빙글빙글 돌아가는 그림 같은 풍경이 맞아주는 성당포구 바람개비 마을은 색종이를 뿌려놓은 듯 돌아가는 바람개비들의 존재만으로도 꽃길 같은 느낌이 든다.​ 바람개비 조형물 끝자락에서 낙조도 감상하고, 사진도 남기면서 아름다운 풍경을 눈에 담으며 평화로운 시간을 즐길 수 있다.",,"<a href=""https://www.iksan.go.kr/tour/index.iksan"" target=""_blank"" title=""새창 : 홈페이지로 이동"">https://www.iksan.go.kr/tour/index.iksan</a>",전구역 동반가능,전 견종 동반 가능,목줄 착용,"- 바람개비 열차 탑승시 소형견만 가능, 케이지 필수
- 맹견의 경우, 입마개 착용 필수
- 배변봉투 지참 및 배변처리 필수",,상시 개방,연중무휴,가능
126749,순천왜성,전라남도 순천시 해룡면 신성리,12,전라남도,34.9071215463,127.5811774833,http://tong.visitkorea.or.kr/cms/resource/51/3557751_image2_1.jpg,"정유재란(1597年) 당시 육전에서 패퇴한 왜군선봉장 우키다 히데이와 도도 다카토라가 호남을 공략하기 위한 전진기지 겸 최후 방어기지로 삼기 위해 3개월간 쌓은 토석성으로 왜장 소서행장(小西行長)이 이끈 1만 4천여 명의 왜병이 주둔하여 조·명연합군과 두 차례에 걸쳐 격전을 벌였던 곳으로 남해안 26 왜성 중 유일하게 한 곳만 남아 있다. 순천왜성은 수륙 요충지로서 성곽 규모가 120,595m²(36,480평), 외성 2,502m, 내성 1,342m로 외곽성(토석성) 3개, 본성(석성) 3첩, 성문 12개로 축조된 성곽으로 검단산성 쪽의 육지부를 파서 바닷물이 차도록 섬처럼 만들고 연결 다리가 물에 뜨게 하여 예교, 왜교성이라 하며 일인들은 순천성이라 부르고 있다.

임진란 패인이 전라도 의병과 수군의 용전에 있었다고 보고 전라도를 철저히 공략키 위해 도요토미 히데요시의 야심에 따라 전라도 각처에 진지를 구축해 공세를 강화하였으나 무술년(1598년) 8월 그가 급사 후 왜성에 주둔해 있던 침략 최정예 부대인 소서행장 왜군과 조·명 수륙 연합군 사이에 2개월에 걸친 최후·최대의 격전을 펼친 곳이다. 순천시가지에서 여수 쪽으로 6㎞쯤 가다가 왼쪽으로 6㎞를 가면 200여 호가 사는 신성리 마을과 이충무공을 배향한 충무사가 있고 남쪽 200m 지점 광양만에 접한 나지막한 송림에 위치한 왜성은 유정, 권율이 이끄는 육군 3만 6천, 진린, 이순신이 이끄는 수군 1만 5천 병력이 왜성을 비롯 장도등을 오가며 왜군을 격멸했고 이충무공이 27일간을 머물면서 전사 하루 전 소서행장을 노량 앞바다로 유인하여 대첩을 거둔 유서 깊은 전적지로서 자라나는 후손들에게 역사의 산교육장이기도 하다.",,"<a href=""https://www.suncheon.go.kr/tour/tourist/0009/0003/"" target=""_blank"" title=""새창 : 순천여행 홈페이지로 이동"">https://www.suncheon.go.kr/tour</a>",전구역 동반가능,전 견종 동반 가능,목줄 착용,"- 맹견의 경우, 입마개 착용 필수
- 배변봉투 지참 및 배변처리 필수",,,,가능
778140,고성 DMZ박물관,강원특별자치도 고성군 현내면 통일전망대로 369,14,강원특별자치도,38.5763238583,128.3826570629,http://tong.visitkorea.or.kr/cms/resource/51/2921751_image2_1.jpg,"DMZ박물관은 남북한 평화와 안정을 바라는 전 국민의 염원을 담아 동해안 최북단인 군사분계선과 근접한 민통선 내에 있다. 지구 상에 남아 있는 유일한 분단국의 상징인 DMZ를 통하여 지난 1950년 한국전쟁 발발 전후 모습과 휴전협정으로 탄생한 휴전선이 갖는 역사적인 의미, 이로 인해 나타난 동족 간 이산의 아픔, 지속되는 군사적인 충돌, 60여 년간 사람의 손길이 닿지 않아 원형 그대로 보존되어 있는 생태환경 등을 전시물이나 영상물로 재구성하였다.",,"<a href=""http://www.dmzmuseum.com/"" target=""_blank"" title=""새창 : DMZ박물관 홈페이지로 이동"">http://www.dmzmuseum.com</a>",일부구역 동반가능,전 견종 동반 가능,"목줄 착용,기타","- 전시실 내에는 안내견 이외 동반 금지
- 배변봉투 지참 및 배변처리 필수",,"[하절기(3월~10월)] 09:00~18:00 (입장 마감 17:00)<br>
[동절기(11월~2월)] 09:00~17:00 (입장 마감 16:00)","매주 월요일 (단, 월요일이 공휴일인 경우 그 다음날 휴관) / 1월 1일",가능
2720028,서천 치유의 숲,충청남도 서천군 충서로302번길 88-81 치유센터,12,충청남도,36.1149493668,126.6599753082,http://tong.visitkorea.or.kr/cms/resource/93/3566693_image2_1.jpg,"서천 치유의 숲은 문수산과 희리산의 풍부한 산림자원 속에서 신체의 면역력을 높이고 건강해질 수 있는 치유공간이다. 치유의 효능을 극대화할 수 있도록 장항제 주변으로 조성된 무장애길을 포함한 소나무와 참나무류의 숲길을 활용한 산림치유 프로그램, 싱잉볼, 아로마테라피, 통나무명상해독체조, 족욕 등 산림치유 프로그램을 운영하고 있다. 이외에도 다양한 신체적, 정신적 건강을 회복시킬 수 있는 산림치유 프로그램이 조화롭게 구성되어 진행된다.",,"공식 홈페이지 <a href=""https://www.seocheon.go.kr/healing/index.do?S=S01"" target=""_blank"" title=""새창 : 서천 치유의 숲 홈페이지로 이동"">https://www.seocheon.go.kr/healing</a><br>서천군 문화관광 <a href=""https://www.seocheon.go.kr/prog/tursmCn/v2/tour/sub01_02_10/view.do?cnt_no=41"" target=""_blank"" title=""새창 : 서천군 문화관광 홈페이지로 이동"">https://www.seocheon.go.kr</a>",일부구역 동반가능,전 견종 동반 가능,목줄 착용,"- 치유센터 내부는 동반 불가
- 맹견의 경우, 입마개 착용 필수
- 배변봉투 지참 및 배변처리 필수",,"- 3월~10월 09:00 ~18:00<br>
- 11월~2월 09:00~17:00<br>
※ 사전 예약 필수",매주 월요일 / 근로자의 날 / 설·추석 연휴<br>※ 자세한 사항은 전화 문의,가능 (소형 50대 / 대형 5대)
590440,쏠비치 양양,강원특별자치도 양양군 손양면 선사유적로 678,32,강원특별자치도,38.0870503017,128.6656244202,http://tong.visitkorea.or.kr/cms/resource/71/2746771_image2_1.jpg,"동해와 설악의 청정 자연을 누리며 스페인에 온 듯 이국적인 분위기를 즐길 수 있는 해양 리조트다. 쏠비치 호텔 양양&리조트의 특징은 스페인의 건축 미학을 충실히 반영했다는 점이다. 스페인 남부 안달루시아의 말라가 항구 ‘태양의 해변(Costa del Sol)’ 지역을 모티프로 한 건물은 붉은 지붕과 흰 외벽, 넓은 창가와 테라스로 눈길을 사로잡는다. 객실은 리조트, 호텔, 노블리안, 레지던스, 총 네 종류로 나뉜다. 어느 객실에 묵든 동해와 설악산이 빚은 수려한 경관, 청결한 침구와 품격 있는 서비스가 안락한 잠자리를 보장한다. 반려동물과 반려인이 함께 머물 수 있는 ‘Sonopet Silver’ 객실도 운영한다. 다양한 부대시설은 휴식의 격을 높인다. 실내외 워터파크 ‘오션플레이’는 동해를 바라보며 물놀이를 즐길 수 있는 아쿠아존, 동해에서 끌어 올린 해수 사우나, 바다를 테마로 한 테라피를 받을 수 있는 마르테라피 등을 갖췄다. 일정 기간 동안 이용할 수 있는 ‘프라이빗 비치’에는 스페인 해변을 표방하여 카바나와 선베드를 놓았고, ‘선셋 시네마’에서 해변 관련 영화와 공연을 관람할 수 있다.",1588-4888,"<a href=""http://www.sonohotelsresorts.com/"" title=""새창: 쏠비치 호텔&리조트 양양으로 이동"" target=""_blank"">http://www.sonohotelsresorts.com/</a>",일부구역 동반가능,2년 이내 광견접종한 모든 견종 동반 가능,"목줄 착용,반려동물 유모차 탑승,이동장(켄넬)사용","- 2년 이내 광견접종확인서 필수
- 중대형견은 1.2m 고정형 개인 목줄 지참 필수
- 객실마다 반려견 동반 기준 상이하므로 개별 문의 필요",,15:00,,가능
979536,복골온천펜션,강원특별자치도 양양군 강현면 복골길201번길 58,32,강원특별자치도,38.1416308966,128.5654068117,,"복골온천 펜션은 양양군 강현면에 위치한 펜션이다. 이 펜션은 독채로 구성되어 있으며, 스파, 개별 바비큐 시설, 침대방, 2인실, 가족실, 복층, 단체 숙박 등 다양한 시설을 갖추고 있다. 또한, 수영장과 넓은 잔디밭이 있어 반려동물 동반이 가능한 환경을 제공하고 있다. 복골온천의 중탄산 알칼리 온천수는 피부미용, 근육 이완, 피로회복, 아토피성 피부 등에 좋은 효과가 있다고 알려져 있다. 펜션 내부 시설은 오래된 펜션이라 조금 낙후되어 있을 수 있지만 깔끔한 편이며, 강아지를 위한 수건과 배변패드 등이 준비되어 있어 넓은 부지와 깨끗하고 좋은 물을 가진 환경에서 반려견과 행복한 시간을 보낼 수 있다. 객실 별로 개별 노천탕이 있어 온천욕을 즐길 수 있으며, 펜션 내에 애견 공용 운동장이 있고, 애견 동반 식당과 카페도 근처에 있어 편리하다.",010-4369-4008,"<a href=""http://bokgoloc.co.kr"" target=""_blank"" title=""새창 : 복골온천펜션 홈페이지로 이동"">http://bokgoloc.co.kr</a>",일부구역 동반가능,10kg 이하 동반 가능,,배변봉투 지참 및 배변처리 필수,반려동물 동반 가능 온천탕,15:00,,가능
945477,우암사적공원,대전광역시 동구 충정로 53,12,대전광역시,36.3481671989,127.4589725875,http://tong.visitkorea.or.kr/cms/resource/75/3565175_image2_1.jpg,"우암사적공원은 대전 동구에 위치한 도시근린공원으로 조선 후기 대유학자인 우암 송시열이 학문을 닦던 곳이다. 1991년부터 1997년까지 장판각, 유물관, 서원 등의 건물을 재현해 1998년 4월 17일 사적공원으로 새롭게 탄생했다. 조선 후기 이 땅에 유교사상을 꽃피운 우암 송시열 선생의 뜻을 기리고 보존하기 위해 조성된 이곳은 송시열이 말년에 제자를 가르치고 학문에 정진하던 남간정사, 건축미가 뛰어난 기국정, 송시열 문집인 송자대전판 등 역사적으로 중요한 문화유산이 보존되어 있을 뿐만 아니라 공원 곳곳이 잘 단장되어 있어 도심 속 시민들의 쉼터로도 제격이다. 사적공원 안으로 들어서면 맨 먼저 왼쪽으로 남간정사와 기국정 건물이 자리하고 있다. 남간정사를 살펴보고 나와 좀 더 위쪽으로 올라가면 우암선생의 유물과 일생을 살펴볼 수 있는 유물관이 있고, 유물관 앞 홍살문 사이로 멀리 명정문이 보인다.",042-251-4205,"<a href=""https://www.donggu.go.kr/dg/tour/83/6/sights""target=""_blank"" title=""새창: 동구청 홈페이지로 이동"">https://www.donggu.go.kr</a>",전구역 동반가능,전 견종 동반 가능,목줄 착용,"- 맹견의 경우, 입마개 착용 필수
- 배변봉투 지참 및 배변처리 필수",,"05:00~21:00<br>
※ 자세한 사항은 전화문의 요망",연중무휴,가능
2792555,순천 문화의거리,전라남도 순천시 영동길 18 (행동),12,전라남도,34.9546922812,127.4827571342,http://tong.visitkorea.or.kr/cms/resource/24/2795924_image2_1.jpg,"순천 문화의 거리는 순천 지역의 문화 예술인들이 모여들어 만들어진 거리이다. 이색적인 문화의 공간으로 거듭난 문화의 거리는 쉬엄쉬엄 아름다운 풍경을 구경하며 걷기 좋은 길로도 유명하다. 도심의 심장부에 자리 잡고 있고 골목을 따라 갤러리와 공방들이 즐비해 순천의 인사동으로 통한다. 다양한 공방이 자리하고 있어, 각종 생활용품과 예술품을 제작 판매한다. 문화의 거리에서 매년 문화유산야행, 팔마문화제 등 축제가 열려 체험, 전시, 공연 등 다양한 볼거리와 남녀노소 누구나 즐길 수 있는 문화향유의 기회를 제공한다.",,"<a href=""https://www.suncheon.go.kr/tour/tourist/0008/0004/"" target=""_blank"" title=""새창 : 순천시 문화관광 홈페이지로 이동"">https://www.suncheon.go.kr/tour/</a>",전구역 동반가능,전 견종 동반 가능,목줄 착용,"- 맹견의 경우, 입마개 착용 필수
- 배변봉투 지참 및 배변처리 필수",,상시 개방,연중무휴,가능
1906334,동대문역사문화공원,서울특별시 중구 을지로 281 (을지로7가),12,서울특별시,37.566107632,127.0095709797,http://tong.visitkorea.or.kr/cms/resource/37/3566337_image2_1.jpg,"동대문역사문화공원은 서울특별시 중구의 옛 동대문운동장 자리에 조성한 공원이다. 서울의 옛 역사와 문화를 보여주는 테마공원이자, 현대의 디자인과 문화를 경험할 수 있는 전시관 및 행사장, 시민들의 휴식공간이다. 2008년 동대문운동장을 철거하고 공원화하는 과정에서 조선시대의 서울성곽인 이간수문과 치성, 하도감과 훈련도감 터를 비롯한 건물지 유구 44기, 조선백자와 분청사기 등의 도자류를 포함해 주요 유물 1,000여 점이 출토되었다. 발굴된 유물은 공원 곳곳에 보존해 전시하고 있다. 공원 입구에는 동대문운동장 기념관이 있다. 옛 동대문운동장의 추억과 역대 스포츠 경기 정보, 각종 스포츠 관련 유물과 옛 동대문 운동장의 모형을 전시하고 있다. 수도권 지하철 2, 4, 5호선 동대문역사문화공원역 1번 출구에서 26m에 있다. 동대문디자인플라자(DDP)와 신당동 떡볶이 거리가 도보 10분 거리에 있어 함께 둘러보기 좋다.",,"<a href=""https://ddp.or.kr/?menuno=304"" target=""_blank"" title=""새창 : DDP 홈페이지로 이동"">https://ddp.or.kr</a>",일부구역 동반가능,전 견종 동반 가능,"목줄 착용,이동장(켄넬)사용","- 맹견의 경우, 입마개 착용 필수
- 안내견 제외 이동장 또는 이동가방으로만 실내 동반 가능 (*전시·행사 종류에 따라 변동 가능성 有) 
- 야외에선 목줄 길이 1m 필수 
- 배변봉투 지참 및 배변처리 필수",,상시 개방,연중무휴,가능
2744501,신소양체육공원,경상남도 합천군 합천읍 영창리,12,경상남도,35.5807421777,128.1704219253,http://tong.visitkorea.or.kr/cms/resource/73/3565873_image2_1.jpg,"신소양체육공원 매년 많은 관광객이 찾는 인기 포토 스폿으로 가을의 관광 명소로 주목받고 있다. 가을마다 핑크뮬리가 진한 분홍색으로 물들어 가을의 정취를 만끽하기 좋은 곳으로 감성적인 사진을 찍을 수 있어 많은 연인들의 인기 포토존이기도 하다. 황화코스모스, 구절초, 국화 등 다양한 가을 꽃을 구경할 수 있으며, 10월 초 핑크마켓 행사를 운영하여 핑크색으로 꾸며진 부스에서 핑크 화관 만들기 체험을 비롯해 핑크 미니화분 판매, 개량한복 등 의상 대여, 지역민이 참여하는 플리마켓 등 즐길 수 있다. 관광객들을 위한 그늘막 쉼터, 핑크문과 인형 소품을 활용한 포토존 등 다양한 즐길거리도 제공한다.",,"<a href=""https://www.hc.go.kr/06572/06703/06728.web?amode=view&idx=1261""target=""_blank"" title=""새창: 합천군청 문화관광 홈페이지로 이동"">https://www.hc.go.kr/tour.web</a>",전구역 동반가능,전 견종 동반 가능,목줄 착용,"- 맹견의 경우, 입마개 착용 필수
- 배변봉투 지참 및 배변처리 필수",,상시 개방,연중무휴,가능
2738671,서우봉둘레길,제주특별자치도 제주시 조천읍 함덕12길 16,28,제주특별자치도,33.5407280629,126.6641460999,http://tong.visitkorea.or.kr/cms/resource/53/2740453_image2_1.jpg,서우봉둘레길은 제주도 조천읍 함덕해수욕장 동쪽 바다에 접해 있는 제주 올레길 19코스에 포함된 길이다. 봄이면 노란 유채꽃이 에메랄드빛 함덕 해변과 어우러져 최고의 산책 코스로 손꼽힌다. 서우봉은 완만한 등성이가 크게 두 봉우리를 이루고 있는 원추형 화산체이며 바라보는 조망이 좋아 새해마다 일출제가 열린다. 서우봉은 역사적으로도 의미가 있는 곳이다. 진도에서 거제로 피신해 온 삼별초군이 마지막으로 저항하였던 곳으로 김방경 장군과 삼별초군의 전투가 벌어진 지역이다. 서우봉 정상은 조선시대에 만들어진 봉수대가 있었고 일제강점기에 일본군이 구축한 동굴이 20곳 있다. 정상에 올라 함덕의 아름다운 물빛과 멀리 보이는 한라산을 감상하며 여유를 만끽하기 좋고 패러글라이딩을 즐기는 인구가 늘고 있다.,,"비짓제주 <a href=""https://www.visitjeju.net/kr/detail/view?contentsid=CONT_000000000500335"" target=""_blank"" title=""새창 : 비짓제주 홈페이지로 이동"">https://www.visitjeju.net/kr</a>",일부구역 동반가능,전 견종 동반 가능,목줄 착용,"- 대형견의 경우, 산책로가 협소해 이동에 불편을 겪을 수 있음
- 맹견의 경우, 입마개 착용 필수
- 배변봉투 지참 및 배변처리 필수",,,,
2987914,광천선굴어드벤처테마파크,강원특별자치도 평창군 고대동길 119,12,강원특별자치도,37.5188259153,128.4516722463,http://tong.visitkorea.or.kr/cms/resource/77/3381077_image2_1.jpg,"강원도 평창군 대화면 대화리에 위치한 광천선굴은 전체 규모는 850m이며 주굴(주요 통로) 330m, 지굴(가지처럼 뻗어진 통로) 520m로 전국 개방동굴들 가운데 중상위 그룹에 속하며 평창군에서는 백룡동굴(약 1.8㎞)과 섭동굴(약 1.4㎞) 다음으로 큰 동굴이다.		
방문자 센터에서 티켓을 구매할 수 있으며 동굴 안내 섹션이 있어 입장 전 광천선굴이 어떻게 형성됐는지, 내부에서 무엇을 관람할 수 있는지 살펴볼 수 있다. 방문자센터 왼편으로 광천선굴 입구에 안전모가 비치되어 있어 안전모 착용 후 입장할 수 있다. 동굴 내부에는 석순과 석주, 종유석들을 구경할 수 있으며 박쥐도 볼 수 있다.",,"<a href=""https://www.pcfmc.or.kr/facilities05"" target=""_blank"" title=""새창: 평창군시설관리공단 홈페이지로 이동"">https://www.pcfmc.or.kr</a>",일부구역 동반가능,전 견종 동반 가능,"입마개 착용,목줄 착용,기타",-인식표 및 입마개 착용,,09:00~18:00 (매표 마감 17:30),연중무휴,가능
2998006,평창군 스카이 타워 체험시설,강원특별자치도 평창군 대관령면 스포츠파크길 160,28,강원특별자치도,37.6642219239,128.6853967844,http://tong.visitkorea.or.kr/cms/resource/69/2997969_image2_1.jpg,"평창군 알펜시아 스키점프 센터 인근에 위치한 스카이 타워 체험시설은 다층형 복합 로프코스 구성의 어드벤처 체험시설이다. 연면적 1,200㎡, 지상 3층 규모에 총 14개 로프코스와 자유낙하시설, 곡선형 집라인 시설로 체험코스가 구성되어 있다. 또한, 연계 체험프로그램으로 크로스컨트리 체험과 바이애슬론 체험 등도 준비되어 있다.",,"평창문화관광 <a href=""https://tour.pc.go.kr/Home/H40000/H40200/placeDetail?place_no=964&viewType=gallery&page=1&pageSize=12&search_column=2&search_keyword=%EB%A0%88%ED%8F%AC%EC%B8%A0&order_column=1"" target=""_blank"" title=""새창 : 평창문화관광 홈페이지로 이동"">https://tour.pc.go.kr/Home/</a>",일부구역 동반가능,,,,,,,
2465107,송도 센트럴파크,인천광역시 연수구 컨벤시아대로 160,12,인천광역시,37.3903993102,126.6435981392,http://tong.visitkorea.or.kr/cms/resource/19/3512919_image2_1.jpg,"송도 고층빌딩 숲 사이, 자연을 담은 공원인 송도 센트럴파크는 뉴욕 센트럴파크를 모티브로 만들어졌다. 국내 최초로 바닷물을 이용한 해수공원이자 한국의 지형적 특성을 살린 도시공원으로, 인공수로에는 수상 택시, 카누 등 수상 레저 시설이 갖춰져 있고 공원 곳곳에서 다양한 문화와 예술을 만끽할 수 있는 송도의 랜드마크이자 휴식공간이다. 센트럴파크 내에는 다섯가지 주제의 정원이 있다. 센트럴파크의 서쪽 끝에 자리한 선셋정원은 웨스트보트하우스, 수변무대, 어린이 정원, 큐브 조형물 등의 볼거리로 이루어진 공간이며, 감성 정원은 세계 120개 나라를 상징하는 탈로 만든 작품인 지구촌의 얼굴을 비롯하여 관찰데크, 간석 지원 등의 시설로 이루어진 경관 관찰 공간이다. 초지원은 오줌싸개동상, 관찰데크, 습지원, 반딧불이 집 등 다양한 조형물과 공공미술작품을 감상할 수 있는 복합 예술 공간이고, 산책 정원은 한가로이 풀을 뜯는 꽃사슴을 만날 수 있는 전통 테마 공간으로 동쪽 높은 곳에 위치한 송화정은 달빛과 함께 한 폭의 그림 같은 야경을 선사한다. UN 광장, 이스트보트하우스, 민속놀이마당 등이 위치한 테라스 정원은 연중 다양한 행사가 열리는 문화 예술 공간이다.",,"<a href=""https://www.insiseol.or.kr/park/songdo/facility/central.jsp"" target=""_blank"" title=""새창 : 인천시설관리공단 홈페이지로 이동"">https://www.insiseol.or.kr/park</a>",전구역 동반가능,전 견종 동반 가능,목줄 착용,"- 맹견의 경우, 입마개 착용 필수
- 배변봉투 지참 및 배변처리 필수",,"상시 개방<br>
※ 자세한 사항은 전화문의 요망",연중무휴,가능
2757631,라마다호텔&스위트평창,강원특별자치도 평창군 대관령면 오목길 107,32,강원특별자치도,37.6595036538,128.7179634388,http://tong.visitkorea.or.kr/cms/resource/65/2762765_image2_1.jpg,"라마다호텔&스위트평창은 고루포기산의 능경봉을 등지고 36,000㎡의 대지 주변으로 펼쳐지는 대관령의 아름다운 풍경을 바라보는 산자락에 위치한 호텔이다. 모든 객실에서 대관령의 아름다운 풍광을 조망할 수 있는 '라마다 평창 호텔&스위트 평창'은 호텔동 644실과 별장형 빌라동 34실로 총 678실을 갖춘 대형 호텔이다. 전 객실이 복층구조의 객실과 테라스로 구성한 것이 특징이다.",033-333-1000,"<a href=""http://www.pyeongchangramadahotel.com/"" target=""_blank"" title=""새창 : 라마다호텔 홈페이지로 이동"">http://www.pyeongchangramadahotel.com</a>",일부구역 동반가능,맹견 제외 30kg 이하 최대 1마리 동반 가능,"반려동물 유모차 탑승,이동장(켄넬)사용","- 빌라 전 지역, D동 반려견 동반 투숙객실 가능
- D동 1,2층을 제외한 호텔 전 구역 동반 불가
- 호텔 내부 이동 시 케이지 또는 개모차 필수
- 호텔 외부에선 리드줄 착용 필수",스탠다드 트윈/더블- 펫 스텐다드 트윈/더블- 펫 빌라(월-금 조식 50% DC) ※ 모든 펫 룸은 안전을 위해 고층이 아닌 1층에 위치,15:00,,가능
2801593,도그밀리(DOGMILY),강원특별자치도 평창군 방림면 감동지길 100,32,강원특별자치도,37.4781855533,128.2729367936,http://tong.visitkorea.or.kr/cms/resource/92/2801592_image2_1.jpg,"도그밀리(DOGMILY)는 ‘DOG+FAMILY’의 합성어로 반려가족을 위한, 반려견을 위한 휴식처를 위한 공간을 의미한다. 해발 700m의 청정지역 도그밀리에서 사랑하는 반려견들과 행복한 추억을 만들 뿐 아니라, 편한 휴식처도 갖추고 있다. 댕댕이들의 천국 도그밀리에서 넓은 잔디운동장, 계단식 애견동반 수영장, 애견동반 사우나를 경험 할 수 있다.",,,전구역 동반가능,전견종 동반 가능,목줄 착용,"- 객실 당 최대 3마리까지 동반 가능
- 기본 1마리에서 1마리 초과 시 무게별 추가 요금 차등적용
- 미리 논의 되지 않은 반려견은 동반 불가
- 사람 또는 다른 반려견에게 심한 공격성을 보이는 반려견은 리드줄 필수","카페, 수영장, 사우나, 바베큐장, 반려견 공용 샤워장, 반려견 드라이룸",15:00,,가능
2744477,평화의댐 오토캠핑장,강원특별자치도 화천군 화천읍 비수구미길 145-145,28,강원특별자치도,38.2065846349,127.8501282864,http://tong.visitkorea.or.kr/cms/resource/48/2745348_image2_1.JPG,"평화의댐 오토캠핑장은 최전방인 평화의 댐 아래 조성된 화천군에서 운영하는 공공 캠핑장이다. 캠핑장은 26,261㎡ 면적에 총 50면의 캠핑 사이트, 개수대, 음수대, 화장실, 샤워실 등을 갖췄으며 각 사이트별 전기 사용이 가능하다. 캠핑장은 3개의 구역으로 나뉘어 있는데 댐과 수문을 바로 바라다볼 수 있는 A구역과 길 건너 하류 저수지 변을 따라 길게 조성된 B구역과 C구역이 있다. 이중 B구역은 반려동물을 동반할 수 있다. 이외에도 평화의 댐 사면에는 세계 최대 규모의 트릭아트가 그려져 있고 스카이 워크, 국제평화아트파크, 세계평화의 종 공원을 비롯한 안보와 평화 관련 여행지들이 가깝다.",,"<a href=""https://eco-school.ihc.go.kr/hb/camp/sub01"" target=""_blank"" title=""새창 : 화천군 캠핑장 홈페이지로 이동"">https://eco-school.ihc.go.kr/</a>",일부구역 동반가능,,"입마개 착용,목줄 착용","B구역(13~19)만 반려동물 출입 가능합니다. / 반려견 인식표 및 리드 줄, 입마개 필수입니다. / 반려견 배변 시 보호자가 배변봉투, 물티슈 등 지참 후 즉시 처리하여야 합니다.
*반려견 동반 운영 정책은 현지 사정에 따라 변동 될 수 있습니다.","자동차야영사이트 50면 / 캠핑장 : 야영데크28면, 쇄석22면 / 잔디광장 / 야외무대 / 운동기구 / 숲체험장 / 화장실 / 샤워실 / 개수실 / 음수대",,,
2764833,국제평화아트파크,강원특별자치도 화천군 화천읍 평화로 3518,12,강원특별자치도,38.2111480088,127.851075284,http://tong.visitkorea.or.kr/cms/resource/99/2921699_image2_1.jpg,"국제평화아트파크는 강원도 화천 평화의 댐 바로 옆에 자리 잡고 있다. 전쟁의 상징인 폐무기를 활용하여 평화 예술품으로 재구성해 공원을 조성하였다. 수명을 다해 폐기 처분된 탱크, 자주포, 대공포, 전투기 등을 활용하여 만들었다. 2015년 한국 전쟁 휴전일에 맞춰 개장하였다. 폐무기를 활용하여 평화를 외치는 국제평화아트파크는 통일과 안보교육에 최적화되어 있다. 주변에 평화의 댐과 세계 평화의 종 공원, 백암산 남북물길 조망이 되어 있기 때문이다. DMZ 평화 및 안보와 더불어 생태 관광으로도 손색이 없다. 공원에는 군 장비 15점, 일반 조형물 7점, 산책코스가 마련되어 있다. 

(출처 : 강원도청 홈페이지)",,,일부구역 동반가능,전 견종 동반 가능,목줄 착용,"- 맹견의 경우, 입마개 착용 필수
- 배변봉투 지참 및 배변처리 필수",,상시 개방,연중무휴,가능
951444,홀리데이인&스위트 알펜시아 평창,강원특별자치도 평창군 대관령면 솔봉로 325,32,강원특별자치도,37.6609136479,128.6685317384,http://tong.visitkorea.or.kr/cms/resource/56/2921356_image2_1.jpg,"2010년 12월에 오픈한 홀리데이 인 리조트 평창 호텔은 키즈 및 패밀리 콘셉트에 특화된 객실을 갖추고 있으며, 컨벤션 센터와 연계되어 있어 가족과 함께 자연 속에서 휴식과 비즈니스를 동시에 즐길 수 있는 곳이다. 전원풍의 사계절 휴양지로 캐나다의 휘슬러 리조트와 미국 베일 리조트를 벤치마킹해 리조트 안에서 모든 것을 해결할 수 있는 원스톱 리조트 시설을 갖추고 있다. 알프스 작은 마을을 걷고 있는 듯한 느낌의 리조트 거리와 광장은 대관령의 아름다운 자연과 어우러져 마치 동화 속 그림 같은 분위기를 연출한다. 객실은 총 419실로 평창 알펜시아 중심에 위치하며 다양한 객실 형태를 갖추고 있어 가족 여행이나 다양한 기업 행사에 적합하다.",033-339-1240,"<a href=""https://www.alpensia.com/main.do"" target=""_blank"" title=""새창 : 알펜시아 홈페이지로 이동"">https://www.alpensia.com/main.do</a>",일부구역 동반가능,1객실 당 반려견 최대 2마리 (15kg 이하),"목줄 착용,반려동물 유모차 탑승,이동장(켄넬)사용","지정된 반려견 동반 투숙 객실 외에 애완동물과 동반 투숙이 불가능합니다. / 반려견 동반 객실은 예약실로 문의 바랍니다.(033-339-0000) / 반려 동물과 동반 투숙이 발견되었을 경우에는 페널티 부과(16만 5천 원) 및 강제 퇴실 조치가 이루어질 수 있습니다. 
[입실 동의서] 1. 반려견의 체중은 15kg이하여야 한다. 단, 시각장애인 안내견의 경우에는 제한이 없다. 2. 객실당 1마리의 반려견 입실을 기준으로 하며, 최대 2마리까지 가능하나 1마리 추가 시 35,000원의 비용이 발생한다. (추가 시 제공되는 어메니티 : 배변패드 2매, 전용 타월 1장, 식기) 3. 반려견은 사람, 다른 반려동물 등에 대하여 어떠한 전염성 질병도 유발하지 않는 건강 상태여야 하며, 1년 이내의 광견병 주사(Rabies Vaccine)를 접종한 증명서 사본을 체크인 시 제출한다. 4. 반려견은 그 크기, 기질 등으로 제3자에게 공포심, 두려움을 주거나 가해 가능성이 없어야 한다. ※ 입장제한 견종 (11마리) 핏불테리어, 잉글리시 불독, 아키다, 스태포드셔, 그레이트 데인, 말라뮤트, 프레사 카나리오, 도베르만, 로트와일러, 시베리안 허스키, 저먼 셰퍼드
[입실보증금] 1. 반려견 객실 사용을 위해 환급 가능한 보증금 300,000원을 지불하는 것에 동의한다. 반려견으로 인한 객실 내부 및 어메니티 훼손 시 보증금에서 훼손된 항목의 금액만큼 차감 된다. (보증금 금액 이상 발생 시 추가 비용이 적용됨) 2. 입실 보증금은 체크아웃 시 , 본 동의서에서 정한 손해배상금 등 “회사”에 지급해야 할 금원이 발생하지 않은 경우 무이자 반환한다.
[강제퇴실조치] 반려견 동반 입실 기준에 충족되더라도, 다음 각 호에 해당하는 경우 반려견 견주(객실 등 이용자) 및 반려견은 강제 퇴실 조치되며, 반려견 견주는 그 조치에 대하여 어떠한 이의를 제기하지 아니한다. 1. 예약 및 체크인 시 등록한 반려견이 아니거나 등록 반려견 외 다른 반려 동물의 입실이 확인된 경우 2. 반려견이 사람 또는 다른 반려견의 안전에 문제를 일으킬 수 있다고 판단되는 경우 3. 반려견의 짖는 소리로 인하여 다른 고객에게 피해를 주는 경우 4. 건물 내 이동 시 반드시 케이지 또는 반려견 유모차 등에 넣어서 이동해야 함에도 불구하고 이를 위반한 경우 5. 건물 외 이동 시 반드시 목줄을 해야 함에도 불구하고 이를 위반한 경우 6. 객실에 반려견만 남겨두고 외출하는 것은 절대 금지됨에도 불구하고 이를 위반한 경우 7. 알펜시아리조트 내 부대시설 및 식음업장 등에는 반려견 출입이 불가함에도 불구하고 이를 위반한 경우 8. 객실 정비 등 업무를 수행하는 근무자가 객실에 입실 한 경우 반려견 견주는 반드시 반려견을 통제해야 함에도 불구하고 이를 위반하여 업무 수행을 방해한 경우 (단, 객실 정비 등 서비스 제공을 사전에 거부한 경우에는 예외)
- 반려견에게 위협을 주는 행동이나 폭행 등 심신을 위해 할 수 있는 행동은 하지 말아주세요.
*반려견 동반 운영 정책은 현지 사정에 따라 변동 될 수 있습니다.","- 반려견 놀이터 [운영 시간 08:00~20:00, 날씨(폭우 태풍 등)와 기타 상황에 따라 이용이 제한 될 수 있습니다.]
- 알파인코스터, 알펜시아 스포츠파크, 숲속의 동화 생태학습원",15:00,,가능
139183,신영펜션,강원특별자치도 홍천군 서면 한치골길 75-12,32,강원특별자치도,37.6276930258,127.6671927372,http://tong.visitkorea.or.kr/cms/resource/31/2920031_image2_1.jpg,"신영펜션은 강원도 홍천군 서면에 있는 ‘대명 비발디파크’ 내에 있어 봄부터 겨울까지 사계절 동안 비발디파크의 시설을 편리하게 이용할 수 있다. 콘도 스타일의 고급 펜션으로  100여 명을 한꺼번에 수용할 수 있다. 골프, 래프팅, 족구, 테니스, 서아비벌 게임, 오프로드 Car,  볼링 등을 즐길 수 있으며, 특히 겨울에는 스키, 보드, 눈썰매 등을 즐길 수 있는 이름 그대로의 사계절 휴식 공간이다. 근처에는 팔봉산, 홍천강, 소리산 계곡 등이 있으며, 참숯을 구워낸 가마에서 찜질을 할 수 있다.",,"<a href=""http://www.sinnyeong.com/"" target=""_blank"" title=""새창 : 신영펜션 홈페이지로 이동"">http://www.sinnyeong.com/</a>",일부구역 동반가능,,,"반려견 동반 시 반드시 사전 연락 주시길 바랍니다. 1마리 당 1 만원 추가 요금 발생합니다. 10kg 미만 반려견만 입실 가능합니다. (10kg 이상 반려견은 문의주세요.)
*반려견 동반 운영 정책은 현지 사정에 따라 변동 될 수 있습니다.","애견 전용 수영장, 수상레저, 스키장, 바비큐장,  데크, 공용시설",15:00,,가능
138661,샬레리조트,강원특별자치도 평창군 봉평면 석이바우길 71-20,32,강원특별자치도,37.5758479263,128.3490214575,http://tong.visitkorea.or.kr/cms/resource/96/2929696_image2_1.jpg,"샬레라는 이름과 같이 아름다운 스위스의 산장을 연상시키는 유럽풍의 정통 목조 건물로 이루어져 있으며, 아름다운 전망과 고요하고 평화로운 주변환경, 그리고 3분거리에는 휘닉스파크 스키장과 잭니클라우스가 설계하였다는 골프장, 여름철 최고의 물놀이 시설인 워터파크 '블루캐니언'이 위치하고 있다. 40명 이상 수용할 수 있는 세미나실과 족구장, 바비큐장, 산책로가 준비되어 있으며 소중하고 아름다운 추억을 만들어갈 수 있는 최적의 숙소이다.",033-334-5635,"<a href=""https://www.chaletresort.kr/"" target=""_blank"" title=""새창 : 샬레리조트 홈페이지로 이동"">https://www.chaletresort.kr/</a>",일부구역 동반가능,4kg이하 소형견 최대 2마리 동반 가능,,"- 4kg이하 소형견 최대 2마리 동반 가능합니다. 
- 반려견 전용 객실을 별도로 운영하고 있습니다. 
- 애견가능객실 : 커플원룸, 패밀리디럭스룸, 단체룸 (예약 시 반드시 반려견 동반이라고 메모 남겨주시기 바랍니다.)
* 반려견 동반 운영정책은 현지 사정에 따라 변동될 수 있습니다.","수영장, 계곡, 하늘정원 카페, 공연장, 바베큐장, 카페, 세미나실, 매점, 캠프파이어, 족구장, 산책로, 주차장",15:00,,가능
563186,마운틴밸리 펜션,강원특별자치도 철원군 동송읍 담터길 174-1,32,강원특별자치도,38.1522372966,127.2044806739,http://tong.visitkorea.or.kr/cms/resource/85/2929585_image2_1.jpg,"마운틴밸리펜션은 한탄강계곡이 펜션 앞을 사시사철 흐르고 버들치와 다양한 민물고기가 노닐고 있는 곳이다. 봄에는 산새들이 지저귀고, 주위의 산과 들에는 화사한 꽃들이 피어난다. 또한 솔바람 가득한 푸른 숲이 병풍처럼 둘러싸여 있으며 마운틴밸리펜션에서 바라본 밤하늘은 쏟아지는 별들의 불꽃놀이를 연상케 한다.",,"<a href=""http://www.mtvalley.co.kr/"" target=""_blank"" title=""새창 : 마운틴밸리 펜션 홈페이지로 이동"">http://www.mtvalley.co.kr/</a>",일부구역 동반가능,7kg이내 소형견만 동반 가능,목줄 착용,"반려견 동반 시 사전 문의 부탁 드립니다. 7kg이내 소형견만 입장 가능합니다. 털 빠짐 심한 견종은 입실 불가합니다. 산책 시 리드줄 착용 필수입니다. 1객실 당 최대 2마리입니다.
* 반려견 동반 운영 정책은 현지 사정에 따라 변동 될 수 있습니다.",반려견 동반 가능 객실 6개,15:00,,가능
2464201,포천아트밸리 (한탄강 유네스코 세계지질공원),경기도 포천시 신북면 아트밸리로 234,12,경기도,37.9238257074,127.2389925377,http://tong.visitkorea.or.kr/cms/resource/78/3331978_image2_1.jpg,"그림 같은 에메랄드빛 호수, 그 위를 병풍처럼 깎아지른 화강암 절벽! 자연 속에서 예술을 감상하고 즐길 수 있는 복합문화예술공간인 포천아트밸리는 1990년대까지는 아무도 찾지 않는 폐채석장으로 흉물스럽게 방치되었던 곳이었다. 하지만 지금은 연인원 40만 명이 찾는 자연과 예술이 함께하는 힐링의 명소로 완전히 탈바꿈하였다. 특히 2014년부터는 밤하늘에 별을 감상할 수 있는 천문과학관이 개관되어 아이들에게는 체험교육의 명소로, 연인들에게는 데이트코스로 큰 인기를 누리고 있다.",,"<a href=""https://artvalley.pcfac.or.kr/"" target=""_blank"" title=""새창 : 포천아트밸리 홈페이지로 이동"">https://artvalley.pcfac.or.kr/</a>",일부구역 동반가능,전 견종 동반 가능,"목줄 착용,이동장(켄넬)사용","- 모노레일 이용 시 이동장(켄넬) 필수. 단, 안내견은 예외
- 배변봉투 지참 및 배변처리 필수",,"[하절기(3월~10월)]<br>
- 월요일~목요일 09:00~19:00 (입장 마감 18:00)<br>
- 금요일~토요일/공휴일 09:00~22:00 (입장 마감 20:00)<br>
- 일요일 09:00~20:00 (입장 마감 19:00)<br>
[동절기(11월~02월)]<br>
- 월요일~일요일 09:00~18:00 (입장 마감 17:00)",매달 첫번째 화요일,가능
2731170,황방산생태야영장,울산광역시 중구 주연길 52 (장현동),28,울산광역시,35.5881210122,129.3282007667,http://tong.visitkorea.or.kr/cms/resource/71/2731471_image2_1.jpg,"황방산 생태야영장은 울산광역시 동북부에 위치하고 있으며, 도심과 가까이 있어 접근성이 좋은 신설 캠핑장이다. 모든 편의시설들이 깨끗하고 깔끔하게 정리가 되어 있다. 캠핑장은 카라반과 야영장이 함께 있는 구성이다. 근처에는 황방산 숲길, 등산로와 함께 인접해 있어 산책하기에도 좋다. 황방산 생태야영장은 파쇄석 사이트와 하우스 모양의 카라반이 있다. 작지만 깨끗한 최신시설의 화장실, 샤워장, 개수대는 이용하는데 불편함 없다. 캠핑장비가 없는 캠퍼들은 펜션처럼 만들어진 카라반을 이용할 수 있다. 카라반은 1, 2층으로 침대가 있으며 거실 겸 주방시설이 설치되어 있으며, 취사도구도 골고루 갖춰져 있어 편하다. 카라반 앞 중앙으로 커다란 잔디밭이 있어 어린이들이 마음껏 뛰어놀 수 있어 좋다.",,"<a href=""https://camping.junggu.ulsan.kr/camping/index.do"" target=""_blank"" title=""새창 : 황방산생태야영장 사이트로 이동"">https://camping.junggu.ulsan.kr/camping</a>",일부구역 동반가능,전 견종 동반 가능,목줄 착용,"- 카라반 동반 불가(오토캠핑장만 가능)
- 맹견 및 대형견(25kg 이상), 입마개 착용 필수 
- 배변봉투 지참 및 배변처리 필수",,,,
2507820,큐빅광장,울산광역시 중구 학성로 65,14,울산광역시,35.5547606861,129.3181748052,http://tong.visitkorea.or.kr/cms/resource/15/3335215_image2_1.jpg,"큐빅광장은 2013년 대한민국 공간문화대상을 수상한 바가 있다. 울산 원도심의 재생을 위한 ‘문화’라는 주제와 전략을 장소에 담아 실천해 낸 첫 번째 프로젝트로 탄생하였다. 이곳은 1970년대 당시 울산을 찾는 유랑 극단이나 서커스단의 공연이 펼쳐졌던 곳으로, 과거의 기억을 현대적으로 재현하면서 그 의미가 부각되었다. 2012년 9월 준공 이후에는 청소년들과 젊은이들을 위한 다양한 공연과 전시, 체험행사 등이 항상 열려 청소년들의 잠재성과 커뮤니티 활성화에 도움을 주고 있다. 이렇듯 큐빅광장이 다채로운 장소로 거듭나면서 도심기능과 상권회복의 기폭제 역할을 함과 동시에 원도심의 독특하고 이색적인 복합 문화공간으로 자리매김하였다.",,"<a href=""https://tour.ulsan.go.kr/kor/unit/attrctn/view.do?mId=001002005000000000&unqId=115"" target=""_blank"" title=""새창 : 홈페이지로 이동"">https://tour.ulsan.go.kr/kor/main.ulsan</a",전구역 동반가능,전 견종 동반가능,목줄 착용,"- 맹견의 경우, 입마개 착용 필수
- 배변봉투 지참 및 배변처리 필수",,상시 개방,,
1923400,백두대간협곡열차(V-트레인),강원특별자치도 태백시 동태백로 389 (철암동) 철암역~영주역,12,강원특별자치도,37.1131088552,129.0367097758,http://tong.visitkorea.or.kr/cms/resource/93/3562993_image2_1.jpg,"백두대간협곡열차(V-트레인)은 코레일 주관으로 영동선을 운행하는 관광열차로, 중부내륙의 가장 아름다운 구간인 영주, 봉화, 춘양, 분천, 양원, 승부, 철암 구간(27.7㎞)을 운행한다. 절벽과 바위산으로 둘러싸인 백두대간 협곡 사이를 운영하는 대한민국 최초의 개방형 관광열차이다. 
V-train의 ‘V’는 백두대간의 깊은 협곡의 모습을 상징함과 동시에  valley(협곡)의 약자를 나타낸 것으로, 다이나믹한 여행의 즐거움을 표현했다. 백호무늬 외관디자인은 백두대간 호랑이의 기상을 표현하고, 실내는 천장을 제외한 나머지가 모두 큰 유리창으로 되어 있어 숲 속과 협곡의 청정자연을 그대로 느낄 수 있도록 하였다. 또한, 친환경 열차로 객실 내 화장실과 냉난방 시설이 없다. 여름에는 태양광 발전기를 이용한 선풍기를, 겨울에는 화목난로를 사용하여 고구마도 구워 먹을 수 있는 낭만이 있다.
철암 가는 방향 기준으로 분천역부터 석포역까지는 시속 30㎞로 천천히 이동하기에 태백준령의 비경을 충분히 감상할 수 있고, 승무원이 직접 주변 경관과 역사에 대해 설명해 주기도 한다. 승부역, 양원역에서는 정차하는 10분 동안 주변 마을 주민들이 판매하는 간단한 먹거리와 농산물을 구입할 수 있다. 
백두대간협곡열차(V-트레인)은 코레일 홈페이지를 통하여 구간별, 혹은 왕복으로도 예약할 수 있으며 예약 시 문화관광해설서비스도 신청할 수 있다.",,"코레일 기차여행 <a href=""https://www.korail.com/tour/touristIntor/tourBeltIntor/baegdu""target=""_blank"" title=""새창: 레츠코레일 홈페이지로 이동"">https://www.korail.com/tour</a>",일부구역 동반가능,케이스 포함 무게 10kg 이하이고 케이스 길이 100cm 이내 동반 가능,이동장(켄넬)사용,예방접종 증명서 필수,,※ 구간 별로 열차 운영 시간이 상이하므로 홈페이지 참조,※ 구간 별로 열차 운영 시간이 상이하므로 홈페이지 참조,
2743322,꽃객프로젝트,전북특별자치도 고창군 부안면 복분자로 307,12,전북특별자치도,35.5027352266,126.6264384089,http://tong.visitkorea.or.kr/cms/resource/48/3562248_image2_1.jpg,"1972년 전북 고창의 한 시골 마을에서 시작된 가족 정원이 2010년 새 정원으로 옮겨졌다. 이후 김보헌 대표는 수십 년 경력의 원예 전문가인 아버지의 대를 이어 나무를 심고 꽃을 가꾸며 민간정원을 아름답게 꾸며가는 중이다. 정원에 들어서면 귀하고 멋진 반송이 반겨준다. 특히 가을이면 몽환적인 핑크색의 핑크뮬리로 뒤덮여 장관을 이룬다. 새로운 정원 ‘꽃객프로젝트’로 2019년부터 고창 핑크뮬리 축제도 진행하고 있다. 66,000m²의 정원에 펼쳐진 10여 만 본의 핑크뮬리, 핑크메밀, 백일홍, 천일홍, 코키아 등 아름다운 꽃들과 정원수들을 감상할 수 있다. 꽃과 정원을 찾는 여행객인 ‘꽃객’은 현명한 로컬여행에 참여하며 즐거운 추억을 쌓게 된다.",,,전구역 동반가능,전 견종 동반 가능,목줄 착용,"- 맹견의 경우, 입마개 착용 필수
- 배변봉투 지참 및 배변처리 필수",,09:00~18:00,겨울시즌 휴장,가능
1532338,꾸지나무골해수욕장,충청남도 태안군 이원면 내리,12,충청남도,36.9351487451,126.2929090667,http://tong.visitkorea.or.kr/cms/resource/29/3494229_image2_1.jpg,"충남 태안에 위치한 꾸지나무골해수욕장은 생소한 이름만큼 일반인에게 다소 낯선 곳으로 자연 그대로의 모습을 간직하고 있다. 작고 아담한 백사장과 푸른 소나무 숲이 어우러져 있으며, 백사장 양 끝에는 갯바위가 있어 바다 낚시터로 많이 이용된다. 고운 백사장과 멋진 송림, 그리고 양쪽에 갯바위가 있어 놀래미 낚시를 즐기기에 안성맞춤이다. 이곳의 소나무 숲은 숲 그늘이 짙어 한여름에도 서늘한 기운이 느껴질 정도이다. 아직 피서객의 발길이 많지 않은 곳이라 주변에 편의시설이 적다. 장화를 신고 목장갑을 끼고 광어와 우럭, 놀래미를 집는 재미가 일품이며 잡아온 물고기는 즉석에서 회를 떠주기도 한다.",,"<a href=""https://www.taean.go.kr/prog/tursmCn/tour/sub02_03/view.do?cntno=18&searchCondition=title&searchKeyword=%EA%BE%B8%EC%A7%80%EB%82%98%EB%AC%B4%EA%B3%A8%ED%95%B4%EC%88%98%EC%9A%95%EC%9E%A5&contentTypeCode=TC002"" target=""_blank"" title=""새창 : 태안 문화관광 홈페이지로 이동"">http://www.taean.go.kr/tour.do</a>",전구역 동반가능,전 견종 동반 가능,목줄 착용,"- 맹견의 경우, 입마개 착용 필수
- 배변봉투 지참 및 배변처리 필수",,상시 개방,연중무휴,가능
128894,어은돌해수욕장,충청남도 태안군 소원면 모항리,12,충청남도,36.7528475763,126.1294092752,http://tong.visitkorea.or.kr/cms/resource/73/3340773_image2_1.jpg,"어은돌해변은 좁은 모래사장으로 영화 드라마에 나오는 전통적인 해변을 연상시킨다. 특히 낚시를 즐기는 사람들에게는 좋으리라 생각되며 가족단위로 민박을 이용하면서 쉴 수 있는 곳이다. 해변 길이는 1㎞, 폭은 250m 정도이며 해변 형태는 자갈 모래로 되어 있다. 해안의 끝으로 보이는 석양이 그야말로 장관이다. 마을 입구엔 10여 가구의 민박집이 있으며, 물에서 막 끌어올린 어획물을 바로 공급할 수 있는 횟집이 있다.",,"<a href=""https://www.taean.go.kr/prog/tursmCn/tour/sub02_03/view.do?cntno=24&contentTypeCode=TC002"" target=""_blank"" title=""새창 : 태안군 문화관광 홈페이지로 이동"">http://www.taean.go.kr/tour.do</a>",전구역 동반가능,전 견종 동반 가능,목줄 착용,"- 맹견의 경우, 입마개 착용 필수
- 배변봉투 지참 및 배변처리 필수",,상시 개방,연중무휴,가능
125847,천리포해수욕장,충청남도 태안군 소원면 천리포1길 277-6,12,충청남도,36.8032865619,126.1509865497,http://tong.visitkorea.or.kr/cms/resource/37/3493737_image2_1.jpg,"천리포해수욕장은 충청남도 태안군 소원면에 위치한 한적하고 아름다운 해변이다. 고운 백사장과 맑고 깨끗한 바닷물이 특징이며, 수심이 완만해 가족 단위 피서객에게 안성맞춤인 곳이다. 해변을 따라 펼쳐진 소나무 숲은 그늘을 제공해 여름철에도 쾌적한 휴식을 가능하게 한다. 인근에는 천리포수목원이 있어 자연 속 힐링 여행지로 인기를 끌며, 꽃지해수욕장, 만리포 등과 함께 태안 해변 관광의 중심지 역할을 한다. 여름철에는 다양한 사람들이 해수욕을 즐기러 방문하여 활기찬 분위기를 느낄 수 있다. 주변에는 숙박시설과 식당 등 편의시설도 잘 갖추어져 있어 여행의 만족도를 높여준다.다양한 관광지와의 접근성도 좋아 당일치기 또는 1박 2일 여행지로 적합한 휴양지이다",,"<a href=""https://www.taean.go.kr/prog/tursmCn/tour/sub02_03/view.do?cntno=25&contentTypeCode=TC002"" target=""_blank"" title=""새창 : 천리포해수욕장 이동"">https://www.taean.go.kr/tour.do</a>",전구역 동반가능,전 견종 동반 가능,목줄 착용,"- 맹견의 경우, 입마개 착용 필수
- 배변봉투 지참 및 배변처리 필수",,10:00~19:00,연중무휴,가능
2734845,국립화천숲속야영장,강원특별자치도 화천군 간동면 배후령길 1144,28,강원특별자치도,38.010387074,127.7973834577,http://tong.visitkorea.or.kr/cms/resource/51/2735851_image2_1.JPG,"화천숲속야영장은 산림청 1호 숲속야영장으로 산림의 원형을 최대한 보전하여 인공 침엽수림과 자연 활엽수림이 적절히 조화를 이루고 있어 숲속에서 야영하기에 좋은 조건을 이루고 있다. 야영사이트를 데크, 쇄석, 잔디블럭, 평떼 로 구성하여 자신의 입맛에 맞는 자리에서 야영이 가능하다. 야영장 내로 굽이 흐르는 계곡은 여름의 무더위를 날려 버리기 최적이며 적당히 걸을 수 있는 산책로, 완만한 임도길, 근처 오봉산 등산로 등이 있어 산을 즐기기에도 충분하다. 즐길만한 축제로 화천 산천어축제, 화천 쪽배축제, 화천 토마토축제가 있다.",,"<a href=""https://www.foresttrip.go.kr/indvz/main.do?hmpgId=0116""target=""_blank"" title=""새창 : 산림청 국립화천숲속야영장 홈페이지로 이동"">https://www.foresttrip.go.kr/</a>",일부구역 동반가능,맹견 제외 14kg 이하 예방접종 및 동물등록 완료한 전 견종 동반 가능,목줄 착용,"- 11.3일끼지만 가능, 1~4번데크만 허용
- 차박은 불가는 반드시 텐트피칭 필요
- 고양이는 불가능
- 단순 입장 시엔 1마리만 동반 가능하나 숙박 시엔 객실 당 2마리까지 동반 가능",데크 주변 안전펜스,,,
126738,남애항,강원특별자치도 양양군 현남면 매바위길 138,12,강원특별자치도,37.9449469437,128.7871622863,http://tong.visitkorea.or.kr/cms/resource/15/2746915_image2_1.jpg,"강원도 양양에서 가장 큰 규모의 항구로 양양8경 중 하나다. 강릉 심곡항, 삼척 초곡항과 함께 강원도 3대 미항으로 꼽힌다. 그 명성에 걸맞게 어선이 정박한 항구, 빨갛고 흰 등대, 방파제가 아름다운 어촌의 정취를 자아낸다. 항구를 배경으로 뜨는 해가 아름다워 해돋이 명소로도 유명하다. 남애항의 또 다른 볼거리는 남애항 스카이워크 전망대다. 방파제 입구 쪽에 자리한 스카이워크에 오르면 남애항 일대와 동해의 시원스러운 풍광을 한눈에 담을 수 있다. 스카이워크가 들어선 곳은 조선 시대에 양야도라는 섬으로 불렸고, 섬의 봉수대가 있던 자리에 스카이워크를 설치했다. 남애항의 포구 마을인 남애어촌체험마을은 관광객을 위해 낚싯배 체험을 연중 운영한다. 이 외에 맨손 물고기 잡기, 갯바위 게 잡기, 오징어순대 만들기 등 다양한 체험을 즐길 수 있다. 남애항에서 주로 잡히는 어종은 오징어, 가자미, 광어 등이다. 항구를 따라 횟집이 모여 있어 동해에서 잡은 싱싱한 생선회를 맛볼 수 있다.",,"양양관광 <a href=""https://tour.yangyang.go.kr/"" target=""_blank"" title=""새창 : 양양관광 홈페이지로 이동"">https://tour.yangyang.go.kr/</a>",전구역 동반가능,전 견종 동반 가능,목줄 착용,"- 맹견의 경우, 입마개 착용 필수
- 배변봉투 지참 및 배변처리 필수",,상시 개방,연중무휴,가능
2774430,대진 해수욕장,강원특별자치도 동해시 대진항길 46 (대진동),12,강원특별자치도,37.5810009497,129.1125692666,http://tong.visitkorea.or.kr/cms/resource/33/2774433_image2_1.jpg,"어달해변과 망상해수욕장 사이에 위치한다.  수심이 얕고 파도가 일정한 편이라 아이들이 놀기 좋고, 서핑을 처음 배우기에도 좋아 초보 서퍼들이 많은 곳이다. 해수욕뿐만 아니라 소형어선이 드나들며 동해바다에서 갓 잡은 생선을 가져오는 대진항과 싱싱한 활어회를 맛볼 수 있는 수산물 센터가 있어 신선한 요리를 맛볼 수 있다.  직접 갯바위에 올라 낚시를 즐기거나 관광낚 싯배가 마련되어 있어 바다낚시를 즐길 수도 있어 낚시를 취미로 하는 사람들에게는 꽤 유명한 낚시 포인트로도 알려져 있다.",,"<a href=""https://www.dh.go.kr/tour/selectTourCntntsWebView.do?key=1620&ctgryNo=4&tourNo=52"" target=""_blank"" title=""새창 : 동해관광 홈페이지로 이동"">https://www.dh.go.kr/tour</a>",전구역 동반가능,,"목줄 착용,기타","- 해수용장 개장시에는 입장불가
- 맹견의 경우, 입마개 착용 필수
- 배변봉투 지참 및 배변처리 필수",주차장(50대),상시 개방,연중무휴,가능
2721496,더위크앤리조트 (THE WEEK & RESORT),인천광역시 중구 용유서로 379,12,인천광역시,37.4511819177,126.3711713261,http://tong.visitkorea.or.kr/cms/resource/72/2721672_image2_1.jpg,"더위크앤리조트는 당신의 시간에 유니크함과 에너지를 더하기 위해 만들어진 공간이다. 주중이든 주말이든 상관없이 특별한 순간을 선물처럼 맞닥뜨릴 수 있다. 리조트를 감싸고 있는 나지막한 산과 아름답게 펼쳐진 서해 바다, 머리칼과 피부에 닿는 해풍, 바다 위에 내려앉은 불같은 낙조까지 오감으로 느껴지는 자연과 자연의 4원소를 컬러와 심볼로 자연스럽게 녹여낸 호텔에서 근사한 삶을 만끽해볼 수 있다. 어반 라이프스타일 부띠끄 리조트 '더위크앤리조트'는 지하 2층, 지상 10층 규모에 총 191개의 객실을 보유하고 있다. 올데이 모던 다이닝, 다양한 회의 및 연회 시설, 칵테일바, 카페, 워터파크, 엔터테인먼트존을 오션뷰와 함께 경험할 수 있다. 특별한 여행을 더 특별하게 만드는 맞춤형 룸 타입이 준비되어 있으며 주말이 가족을 위한 공간이라면 더위크앤의 비즈니스와 업무를 위해 최적화된 장소를 제공한다. 편안하고 쾌적한 장소에서 능률을 최대화 하기 위해 만들어진 효율적인 서비스가 좋은 결과를 이끌어 낼 것이다. 다양한 규모의 연회장을 보유하고 있으며 오션뷰와 함께하는 THE BOARD ROOM까지 있다. 원스탑 비즈니스 공간으로 장시간 업무에 집중할 수 있는 공간도 제공한다. 엔터테인먼트 시설로는 워터 슬라이드와 유수풀, 야외 수영장이 포함된 워터파크, 국내 최초로 도입된 블랙라이트 미니골프, 키즈 플레이룸, 루프탑 바다 전망대 등이 있으며 바다를 보며 즐길 수 있는 다이닝 레스토랑도 있다.",,,일부구역 동반가능,예방접종 완료한 20kg 이하 동반 가능,"반려동물 유모차 탑승,이동장(켄넬)사용","- 더테라스스위트 객실만 동반가능
- 배변봉투 지참 및 배변처리 필수","펜스, 산책로, 놀이기구,옥상 놀이터",,,
2754601,더펫텔프리미엄스위트,부산광역시 해운대구 해운대해변로197번길 12,32,부산광역시,35.1592408683,129.1531418525,http://tong.visitkorea.or.kr/cms/resource/16/2754616_image2_1.jpg,"국내 유일의 반려동물 동반 전용호텔인 더펫텔프리미엄스위트는 2016년 반려인과 반려동물에게 건강하고 행복한 삶을 선물하기 위해 존재한다. 올바른 반려문화를 선도하고 시대적 요구에 맞춰 사랑하는 반려동물과 함께 여행·출장객을 위한 시설과 서비스를 제공하는 복합반려문화 공간이다. 전 객실은 반려동물의 성향과 행동을 배려하여 반려동물의 관절 부상을 방지하는 논슬립 플로어, 반려동물과 더욱 편하고 안전하게 이용할 수 있도록 계단 비치, 냄새와 바이러스를 제거하는 시스템 운영으로 안전하고 쾌적한 환경을 조성하는데 중점을 두어 보호자와 반려동물 모두가 편안하게 머물 수 있도록 준비되어 있다. 1일 5객실에 한하여 체중 45㎏, 체고 70㎝미만의 법적 맹견을 제외한 대형견의 동반이 가능하다. 반려동물에게 색다른 미식 체험을 위해 신선하고 건강한 음료와 무방부제 고급 수제간식을 경험할 수 있는 카페라운지, 데이케어 & 호텔링 서비스와  하계기간에는 반려견 전용 수영장을 운영하여 반려견들에게도 색다른 체험과 즐거운 추억을 만들 수 있다.",,"<a href=""http://thepetel.com/"" target=""_blank"" title=""새창: 더펫텔 홈페이지로 이동"">http://thepetel.com/</a>",전구역 동반가능,맹견 제외 전 견종 동반 가능,"입마개 착용,목줄 착용","- 소형경의 경우 3마리까지 가능, 그외는 별도문의
- 배변봉투 지참 및 배변처리 필수","셀프 목욕실, 놀이방, 반려견카페, 노견 및 겁이 많은 강아지를 위한 분리 놀이방, 놀이터, 반려견수영장(여름)",15:00,,
2806043,동백포레스트,제주특별자치도 서귀포시 남원읍 생기악로 53-38,12,제주특별자치도,33.300348631,126.6362150996,,"동백포레스트는 제주 서귀포시 남원읍에 위치한 동백꽃 테마 농원으로 자연과 힐링을 동시에 즐길 수 있는 명소이다. 하얀 유럽풍 건물과 동글동글한 동백나무로 이국적인 분위기를 지녔으며, 11월부터 2월까지 동백꽃이 만개하여 붉은 꽃망울이 숲속을 물들이며, 방문객들에게 아름다운 풍경을 선사한다. 야외 정원은 물론 건물 내 카페가 있어 음료와 디저트를 즐기며 카페 1층의 창을 배경 삼아 사진 찍을 수 있는 포토존이 있다. 동백포레스트는 자연 속에서의 산책과 사진 촬영을 즐기기에 적합한 장소로, 제주 여행 중 특별한 추억을 남기기에 좋은 곳이다.​",,"<a href=""https://www.instagram.com/camelia.forest"" target=""_blank"" title=""새창: 동백포레스트 인스타그램 홈페이지로 이동"">https://www.instagram.com/camelia.forest</a>",일부구역 동반가능,15kg 이하 동반 가능,"목줄 착용,기타","- 실내카페 동반불가
- 맹견의 경우, 입마개 착용 필수
- 배변봉투 지참 및 배변처리 필수",,09:00~18:00 (입장 마감 17:00)<br>※ 동백꽃 개화시기에 운영하므로 전화문의 요망,3월~10월<br>※ 동백꽃 개화시기에 운영하므로 전화문의 요망,가능
126450,마라도,제주특별자치도 서귀포시 대정읍 마라로101번길 46,12,제주특별자치도,33.1186461893,126.2671011468,http://tong.visitkorea.or.kr/cms/resource/83/3516583_image2_1.jpg,"마라도는 한국 최남단의 섬이다. 섬을 위에서 보면 고구마 모양을 하고 있으며, 전체적으로 평평하나 등대가 있는 동쪽으로는 해풍의 영향으로 기암절벽을 이루고 있다. 마라도는 운진항에서 배를 타고 30분 정도 소요되며, 정기 여객선과 관광 유람선이 하루 수 차례 왕복 운항하고 있다. 섬 전체가 낮은 풀로 덮여있으며, 초원 군데군데 작은 건물들이 있고, 가을에는 억새가 만발하는 장관을 볼 수 있다. 서쪽 해안은 해식동굴이 발달되어 있다. 마라도의 남쪽 끝에는 최남단비가 있어 인증 사진을 찍는 사람들의 발길이 끊기지 않는다. 
마라도의 가장 높은 지대에 자리하고 있는 마라도 등대는 전 세계 해도에 꼭 기재되는 중요한 등대로, 이 지역을 항해하는 국제 선박 및 어선들에게 안내자의 역할을 한다. 등대 주변으로는 전 세계 유명 등대를 모형으로 만들어 놓은 볼거리가 있다. 
마라도는 섬 전체가 가파르지 않아 남녀노소 부담 없이 거닐 수 있다. 섬 한 바퀴를 다 도는 데는 1시간에서 2시간이면 충분하다. 마라도에 도착해 섬의 시계 반대 방향으로 한 바퀴 돌 때 제일 먼저 만나는 것은 ‘할망당, 처녀당, 비바리당’ 등으로 불리는 마라도의 본향당(本鄕堂) 당이 있다. 당이래야 돌담을 둥그렇게 쌓아두고 그 안에 제단을 마련한 것이 전부지만, 이곳에는 마라도의 잠녀들의 안녕을 지키고 뱃길을 무사히 열어주는 본향신이 모셔져 있다. 마을 사람들은 지금도 당이 있는 바위에 올라서면 바람이 세게 분다 하여 이를 금기 또는 신성시하고 있다.",,"<a href=""http://www.jejumarado.com/"" target=""_blank"" title=""새창 : 마라도 홈페이지로 이동"">http://www.jejumarado.com/</a>",일부구역 동반가능,5kg 이하 동반 가능(이동장 이용 필수),"목줄 착용,반려동물 유모차 탑승,이동장(켄넬)사용","- 5kg이상 마라도 여객선 확인요망
- 배변봉투 지참 및 배변처리 필수",,"상시 개방<br>
※ 배 운항시간 확인 요망",연중무휴,가능
1945438,삼척 해양레일바이크,강원특별자치도 삼척시 근덕면 공양왕길 2,28,강원특별자치도,37.3236974745,129.2663939824,http://tong.visitkorea.or.kr/cms/resource/04/3039104_image2_1.jpg,"곰솔과 기암괴석으로 어우러진 삼척을 지나는 국내 유일의 삼척 해양레일바이크는 아름다운 동해의 해안선을 따라 5.4㎞ 복선으로 운행되고 있다. 레일바이크를 타고 루미나리에와 레이저 쇼가 연출되는 환상의 터널을 들어가는 순간 잠시나마 신비로운 해저터널을 여행한 듯한 경험을 맛볼 수 있다.
사계절에 따라 조금씩 다른 동해의 풍경을 가족, 연인, 친구와 함께 즐길 수 있다. 멋스럽고 친환경적으로 설계된 레일바이크는 안전성과 편안함이 강조되어 아이들과 함께 안전하게 동승할 수 있으며 2개의 정거장(궁촌 정거장, 용화 정거장)과 전망대가 있는 휴게소, 해양도시만이 가지고 있는 해양터널을 즐길 수 있다. 해양 터널은 각종 레이저쇼와 바다의 생태환경을 볼 수 있다. 
주변에 해신당공원, 황영조기념공원, 장호 어촌체험마을, 공양왕릉, 낭만 가도 등이 있어 바이크 체험 전후 같이 둘러보기 좋다.",,"<a href=""http://www.oceanrailbike.com"" target=""_blank"" title=""새창 : 해양레일바이크 홈페이지로 이동"">http://www.oceanrailbike.com</a>",일부구역 동반가능,전 견종 1마리 동반 가능(이동장 이용 필수),이동장(켄넬)사용,"- 이동장이 클경우 놓을 공간 협소
- 2인승이상 자리의 한자리를 차지할수 있음
- 배변봉투 지참 및 배변처리 필수",,,,
2847726,상가리야자숲,제주특별자치도 제주시 고하상로 326,12,제주특별자치도,33.4394649613,126.3584888528,http://tong.visitkorea.or.kr/cms/resource/12/2847712_image2_1.JPG,"제주 애월읍 고하상로 326에 위치한 상가리야자숲은 이국적인 분위기를 자아내는 야자수 군락지이다. 그늘 아래 벤치와 포토존이 마련되어 있어 방문객들이 편안하게 휴식을 취하거나 사진을 촬영할 수 있다. 사계절 내내 푸른 소철과 야자수가 싱그럽고, 하늘을 배경으로 펼쳐진 풍경이 아름답다. 주차 공간은 마련되어 있지 않으므로 인근 도로에 주차한 후 방문해야 한다. 주변에는 고내포구, 애월항 한담해안산책로 등 관광 명소가 있어 함께 둘러보기 좋다. 상가리야자숲은 자연과의 교감을 원하는 이들에게 평화롭고 신비로운 힐링 공간을 제공하는 곳이다.",,"<a href=""https://www.visitjeju.net/kr/detail/view?contentsid=CNTS_300000000013093""target=""_blank"" title=""새창: 비짓제주 홈페이지로 이동"">https://www.visitjeju.net/kr/</a>",일부구역 동반가능,10kg이하 동반 가능,"목줄 착용,매너벨트 착용",배변봉투 지참 및 배변처리 필수,,09:00~18:00,연중무휴,불가능
2603352,세인트존스 호텔,강원특별자치도 강릉시 창해로 307,32,강원특별자치도,37.794078097,128.9186301059,http://tong.visitkorea.or.kr/cms/resource/54/2603354_image2_1.jpg,"푸른 해송숲과 청정 바다가 펼쳐진 강문해변에서의 자연 휴양과 호텔 내에서 여유로운 휴양을 모두 즐길 수 있는 곳, 세인트존스 호텔이다. 대규모 인원 수용이 가능한 호텔이다. 부지 면적 약 1만여 평(30,825㎡), 총 1,091개 객실로 독보적인 규모를 자랑한다. 지상 16층까지 객실과 다양한 편의시설이 있는 오션타워와 레이크타워, 지상 6층까지 엔터테인먼트 시설이 구비된 파인타워로 구성되어 편의를 제공한다. 세인트존스 호텔은 IOC 공식지정 2018 평창동계올림픽 공식 숙박업소로서 문재인 대통령, 이방카 트럼프 등 15개국의 정상들을 맞이한 곳이다. 바다 위의 바다를 연상시키는 인피니티풀, 해송숲을 바라보며 힐링할 수 있는 스파와 찜질방, 어린이와 반려견이 즐거운 시간을 보낼 수 있는 펫&키즈 플레이스, 고품격 예식 및 연회 서비스, 비즈니스 센터, 곰솔림 산책로 등 다양한 부대시설을 갖추고 있다. 반려견을 동반할 수 있는 펫 프랜들리 룸(PET FRIENDLY ROOM) 21개 실을 운영하고 있다. 반려견 전용 어메니티 제공 및 반려견을 맡길 수 있는 펫 플레이스를 운영 중이며 호텔 내 반려견 이동을 돕기 위한 전용 유모차 대여가 가능하다.",033-660-9000,"<a href=""https://new.stjohns.co.kr/"" target=""_blank"" title=""새창: 세인트존스 호텔 홈페이지로 이동"">https://new.stjohns.co.kr</a>",일부구역 동반가능,전 견종 동반 가능,목줄 착용,"- 수영장 입장은가능하나 이동장필수, 입수는 안됨
- 부대업장이용시에도 이동장 필수
- 심한 짖음과 공격성을 보이면 퇴실될 수 있음","수영장, 산책로, 드라이룸, 도그파크 / 수영장 카바나&자쿠지 이용 가능(메인수조 입장 불가)",- 성수기·비수기(금요일~일요일 / 법정공휴일) 16:00<br>- 비수기(월요일~목요일) 15:00,,가능
127476,소양강댐,강원특별자치도 춘천시 신북읍 신샘밭로 1128,12,강원특별자치도,37.9487918001,127.8150725784,http://tong.visitkorea.or.kr/cms/resource/19/2742919_image2_1.jpg,"국내 최대 다목적댐이자 춘천 대표 관광 명소다. 1973년 준공된 소양강댐은 높이 123m, 제방 길이 530m, 저수량 29억 톤에 달할 정도로 규모가 대단해 웬만한 비에는 수문을 개방하지 않는다. 소양강댐이 수문을 열 때면 장관을 구경하려고 사람들이 모여들 정도다. 평상시에도 즐길 거리는 풍성하다. 댐 위를 걷는 댐정상길을 일반에 개방하고 있다. 댐 정상을 걸어 건너편 팔각정 전망대까지 왕복하는 산책길로 왕복 2.5㎞ 거리다. 단 기상 상황에 따라 개방이 제한되기도 한다. 소양강댐 건설로 생겨난 인공호수 소양호는 춘천, 양구, 인제에 걸쳐 흐를 정도로 웅장하고 주변 경관이 수려하다. 댐 인근의 선착장에서 유람선을 타고 소양호를 한 바퀴 돌거나 건너편 청평사까지 다녀올 수 있다. 댐과 선착장 사이에는 소양강댐 물문화관, 소양강댐준공기념탑, 소형 소양강처녀상 같은 볼거리가 있다. 댐으로 향하는 길목에는 닭갈비 전문점과 카페가 즐비하고 벚나무가 가득해 또 다른 재미를 선사한다.",,"춘천시 문화관광 <a href=""https://www.chuncheon.go.kr/tour/"" target=""_blank"" title=""새창: 춘천시 문화관광 이동"">https://www.chuncheon.go.kr/tour/</a>",일부구역 동반가능,전 견종 동반 가능,"반려동물 유모차 탑승,이동장(켄넬)사용","- 댐정상 산책시 전견종 제한없음 
- 유람선 승선의 경우 안고타거나 이동장(켄넬)사용 필수
- 중형견이상은 이동장 이용시에도 상황에 따라 동반 불가
- 맹견의 경우, 입마개 착용 필수
- 배변봉투 지참 및 배변처리 필수",,상시 개방,연중무휴,가능
129468,아바이마을 갯배,강원특별자치도 속초시 중앙부두길 51,12,강원특별자치도,38.2028631815,128.5922246895,http://tong.visitkorea.or.kr/cms/resource/06/2733206_image2_1.jpg,청초호 하구에 형성된 아바이마을을 건너가는 이색적인 교통수단이다. 속초 시내와 아바이마을 사이를 가로지르는 50m 남짓한 물길을 갯배를 이용해 빠르게 이동할 수 있다. 작은 바지선 형태인 갯배는 직접 사람이 와이어 줄을 끌어당겨야 움직이는 무동력 운반선이다. 수로 양쪽에 튼튼한 철선을 고정시킨 후 갈고리를 걸어 힘껏 당기면 배가 천천히 앞으로 나아간다. 사공이 따로 있지 않기 때문에 배에 탄 사람들이 함께 힘을 합쳐 배를 끌어야 한다. 갯배를 탑승해 수로를 건너는 시간은 약 5분 정도다. 속초에서만 체험할 수 있는 독특한 문화로 지금도 많은 관광객들이 찾고 있으며 드라마 <가을동화> 촬영지로 알려지면서 일본이나 중국 관광객들도 심심치 않게 보인다.,,"속초 아바이마을 <a href=""http://www.abai.co.kr/home/"" title=""새창: 속초 아바이마을 홈페이지로 이동"" target=""_blank"">http://www.abai.co.kr</a><br>속초 문화관광 <a href=""https://www.sokcho.go.kr/ct/tour/attraction/experience?contentSeq=118"" target=""_blank"" title=""새창 : 속초 문화관광 홈페이지로 이동"">https://www.sokcho.go.kr</a>",일부구역 동반가능,소형견만 동반 가능,,"- 안고탈수있는 소형견만 가능
- 맹견의 경우, 입마개 착용 필수
- 배변봉투 지참 및 배변처리 필수",,"5월~10월 05:00~23:00<br>
11월~4월 05:30~22:30<br>
※ 기상상황에 따라 변경될 수 있음",연중무휴,가능
2518166,단양 패러일번지,충청북도 단양군 가곡면 두산길 196-91,28,충청북도,36.9936742244,128.3947595726,,"충북 단양의 패러글라이딩 2인승 체험 전문 업체이다. 25년 경력의 베테랑 파일럿 다수 보유, 넓은 이륙장과 국가대표경력의 파일럿을 가장 많이 보유하고 있다. 만 4세부터 80세까지 패러글라이딩을 처음 접하는 초보자도 누구나 체험이 가능하다. '단양카페산'이 바로 맞은편에 위치해 있으며 체험 후 커피 한잔의 여유를 즐기는 것도 괜찮다. 제휴되어 있는 프로그램 또한 많이 있으며 패러글라이딩 후에 더 많은 레포츠를 즐길 수 있다.",,"단양 패러일번지 <a href=""http://www.para1.co.kr/"" target=""_blank"" title=""새창 : 단양 패러일번지 홈페이지로 이동"">http://www.para1.co.kr/</a>",일부구역 동반가능,9Kg 이하 동반 가능,목줄 착용,"- 맹견의 경우, 입마개 착용 필수
- 배변봉투 지참 및 배변처리 필수",,,,
2951541,시모네,경기도 평택시 현덕면 장수길 31,39,경기도,36.9474997423,126.9111082646,,"카페 시모네는 평택에서 수제 디저트와 핸드드립 커피를 제대로 즐길 수 있는 유럽 감성 카페이다. 매장에서 매일 정성껏 굽는 수제 타르트는 바삭한 크러스트와 부드러운 필링, 그리고 신선한 토핑이 어우러져 한 입만으로도 여운이 남는 시그니처 메뉴이다. 에그타르트, 두바이초콜릿 타르트, 콘에그타르트 등 다양한 구성이 계절마다 바뀌며, 좋은 재료들로 선별하여 만든다. 커피 또한 베테랑 로스터가 직접 셀렉한 스페셜티 원두를 사용해 블랜딩 된 커피뿐만 아니라 고객 취향에 맞는 핸드드립 커피도 제공된다. 이 특별한 커피 경험을 집에서도 이어가실 수 있도록 매장에서 사용하는 원두를 직접 판매하고 있다.",,"<a href=""https://www.instagram.com/simone_coffee/"" target=""_blank"" title=""새창 : 시모네 인스타그램으로로 이동"">https://www.instagram.com/simone_coffee</a>",일부구역 동반가능,,"반려동물 유모차 탑승,이동장(켄넬)사용,매너벨트 착용",,,11:00~21:00 (마지막 주문 20:30),연중무휴,가능
2734944,동백호수공원,경기도 용인시 기흥구 동백5로 12 (중동),12,경기도,37.2767520637,127.1508746395,http://tong.visitkorea.or.kr/cms/resource/47/3559747_image2_1.jpg,"용인 동백호수공원은 공원 중심에 있는 호수를 보며 힐링을 할 수 있는 곳이다. 잔잔한 물결을 따라 걷는 산책길은 데이트를 즐기기에도, 나들이를 즐기기에도 안성맞춤이다. 공원에는 휴게공간, 운동공간, 음악분수, 야외무대 등이 조성되어 있다. 특히 야외무대에서는 버스킹 등 다양한 공연이나 문화행사를 진행한다.",,,전구역 동반가능,전 견종 동반 가능,목줄 착용,"- 맹견의 경우, 입마개 착용 필수
- 배변봉투 지참 및 배변처리 필수",,상시 개방,연중무휴,가능
129439,개화예술공원,충청남도 보령시 성주면 성주산로 673-47,12,충청남도,36.3133182941,126.6585619211,http://tong.visitkorea.or.kr/cms/resource/92/3560492_image2_1.jpg,"개화예술공원은 성주산 남쪽 골짜기에 위치한 공원이다. 약 18ha 규모로 모산조형미술관과 조각공원, 화인음악당, 허브랜드, 바둑이네 동물원, 카페리리스, 허브힐족욕카페, 눈썰매장이 있다. 주황색 지붕의 모산조형미술관은 보령에서 나는 오석으로 지었으며, 작가들의 작품을 감상할 수 있다. 조각공원은 입구에서부터 오석을 이용한 조각 작품들이 즐비하며 현존하는 시인들의 시를 새긴 육필시비공원도 볼거리이다. 허브 향기 가득한 허브랜드에서는 식사도 가능하다. 공원 곳곳에 7개의 연못과 폭포, 산책로 등이 조성되어 있으며 자연과 함께 힐링할 수 있는 특별한 관광지이다. 이곳에서는 꼬마열차, 페달보트, 낚시, 관람열차와 모산조형미술관의 체험 프로그램(오석에 압화 꾸미기, 나무조각 꾸미기, 석고방향제, 슈링클 키링 만들기, 도자종 꾸미기, 하바리움+엽서 꾸미기, 머그컵 꾸미기, 미술관 옆 동물원) 등을 즐길 수 있다. 개화예술공원은 국도 40호선을 통해 접근할 수 있으며, 서해안고속도로 대천 IC, 무창포 IC와 서천공주고속도로 서부여 IC가 가깝다. 주변에는 옥마산, 성주산자연휴양림, 보령무궁화수목원, 보령석탄박물관, 보령시청소년수련관 등이 있다.",,"<a href=""http://www.gaehwapark.co.kr/default/"" target=""_blank"" title=""새창 : 홈페이지로 이동"">http://www.gaehwapark.co.kr</a>",일부구역 동반가능,전 견종 동반 가능,목줄 착용,"- 공원 내 미술관은 이동장(켄넬) 또는 보호자가 안고 이동
- 맹견의 경우, 입마개 착용 필수
- 배변봉투 지참 및 배변처리 필수",,09:00~18:00,연중무휴,가능
125872,충주호,충청북도 충주시 동량면 함암리,12,충청북도,36.958149471,128.0400201677,http://tong.visitkorea.or.kr/cms/resource/95/3560695_image2_1.JPG,"충주댐 건설로 생긴 충주호는 내륙의 바다라 불릴 정도로 규모가 크다. 댐 건설로 충주, 단양, 제천 등 세 개의 지자체에 걸쳐 수몰됐고, 지금은 많은 관광객이 찾는 명소가 됐다. 주변으로 월악산국립공원, 송계계곡, 청풍 문화재 단지, 단양 8경, 고수동굴, 구인사, 수안보온천, 노동동굴 등 수많은 관광자원들을 보유하고 있다. 충주호에는 충주댐 본 댐의 충주 나루, 월악산 비경 아래의 월악나루, 청풍문화재 단지 인근의 청풍나루, 단양팔경의 구담봉, 옥순봉이 있는 장회나루, 단양읍의 단양 나루 등 총 5개의 유람선 선착장이 설치되어 있어 충주호 관광선은 이용하여 호반의 정취를 즐길 수 있도록 하였다.",,"<a href=""https://www.chungju.go.kr/tour/contents.do?key=1189"" target=""_blank"" title=""새창 : 충주 문화관광 사이트로 이동"">www.chungju.go.kr/tour/</a>",전구역 동반가능,전 견종 동반 가능,목줄 착용,"- 맹견의 경우, 입마개 착용 필수
- 배변봉투 지참 및 배변처리 필수",,상시 개방,연중무휴,가능
2043017,[충주 풍경길] 종댕이길,충청북도 충주시 종민동,12,충청북도,36.9786407554,127.9965540359,http://tong.visitkorea.or.kr/cms/resource/53/3560653_image2_1.JPG,"정선 정씨의 집성촌이자 시조를 모신 사당이 있는 심항산은 종당산, 종댕이산이라 불렸다. 충주댐 건설 후 사람들의 발길이 끊겼으나 2013년 종댕이길이라는 탐방로를 개통했다. 마즈막재 주차장에서 오솔길을 따라 내려가면 나오는 생태 연못이 종댕이길의 시작점이다. 길의 오른편에서는 충주호를 바라볼 수 있고 울창한 숲으로 이루어진 좁은 길이 이어진다. 종댕이길은 공기를 더 깨끗하게 하는 피톤치드와 마음을 가라앉히고 기분 좋게 만드는 테르펜 등이 가득하다. 길을 따라 팔각정, 출렁다리, 육각정과 같은 명소를 만나볼 수 있다.",,"<a href=""https://www.chungju.go.kr/tour/contents.do?key=1188"" target=""_blank"" title=""새창 : 홈페이지로 이동"">https://www.chungju.go.kr/tour/</a>",전구역 동반가능,전 견종 동반 가능,목줄 착용,"- 맹견의 경우, 입마개 착용 필수
- 배변봉투 지참 및 배변처리 필수",,상시 개방,연중무휴,가능
1958101,수안보온천 관광특구,충청북도 충주시 수안보면 주정산로 12,12,충청북도,36.848361144,127.9890334366,http://tong.visitkorea.or.kr/cms/resource/63/3560663_image2_1.JPG,"수안보온천 관광특구는 전통의 온천 휴양지다. 우리나라 최초의 자연 용출 온천수로서 3만 년 전부터 있었다고 전해지며 그 효능 역시 잘 알려져 있다. 지하 250m에서 용출되는 온천은 약알칼리성이다. 충주시가 직접 관리하는 온천수에는 인체에 유익한 원적외선뿐 아니라 각종 광물질이 포함되어 있다. 그래서인지 예부터 수안보온천은 질병을 치료하고 휴양할 목적으로 많은 사람들이 찾아들었다. 수안보온천의 중심지에 물탕공원이 자리하고 있다. 공원에는 온천수가 흐르는 나지막한 물길이 있다. 수안보온천을 이용하는 여행자들은 대부분 수안보온천 지역 내에 있는 호텔과 모텔 등의 숙박 시설을 이용하면서 온천욕을 즐긴다. 인근에 월악산, 충주호, 송계계곡 등 둘러볼 만한 자연 자원이 많다.",,"<a href=""http://www.suanbo.or.kr/"" target=""_blank"" title=""새창 : 수안보온천관광협의회 사이트로 이동"">http://www.suanbo.or.kr</a>",일부구역 동반가능,전 견종 동반 가능,목줄 착용,"- 호텔 등 숙박시설은 반려동물 동반 불가
- 맹견의 경우, 입마개 착용 필수",,상시 개방,연중무휴,가능
1947118,강촌레일파크(김유정레일바이크),강원특별자치도 춘천시 신동면 김유정로 1383,28,강원특별자치도,37.8157136906,127.7121497907,http://tong.visitkorea.or.kr/cms/resource/48/2739748_image2_1.jpeg,"경춘선 복선전철 개통으로 쓸모를 다한 옛 경춘선 철로에 이제는 기차 대신 레일바이크가 달린다. 강촌레일파크 김유정레일바이크는 경춘선 전철 김유정역 바로 옆에서 출발한다. 탑승장에는 지역적 특색을 살린 대형책 조형물과 오색 우산 조형물 같은 포토존을 비롯해 카페, 짚와이어 등 소소한 즐길 거리가 많다. 김유정역 탑승장을 출발해 옛 강촌역까지 전체 8.5㎞ 코스로 처음 6㎞ 구간은 레일바이크로 나머지 2.5㎞ 구간은 낭만열차를 타고 이동한다. 레일바이크 구간은 주로 내리막길로 이뤄져 힘들지 않고 산과 들, 강이 어우러지는 목가적인 풍경과 갖가지 테마로 꾸민 터널이 이어진다. VR(가상현실) 체험이 가능한 구간이 있으며 추가 요금을 내고 이용 가능하다. 이국적인 분위기의 낭만열차는 북한강을 따라 달리며 탁 트인 전망을 선사한다. 목적지에 도착한 후에는 셔틀버스를 타고 탑승장으로 되돌아온다. 경강역에서 출발하는 7.2㎞ 코스의 경강레일바이크도 별도 운영한다.",,"<a href=""https://www.railpark.co.kr/rail/rail1_01.php"" title=""새창: 강촌레일파크 홈페이지로 이동"" target=""_blank"">http://www.railpark.co.kr/</a>",일부구역 동반가능,소형견(10kg이하) 한마리 동반 가능(두마리일 경우 두마리 합쳐서 10kg이하),목줄 착용,"- 목줄 착용 필수
- 펫바이크 내 반려견 케이지가 설치되어있음",반려견 전용 탑승석,,,
2734948,기흥레스피아호수공원 반려동물놀이터,경기도 용인시 기흥구 하갈동 126-6,12,경기도,37.2539509293,127.0953164285,http://tong.visitkorea.or.kr/cms/resource/30/3559630_image2_1.jpg,"용인 기흥레스피아호수공원 내에 있는 대규모 반려동물 놀이터로 시민들이 반려동물과 자유롭게 산책하고 야외활동을 즐길 수 있다. 소형견과 대형견 놀이터가 분리되어 있으며, 반려견 놀이터 출입 시 배변 봉투와 안전줄 지참은 필수다. 또한 배설물은 이용객이 직접 치워야 한다. 배변 봉투가 없을 경우, 놀이터 내에 설치된 배변봉투함 비닐을 사용할 수 있다. 개인 돗자리 설치와 음식물 반입은 금지하고 있다.",,,전구역 동반가능,맹견 제외 동물 등록 완료한 전 견종 동반 가능,목줄 착용,배변봉투 지참 및 배변처리 필수,"펜스, 안전문, 식수대",화요일~일요일 09:00~20:00,매주 월요일 / 설·추석 당일 / 우선 치,가능
128204,홍류폭포,울산광역시 울주군 상북면 명촌길천로 33-6,12,울산광역시,35.5596834909,129.0823702624,http://tong.visitkorea.or.kr/cms/resource/07/3049207_image2_1.jpg,"간월재, 신불산, 간월산으로 향하는 길목의 자연과 함께하는 문화공간 ‘영남알프스 복합웰컴센터’의 클라이밍센터 부근에서 시작되는 등산로를 따라가면 홍류폭포를 만날 수 있다. 가벼운 산책처럼 산길을 따라 약 1km쯤 오르다 보면 간월재, 신불산으로 향하는 갈림길에서 이정표를 따라 좌측 방면으로 발걸음을 옮기면 홍류폭포가 있다. 영남알프스 기슭에 자리 잡고 있는 울주 8경 ‘파래소폭포’와 함께 흥류폭포는 울산에서 빼놓을 수 없는 대표적인 폭포이다. 마치 은하수가 떨어지 듯 약 33m 높이에서 떨어지는 폭포수는 흩어져서 봄에는 무지개가 서리며 겨울에는 고드름이 절벽에 매달리고 위에서 흩어져 내리는 물은 하얀 포말을 만들며 쏟아져 내린다. 안내판에는 신선이 놀던 곳이라고 할 만큼 멋져서 이백의 시구 ‘비류직하삼천척’이 떠오른다고 적혀 있다. ‘나는 듯 떨어지는 물줄기가 삼천 척이나 된다’는 뜻으로, 그만큼 홍류폭포의 물길이 장대하고 아름답다고 한다.",,"<a href=""https://tour.ulsan.go.kr/kor/unit/attrctn/view.ulsan?mId=001002001000000000&page=4&searchDvsn1=A&picPrsId=&searchType3=&searchType1=&searchTxt=&unqId=24"" target=""_blank"" title=""새창: 관광울주 홈페이지로 이동"">http://tour.ulju.ulsan.kr/</a>",일부구역 동반가능,전 견종 동반 가능,목줄 착용,"- 맹견의 경우, 입마개 착용 필수
- 배변봉투 지참 및 배변처리 필수",,상시 개방,연중무휴,가능<br>요금 (무료)
2670558,나리농원,경기도 양주시 광사동 812,12,경기도,37.7871554746,127.0837162374,http://tong.visitkorea.or.kr/cms/resource/94/3559494_image2_1.jpg,"양주시에서 운영하는 나리농원은 전국 최대 규모의 천일홍꽃 군락지가 조성되어 있는 자연 친화형 힐링 공간이다. 매년 9월경이면 ‘천만송이 천일홍 축제’가 열려 많은 관광객들의 발길이 끊이지 않는다. 축제가 열리는 9월~10월 두 달 동안은 농원 입장 시간이 정해져 있으나 축제가 종료된 후에는 기존처럼 산책 및 통행이 가능하다. 깊어져 가는 선선한 가을날, 가족과 함께, 연인과 함께 행복한 시간을 만끽할 수 있다.",,,전구역 동반가능,전 견종 동반 가능,목줄 착용,"- 맹견의 경우, 입마개 착용 필수
- 배변봉투 지참 및 배변처리 필수",,09:00~20:00,매주 주말,불가능
2650824,천사대교,전라남도 신안군 암태면 신석리,12,전라남도,34.8607556325,126.1542849511,http://tong.visitkorea.or.kr/cms/resource/07/3559007_image2_1.jpg,"천사대교는 전라남도 신안군 압해읍 송공리와 암태면을 잇는 교량으로 2019년 4월 4일에 개통되었다. 천사대교라는 명칭은 1004개의 섬으로 이루어진 신안군의 지역 특성을 반영하여 지어진 이름이다. 천사대교는 신안군 비금도, 도초도, 하의도, 신의도, 장산도, 안좌도, 팔금도, 암태도, 자은도 9개면 섬들이 다이아몬드 모양으로 펼쳐진 일명 ‘신안 다이아몬드 제도’를 연결하는 최단거리 육상 교통망을 완성한다. 우리나라에서 건설된 교량 중 영종대교, 인천대교, 서해대교에 이어 4번째로 긴 해상교량이다.",,,일부구역 동반가능,전 견종 동반 가능,,"- 대교 위는 도보 이동이 불가하므로 동반 불가
- 대교를 관람할 수 있는 전망대는 동반 가능
- 맹견의 경우, 입마개 착용 필수
- 배변봉투 지참 및 배변처리 필수",,상시 개방,연중무휴,
575658,임자도,전라남도 신안군 임자면 대광해수욕장길 179,12,전라남도,35.0858264076,126.0917156572,http://tong.visitkorea.or.kr/cms/resource/44/3558944_image2_1.jpg,"임자도는 우리나라 서해 남단에 위치한 다도해 신안군의 최북단에 위치하고 있으며 동으로 바다 건너 지도읍, 서쪽으로는 서해에 접해 있고 남으로는 바다 건너 자은면과 북으로는 바다 건너 영광군 낙월면과 이웃하고 있다. 우리나라에서 12㎞에 걸쳐 펼쳐져 있는 가장 긴 모래사장으로 유명한 명사 30리 대광해수욕장이 펼쳐져 있어 매년 4월이면 섬에서 즐기는 3백만 송이 대향연을 연출하는 튤립축제와 해변에서 승마체험과 갯고랑에서 카약을 타 볼 수 있으며 주요 특산물은 임자 3미(민어, 병어, 새우젓) 유명하다. 수려한 풍경과 먹을거리, 지역주민이 직접 운영하는 체험 프로그램이 매력적인 테마여행지이다.",,,전구역 동반가능,전 견종 동반 가능,목줄 착용,"- 맹견의 경우, 입마개 착용 필수
- 배변봉투 지참 및 배변처리 필수",,상시 개방,연중무휴,가능
2591824,온수도시자연공원(잣절공원),서울특별시 구로구 고척로21나길 103 (개봉동),12,서울특별시,37.5020481486,126.8397382631,http://tong.visitkorea.or.kr/cms/resource/33/3558633_image2_1.jpg,"온수도시자연공원은  서울시의 남서 측 양천구와 구로구에 걸쳐 있고, 경기도는 부천시와 접하고 있다. 남쪽으로 경인국도, 동쪽으로 남부순환로, 북쪽으로 경인 고속국도와 접하여 접근이 매우 용이하다. 1971년 공원으로 지정되었으며, 식생이 다양하게 잘 보존된 전형적인 자연형 공원으로 년 180,000여 명의 시민이 이용하고 있다. 등산로 주변에 약수터와 배드민턴장, 체력단련장, 의자 등 휴게시설과 철봉, 허리 돌리기 등 운동기구가 등산로 곳곳에 설치되어 많은 시민들로부터 좋은 반응을 얻고 있다. 온수도시자연공원 내 조성된 잣절공원으로 연못과 데크가 설치되어 있어 여름에 청량감을 느낄 수 있고, 매년 반딧불이 방사행사가 개최되고 있다.",,"<a href=""https://parks.seoul.go.kr/parks/detailView.do?pIdx=91"" target=""_blank"" title=""새창 : 서울의 공원 홈페이지로 이동"">https://parks.seoul.go.kr/</a>",전구역 동반가능,전 견종 동반 가능,목줄 착용,"- 맹견의 경우, 입마개 착용 필수
- 배변봉투 지참 및 배변처리 필수",,상시 개방,연중무휴,불가능
2718545,삽교호놀이동산,충청남도 당진시 신평면 삽교천3길 15,12,충청남도,36.8900103789,126.8228483707,http://tong.visitkorea.or.kr/cms/resource/50/3558450_image2_1.jpg,"아름다운 서해와 서해대교가 보이는 삽교호놀이동산은 대관람차, 바이킹, 디스코, 회전목마 등 다양한 놀이시설과 야구 연습장과 사격장 등 부대시설이 있는 곳이다. 레트로한 분위기로 알록달록한 대관람차가 있고 놀이동산 내부가 아기자기하게 꾸며져 있어 사진 찍기에 좋은 곳이다. 또한 대관람차에서 당진의 아름다운 경관과 놀이동산의 전체 모습을 한눈에 볼 수 있어 가장 인기 있는 놀이시설이다.",,"<a href=""http://www.sghland.com/"" target=""_blank"" title=""새창 : 공식 홈페이지로 이동"">http://www.sghland.com/</a>",일부구역 동반가능,전 견종 동반 가능,목줄 착용,"- 놀이기구 탑승은 불가
- 맹견의 경우, 입마개 착용 필수
- 배변봉투 지참 및 배변처리 필수",,"- 평일 11:00~21:00<br>
- 주말 10:00~22:00<br>
※ 봄~가을에만 운영","연중무휴 (단, 우천 및 설천시 휴관)",가능
2712742,경천애인 징검다리길,전북특별자치도 완주군 경천면 경천리 680-3,28,전북특별자치도,36.0210064504,127.2517887624,http://tong.visitkorea.or.kr/cms/resource/24/3558124_image2_1.jpg,"경천애인 징검다리길 및 인근 천변은 청정하고 풍요로운 자원을 지닌 곳으로 나무가 식재되어 있으며, 주변 경관이 수려하여 산책하기가 좋은 곳이다. 경천애인(敬天愛人)은 완주군 경천면에서 경천(庚川)이라는 음을 따와서, ‘서로서로를 아끼고 돕는다’라는 의미로 ‘애인(愛人)’ 을 붙여, ‘경천애인’으로 불린다고 한다. 지역에 축사가 없고, 인근에 9,000평 규모의 체육공원, 3,000평 넓이의 편백나무 숲과 구룡천, 경천저수지, 완주독립기념관, 화암사, 대아수목원, 대둔산, 경천저수지 등이 위치해 있다.",,"<a href=""https://www.wanju.go.kr/tour/index.wanju""target=""_blank"" title=""완주군 문화관광"">https://www.wanju.go.kr/tour/index.wanju</a>",전구역 동반가능,전 견종 동반 가능,목줄 착용,"- 맹견의 경우, 입마개 착용 필수
- 배변봉투 지참 및 배변처리 필수",,,,
2823571,여수 유탑 마리나 호텔&리조트,전라남도 여수시 오동도로 61-15,32,전라남도,34.744451054,127.7506417828,http://tong.visitkorea.or.kr/cms/resource/25/2823725_image2_1.jpg,"여수 엑스포 유탑 마리나 호텔 & 리조트는 대한민국 대표 관광도시 여수의 눈부신 바다와 마주하고 있다. 전 객실 테라스를 통해 아름다운 여수 바다의 낮과 밤을 누릴 수 있으며 어느 곳에서도 느낄 수 없었던 최상의 서비스와 품질로 여행의 의미를 더하였다.
해양 도시 여수 바다의 파도 물결과 요트에서 영감을 받아 설계된 여수 엑스포 유탑 마리나 호텔 & 리조트는 세련된 입면 디자인을 자랑한다. 여수를 상징하는 입면 디자인과 유선형의 포디움 디자인으로 개관 전부터 2019 미래건축대상 호텔부분 단독수상의 영예를 안으며 그 가치를 다시 한 번 재조명 받았다.",,"<a href=""https://www.utopmarina.com/"" target=""_blank"" title=""새창: 여수 유탑 마리나 호텔&리조트 홈페이지로 이동"">https://www.utopmarina.com</a>",일부구역 동반가능,맹견 제외 10kg 이하 동반 가능,"목줄 착용,반려동물 유모차 탑승,매너벨트 착용","- 부대업장출입시 이동장 필수
- 배변봉투 지참 및 배변처리 필수",,15:00,,가능
2977041,열대과일농장 유진팡,제주특별자치도 서귀포시 원님로399번길 31-7,12,제주특별자치도,33.339945959,126.7425272126,http://tong.visitkorea.or.kr/cms/resource/95/2976895_image2_1.jpg,"유진팡은 서귀포 남원읍 신흥리에 위치한 열대과일 농장이다. ‘팡’은 제주말로 쉼터를 의미하는데, 농장에 방문한 사람들이 편히 쉴 수 있기를 바라는 마음이 담겨있다. 유진팡 농장은 한국의 동남아를 꿈꾸며 국내에서 찾아보기 어려운 열대 과일을 재배하고 있는데, 주요 생산 작물로는 바나나, 파파야, 파인애플, 사탕수수, 망고스틴, 스타프루트 같은 열대작물과 감귤, 세미향 등 제주 특산물도 있다. 또한 유진팡은 이색적인 농장체험을 제공하고 있다. 체험 프로그램에는 열대농장 투어, 동물 먹이주기, 과일 시식이 포함되어 있다. 추가로 바나나따기 체험도 상시 가능하다. 따기체험을 통해 무농약 바나나를 수확하고 후숙하는 과정을 지켜보는 재미가 쏠쏠하다. 겨울엔 감귤따기, 봄엔 세미향, 금귤따기도 가능하다. 양쪽으로 동백나무를 심은 동백꽃길, 동백팡(꽃밭) 등 여행사진을 남기기 좋은 포토존이 많다. 겨울철에는 농장체험과 더불어 동백꽃도 즐길 수 있다는 점이 매력적이다.",,"<a href=""https://yujinfang.kr/"" target=""_blank"" title=""새창 : 열대과일농장 유진팡 홈페이지로 이동"">https://yujinfang.kr/</a>",일부구역 동반가능,전 견종 동반 가능,"목줄 착용,기타","- 동물이있는 동물팡은 반드시 안고 있어야함
- 맹견의 경우, 입마개 착용 필수
- 배변봉투 지참 및 배변처리 필수",,10:00~17:30 (입장 마감 16:30),매주 수요일,
2948028,이함캠퍼스,경기도 양평군 강하면 강남로 370-10,14,경기도,37.5028252925,127.4256821682,http://tong.visitkorea.or.kr/cms/resource/68/2948068_image2_1.jpg,"(재)두양문화재단 산하 이함캠퍼스는 양평에 위치한 곳으로 2022년 7월 중순 개관한 복합문화공간이다. 이함캠퍼스는 이름에 철학이 담겨있는데 이함의 뜻은 빈 상자로서, 그릇을 비워야만 새로운 것을 담을 수 있듯이 다양한 문화적 시도를 담아내고 비우기를 실천하는 함(열린 공간)이 되겠다는 의미를 담고 있다. 문화를 경험하고 성장하는 배움의 장소인 것이다. 차가운 콘크리트 건물과 따스한 자연이 어우러져 현대적이면서 편안한 느낌을 준다. 웅장하면서도 소박하고, 투박하면서도 세련됨이 어우러져 있다. 건물 외부에는 넓은 잔디밭과 조형물이 있어 사진을 찍기에 좋고 둘레길이 있어 가볍게 산책하기에도 좋다.",,"<a href=""https://www.ehamcampus.com/"" target=""_blank"" title=""새창: 이함캠퍼스 홈페이지로 이동"">https://www.ehamcampus.com/</a>",일부구역 동반가능,전 견종 동반 가능,목줄 착용,"- 전시장내, 전시관람 동반불가
- 카페실내 이동장 또는 안고있어야함
- 맹견의 경우, 입마개 착용 필수
- 배변봉투 지참 및 배변처리 필수",,"[동절기 (11월~2월)] 10:00~18:00 (입장 마감 17:30)<br>
[하절기 (3월~10월)] 10:30~19:00 (입장 마감 18:30)","매주 월요일 (단, 월요일이 공휴일이면 익일 휴관)",가능
2433873,인제스피디움,강원특별자치도 인제군 기린면 상하답로 130,32,강원특별자치도,38.0012086833,128.2950634635,http://tong.visitkorea.or.kr/cms/resource/15/2598215_image2_1.png,"인제스피디움리조트는 국내 최초의 복합 자동차 문화 휴식 공간이며 강원도 최초의 4성급 호텔이다. 세계 유일의 레이싱 경기장 조망을 가진 호텔과 콘도로 수준높은 안락함을 느낄 수 있다. 고유의 자연환경을 잘 보존하고 있어 푸른 자연 속 고즈넉한 분위기를 느낄 수 있으며, 다양한 액티비티 프로그램을 제공한다. 지친피로를 풀수 있는 콘도와 호텔은 매년 많은 사람들이 찾고 있다. 

◎ 한류의 매력을 만나는 여행 정보 - 예능 <콩 심은 데 콩 나고 팥 심은 데 팥 난다>
출연진이 말복 파티 후 비를 피해 방문한 호텔이다. 카레이싱 경기가 열릴 만큼 거대한 서킷이 마련되어 있으며, 클래식 카 박물관, 멤버들이 시간을 보낸 오락실 등 독특한 부대시설이 많다.  추가 부대시설로는 브로키즈하우스, 평창 동계올림픽 북축응원단 전시관 등이 있다.",1644-3366,"<a href=""http://www.speedium.co.kr"" target=""_blank"" title=""새창 : 인제스피디움 홈페이지로 이동"">http://www.speedium.co.kr</a>",일부구역 동반가능,맹견 제외15Kg이하 동반 가능,"목줄 착용,반려동물 유모차 탑승,이동장(켄넬)사용",1객실 당 반려견 최대 1마리 동반 가능,"콘도동 4층 반려동물 동반 전용 객실- 더블베드 + 온돌방 79.33㎡ 24py 야외 반려견 놀이터 (이용시 배변봉투, 목줄 필수 지참)",15:00,,가능
2705373,제주레일바이크,제주특별자치도 제주시 구좌읍 용눈이오름로 641,28,제주특별자치도,33.4643587312,126.8366273253,,"제주 레일바이크는 2013년 10월에 오픈하여 단순 관람이 아니라 소, 말이 방목되어 있는 대자연의 목장 초원 위 철로에서 친구, 가족과 함께 바이크를 타며 체험관광을 할 수 있어 학생뿐만 아니라 일반 이용객들도 매우 좋아하는 제주도의 체험형 유원시설이다. 제주시 구좌읍 용눈이오름로에 위치하여 주변에 비자림, 성산일출봉, 섭지코지, 우도 등의 관광지가 있다. 본 선로 위에서는 자동으로 작동하여 페달을 안 밟아도 진행되므로 다른 레일바이크 대비 힘이 덜 들고, 정시에 도착하여 시간 관리가 용이하다. 완만한 폐철로를 이용한 기존 바이크에 비해 목장 지형과 주변 환경에 맞춰 특별 부설한 철로로 내리막 오르막이 반복되어 달리는 스릴을 즐길 수 있는 레일바이크이다. 레일바이크 주행 중 방목되어 있는 소와 말이 활동하는 시간에는 초원에서 풀을 뜯는 모습을 볼 수 있고, 하차 후 말, 양, 염소, 사슴, 토끼 등 먹이주기 체험도 가능하다. 또한 바이크에 풍우막이 설치되어 있어 비바람이 불어도 안전하게 이용할 수 있다.",,"<a href=""http://www.jejurailpark.com/m/index.php""target=""_blank"" title=""새창: 제주레일바이크 홈페이지로 이동"">http://www.jejurailpark.com/</a>",일부구역 동반가능,10kg 이하 동반 가능,"목줄 착용,이동장(켄넬)사용,기타","- 맹견의 경우, 입마개 착용 필수
- 배변봉투 지참 및 배변처리 필수",,,,
131271,주문진 방파제,강원특별자치도 강릉시 주문진읍 해안로 1609,28,강원특별자치도,37.8796220881,128.8335906768,http://tong.visitkorea.or.kr/cms/resource/81/2656581_image2_1.jpg,"주문진 방파제는 드라마 <도깨비> 촬영지로 유명해졌다. 등장인물들이 처음 만나는 장소로 등장한 방파제는 여전히 드라마 속 멋진 풍광을 그대로 간직하고 있다. 이곳을 찾은 사람들은 드라마의 장면을 따라 하며 주인공이 된 듯한 기분을 만끽한다. 주문진 방파제는 동방파제와 서방파제로 이루어져 있다. 동방파제는 1㎞이고 서방파제는 200m로 되어있다. 봄부터 9월까지는 가자미낚시가 이어지고 10월에 들어서는 노래미, 학꽁치, 우럭이 나온다. 11월 이후부터 3월까지는 숭어와 황어가 주어종이 된다. 최고의 시즌은 10월부터 3월까지이다.",,"비짓강릉 <a href=""https://www.gn.go.kr/tour/sub02_01_03.do"" target=""_blank"" title=""새창 : 비짓강릉 홈페이지로 이동"">https://www.gn.go.kr</a>",일부구역 동반가능,전 견종 동반 가능,,"- 해수욕장 개장 기간에는 동반이 제한될 수 있음
- 맹견의 경우, 입마개 착용 필수
- 배변봉투 지참 및 배변처리 필수",,,,
2663350,청도신화랑풍류마을,경상북도 청도군 운문면 신화랑길 1,12,경상북도,35.7181182082,128.922335401,http://tong.visitkorea.or.kr/cms/resource/30/3332930_image2_1.jpg,"청도신화랑풍류마을은 화랑의 정신·문화·체험활동을 특화한 다양한 프로그램과 현대적 의미의 해석을 통한 화랑문화 고유의 정통성과 새로운 신화랑 정신문화가 공존하는 복합문화관광단지이다. 청도신화랑풍류마을은 화랑정신이 흐르는 청도의 자연에서 심신을 수양할 수 있는 새로운 전시관과 명상실, 신화랑이 되기 위한 여러 가지 프로그램을 체험할 수 있는 체험 교육실, 실제 과녁에 활을 쏘아보면서 신라의 화랑을 직접 체험해 보는 화랑궁도장, 단체를 대상으로 한 다양한 행사를 위한 대강당과 다목적 연회장, 체류형 고객을 위한 숙박시설인 화랑촌 등 다양한 힐링공간으로 구성되어 있다.",,"<a href=""http://www.cdws.or.kr/open.content/hwarang/"" target=""_blank"" title=""새창: 청도신화랑풍류마을 홈페이지로 이동"">http://www.cdws.or.kr/open.content/hwarang/</a>",일부구역 동반가능,전 견종 동반 가능,목줄 착용,배변봉투 지참 및 배변처리 필수,,09:00~18:00 (휴게시간 12:00~13:00),매주 월요일 / 1월 1일 / 설·추석 당일,
129601,청산수목원,충청남도 태안군 남면 연꽃길 70,12,충청남도,36.6886633873,126.2968818977,http://tong.visitkorea.or.kr/cms/resource/14/3331014_image2_1.jpg,"충남 태안군에 위치한 청산수목원은 연꽃과 수련, 창포 등 200여 종의 습지식물이 어우러진 수생식물원, 밀레·고흐·모네 등 예술가들의 작품 속 배경과 인물을 만날 수 있는 테마정원이다. 계절 따라 다양한 모습을 연출하는 산책로와 황금 메타세쿼이아 등 600여 종의 나무들이 둥지를 틀고 있는 수목원으로 꾸며져 있다. 1990년부터 조성하기 시작해 국내에서 가장 많은 연꽃 품종을 보유하고 있으며, 다양한 수생식물, 수목, 야생화가 서식하고 있다. 특히 여름철엔 연꽃의 우아한 자태를 감상할 수 있다. 일몰 1시간 전 입장마감 되므로 방문 전 확인해 보는 것이 좋다.",,"<a href=""http://www.greenpark.co.kr/gnu/"" target=""_blank"" title=""청산수목원 사이트로 이동"">http://www.greenpark.co.kr/</a>",일부구역 동반가능,10kg 이하 동반 가능,목줄 착용,배변봉투 지참 및 배변처리 필수,,"[봄 (4월~5월)]<br>
- 09:00~ <br>
[하절기 (6월~10월)]<br>
- 08:00~ <br>
[동절기 (11월~3월)]<br>
- 09:00~ 
<br>※ 일몰 1시간 전 입장 마감",연중무휴,가능
3112061,청주시 반려견 놀이터,충청북도 청주시 흥덕구 무심서로 1097,12,충청북도,36.6765626914,127.4472812967,,문암생태공원 내 반려동물과 보호자가 함께 쉴 수 있는 공간,,,전구역 동반가능,전 견종 동반가능(맹견 제외),"자유이용,기타","[입장불가 사항]
1. 동물등록을 하지 않은 반려견
2. 질병에 감염되거나 발정이 있는 반려견
3. 그 밖에 관리자가 다른 사람과 동물에게 불편 또는 위해를 가할 가능성이 있다고 판단하는 사람 또는 반려견","놀이터 안내소, 반려견 놀이시설, 견주 휴식시설(벤치, 그늘막 등)","하절기(4월~10월) 9:00~18:00<br>
동절기(11월~3월) 9:00~17:00","매주 월요일(월요일이 공휴일인 경우 그 다음 날)<br>1월 1일, 설날, 추석, 정기휴무일을 제외한 법정공휴일의 다음 날",주차가능
2661876,춘천 의암호 자전거길(물레길),강원특별자치도 춘천시 스포츠타운길 113-1 물레길~공지천,28,강원특별자치도,37.8550197403,127.6857871373,http://tong.visitkorea.or.kr/cms/resource/63/2661863_image2_1.jpg,"의암호를 둘러싼 물레길~공지천을 잇는 30㎞ 구간 자전거길이다 춘천의 또다른 호반의 도시인 만큼 시원한 호숫가를 따라 자전거를 타며 춘천 호수의 정취를 즐길 수 있다. 인근에 금병산, 춘천레포츠타운, 공지천 등 주변에 관광명소가 많아 일상의 스트레스를 털고 재충전할 수 있는 휴양지로 적합한 곳이다.",,"춘천관광 <a href=""https://www.chuncheon.go.kr/culture-leisure/leisure/leisure-bike/romantic-bicycle-path-guide/"" target=""_blank"" title=""새창: 춘천관광 홈페이지로 이동"">http://tour.chuncheon.go.kr</a>",일부구역 동반가능,전 견종 동반 가능,목줄 착용,"- 반려견과 자전거라이딩 가능
- 맹견의 경우, 입마개 착용 필수
- 배변봉투 지참 및 배변처리 필수",,,,
779594,한반도지형(강원고생대 국가지질공원),강원특별자치도 영월군 한반도면 한반도로 555,12,강원특별자치도,37.2199280571,128.3575534938,http://tong.visitkorea.or.kr/cms/resource/34/2922034_image2_1.jpg,"한반도를 빼닮아 붙여진 이름으로 한반도 지형을 감싸고 흐르는 감입곡류하천의 침식작용에 의해 생겨났다. 이곳에서는 이 지역에서 관찰되는 석회암, 감입곡류하는 서강, 한반도 지형이 만들어진 과정, 돌리네, 석회암의 쓰임새 등을 볼 수 있다.

(출처 : 강원고생대 국가지질공원)",,"<a href=""http://www.paleozoicgp.com/""target=""_blank"" title=""새창: 강원고생대국가지질공원 "">http://www.paleozoicgp.com/</a>",일부구역 동반가능,전 견종 동반 가능,"입마개 착용,목줄 착용",배변봉투 지참 및 배변처리 필수,,상시 개방,연중무휴,가능 (소형 200대 / 대형 20대)
2705418,해운대 영무파라드호텔,부산광역시 해운대구 해운대해변로298번길 25 (중동),32,부산광역시,35.1609381479,129.1665100882,http://tong.visitkorea.or.kr/cms/resource/20/2705420_image2_1.jpg,"해운대 영무파라드호텔은 2020년 7월 문을 연 4성급 호텔로서 해운대 바다 도보 1분거리에 위치하여 전 객실 테라스를 마련, 눈앞에 펼쳐진 해운대의 정취와 더불어 여행을 더욱 풍요롭게 만드는 명소로 자리매김하고 있다. 해운대 유일 반려견 친화 호텔로서, 영무파라드호텔 반려견 테마파크를 그랜드 오픈하여 반려견과 여행을 주저했던 이들에게 많은 성원을 얻고 있다. 반려견과 사람이 함께 공존하며 휴식하는 공간을 만드는 '피터펫'과의 다양한 컨텐츠 협업으로 반려견이 이용할 수 있는 루프탑 스카이라운지, 레스토랑&카페, 미용실, 호텔링 서비스, 행동교정유치원을 운영중에 있다. 또한 반려견 동반 객실에는 모든 공간에 반려견의 안전과 편안한 휴식을 위해 다양한 반려견 전용 어메니티뿐만 아니라 프리미엄 토탈 펫 케어 브랜드 ‘디팡’의 매트와 빈백, 계단이 준비되어 있다.",,"<a href=""https://ymparade.kr/kor/index.do"" target=""_blank"" title=""새창:영무파라드호텔 홈페이지로 이동"">https://ymparade.kr/kor</a>",일부구역 동반가능,예방접종 완료한 10kg 이하 동반 가능,"목줄 착용,반려동물 유모차 탑승,이동장(켄넬)사용","- 맹견의 경우, 입마개 착용 필수
- 배변봉투 지참 및 배변처리 필수","드라이룸, 반려견 미용실, 셀프 목욕실",15:00 (금요일~일요일·공휴일·공휴전일 16:00),,가능
2553929,문화비축기지,서울특별시 마포구 증산로 87,14,서울특별시,37.5699856862,126.8951646315,http://tong.visitkorea.or.kr/cms/resource/67/3340967_image2_1.jpg,"마포구 서울월드컵경기장 인근 매봉산에 에워싸인 문화비축기지는 일반인의 접근과 이용이 철저히 통제됐던 산업화시대 유산인 마포 석유비축기지가 도시재생을 통해 시민 품으로 돌아오게 된 문화공원이다. 
1973년 석유파동 이후 1976~78년에 5개 탱크를 건설해 당시 서울시민이 한 달 정도 소비할 수 있는 양인 6,907만ℓ의 석유를 보관했던 마포석유비축기지는 2002년 월드컵을 앞두고 안전상의 이유로 폐쇄되었다. 10년 넘게 활용방안을 찾지 못하다가 지난 2013년 시민아이디어공모를 통해 문화비축기지로의 변신을 결정했다. 
당시 석유를 보관하던 탱크들은 석유 대신 매일 색다른 문화를 창출하는 문화탱크로 역할이 바뀌었다. 기존 5개의 탱크는 열린 문화 공간으로 탈바꿈하였고, 해체된 탱크의 철판을 활용해 만들어진 T6는 시민들의 커뮤니티 공간이 되었다. 비어있던 야외 공간은 아이들이 뛰어놀 수 있는 문화 마당으로 만들었으며, 부지에 남아있던 수림은 최대한 보존하고 다양한 종류의 꽃과 나무를 심어 공원으로 조성했다. 
석유와 건설 중심의 산업화 시대를 대표하던 공간이 친환경과 재생, 문화가 중심이 되는 생태문화공원으로 거듭났다. 시장을 비롯해 전시, 공연, 워크숍 등 색다른 문화 행사가 열리고 있다.",,"<a href=""http://parks.seoul.go.kr/template/sub/culturetank.do"" target=""_blank"" title=""새창 : 서울의 공원 홈페이지로 이동"">http://parks.seoul.go.kr</a>",일부구역 동반가능,전 견종 동반 가능,"입마개 착용,목줄 착용","-  실내는 동반 불가
- 맹견의 경우, 입마개 착용 필수
- 배변봉투 지참 및 배변처리 필수",,"[야외공원] 상시 개방<br>
[탱크 T1~T6] 화요일~일요일 10:00~18:00<br>
※ 공간 사용 일정에 따라 탱크 출입이 제한될 수 있음<br>
[카페 Tank6] 화요일~일요일 10:00~18:00",,
1949976,대관령 하늘목장,강원특별자치도 평창군 대관령면 꽃밭양지길 458-23,12,강원특별자치도,37.7071731576,128.7188396792,,"높은 산지에 둘러싸인 고원 지대인 대관령에 조성된 목장으로 자연을 직접 체험하는 국내 최초의 자연순응형 체험목장이다. 목장이 트레이드마크이자 주요 이동수단인 트랙마차를 타고 45분 동안 목장을 둘러볼 수 있으며, 정상에서 드넓은 초지를 바라보고 있으면 가슴이 설렌다. 먹이 주기 체험을 하며 동물들과 교감할 수 있고, 다양한 포토존에서 추억을 만들 수도 있다. 천천히 여유 있게 트래킹을 하며 둘러볼 경우 약 3시간 정도가 소요된다. 대관령의 청정 생태계가 보전된 자연 친화적인 하늘목장에는 국내 목장 유일 흑비양과 400마리 이상의 젖소, 양과 염소, 말 그리고 귀여운 토끼, 기니피그 등이 있으며, 이 동물들은 자연 생태 순환 시스템에서 살고 있다. 

◎ 한류의 매력을 만나는 여행 정보
블랙핑크 ‘Lovesick Girls’ 뮤직비디오를 보면 멤버들이 탁 트인 들판에서 스포츠카를 타고 들판을 달리는 장면이 나온다. 해당 장소는 ‘대관령 하늘목장’으로 동물과 교감이 가능한 체험 목장이다. 이곳의 드넓은 들판을 바라보고 있으면 스트레스도, 고민도 금세 사라지는 듯한 기분을 느낄 수 있을 것이다. 자연과 동물을 함께 만날 수 있는 곳 ‘대관령 하늘목장’에서 블랙핑크의 흔적을 찾아보는 것을 추천한다.",,"<a href=""https://skyranch.co.kr/""title=""새창:  대관령 하늘목장 으로 이동 ""target=""_blank"">https://skyranch.co.kr/</a>",일부구역 동반가능,전 견종 동반 가능,"목줄 착용,매너벨트 착용","- 소형견의 경우 안고서 마차탑승 가능
- 배변봉투 지참 및 배변처리 필수","펜스, 안전문, 운동장, 산책로, 놀이기구","- 동절기 (10 월~3 월) 09:00~17:30<br>
- 하절기 (4 월~9 월) 09:00~18:00",연중무휴,가능
128777,돌하르방미술관,제주특별자치도 제주시 조천읍 북촌서1길 70,12,제주특별자치도,33.5396035971,126.6896605755,http://tong.visitkorea.or.kr/cms/resource/99/3077599_image2_1.jpg,"돌하르방미술관은 제주시 조천읍에 위치한 미술관이다. 이곳은 제주 토박이 김남흥 원장이 15년 이상의 세월 동안 개인의 힘으로 일구어온 생명과 평화의 공원이자 문화와 예술을 담은 공원이다. 도 내외에 흩어져 있는 48기의 돌하르방을 원형 그대로 재현해 전시하고 있을 뿐만 아니라 현대적인 해석으로 탄생한 다양한 형태의 돌하르방과 250여 개의 조형물들을 공원 곳곳에서 야외 전시하고 있다. 또, 곶자왈 산책길에서는 각종 양치식물과 청미래덩굴, 자귀나무, 꾸지뽕나무 등 다양한 수목을 관찰할 수 있어 살아 숨 쉬는 자연을 그대로 접할 수 있다.",,"<a href=""https://www.visitjeju.net/kr/detail/view?contentsid=CONT_000000000500150""target=""_blank"" title=""새창: 비짓제주 홈페이지로 이동"">https://www.visitjeju.net</a>",일부구역 동반가능,전 견종 동반 가능,목줄 착용,'배변봉투 지참 및 배변처리 필수,,"[하절기(4월~10월)]<br>
09:00~18:00 (입장 마감 17:30)<br>
[동절기(11월~3월)]<br>
09:00~17:00 (입장 마감 16:30)",연중무휴,가능
2930689,오산반려동물테마파크,경기도 오산시 오산천로 72 오산반려동물테마파크,12,경기도,19.69442748,117.9925662504,http://tong.visitkorea.or.kr/cms/resource/59/3325759_image2_1.JPG,"오산반려동물테마파크는 오산시에서 설립한 반려동물 복합 문화공간으로 다양한 교육 프로그램을 진행하고 반려동물과 함께 즐길 수 있는 공간을 제공한다. 예비 및 초보 견주들에게 필요한 교감, 산책, 펫티켓을 한 번에 배울 수 있는 기본교육과 행동교정교육 프로그램, 전문가의 피드백을 받을 수 있는 초청 세미나를 진행한다. 또한 이곳은 유기견 입양문화 개선을 위한 유기견 입양 교육 프로그램과 입양상담실을 운영한다. 테마파크에서 가장 인기가 많은 공간은 도그런으로 반려견을 위한 놀이터가 마련되어 있다. 소형, 중형, 대형견의 전용 공간이 따로 나누어져 있고, 장애물을 통화하고 뛰어놀 수 있다. 드넓은 푸른 잔디 위에서 행복한 시간을 보낼 수 있다.",,"<a href=""https://www.osan.go.kr/petpark/"" target=""_blank"" title=""새창 : 오산반려동물테마파크홈페이지로 이동"">https://www.osan.go.kr/petpark/</a>",일부구역 동반가능,필수 예방접종 및 동물등록 완료한 전 견종 동반 가능,"입마개 착용,목줄 착용","- 대형견 소형견 구분 운동장
- 배변봉투 지참 및 배변처리 필수","펜스,안전문,운동장,산책로,펫카페,놀이기구,어질리티훈련장,피크닉존","[하절기(6월~8월)]<br>
10:00~20:00<br>
[동절기(9월~5월)]<br>
10:00~18:00",매주 월요일,가능
2774559,강촌레일파크경강레일바이크,강원특별자치도 춘천시 남산면 서백길 57,28,강원특별자치도,37.8428714255,127.5507192399,,강촌레일파크 경강 레일바이크는 옛 경강역 자리에 레일바이크를 즐길 수 있는 레저시설이다. 붉은 벽돌로 지어진 옛 경강역은 운치가 고스란히 남아 있어 고즈넉함을 즐기려는 이들이 많이 찾는다. 경강 레일바이크 코스는 총 길이 8㎞ 코스로 경강역을 출발하여 느티나무 터널을 지나 북한강 철교를 건너 반대편 자라목 쉼터에서 회차하여 경강역으로 되돌아온다.  소요시간은 왕복 1시간 조금 넘게 걸리며 오전 9시 시작으로 1시간 30분 간격으로 운행된다. 경강 레일바이크는 반려견 동반 탑승이 가능한 펫 바이크가 함께 운영되어 반려견을 키우는 가정에게 인기가 많다. 넓은 반려견 전용 운동장까지 있어 온 가족이 방문하기 좋다.,,"<a href=""http://www.railpark.co.kr/"" target=""_blank"" title=""새창 : 강촌레일파크 홈페이지로 이동"">http://www.railpark.co.kr</a>",일부구역 동반가능,합쳐서 10kg이하 2마리까지 동반 가능,목줄 착용,"- 경강역에서만 탑승 가능
- 배변봉투 지참 및 배변처리 필수","- 경강역에 놀이터시설 있음
- 펜스, 안전문, 운동장, 반려견 운동장 내 쉼터, 수돗가 이용 가능",,,
2002440,평창 어름치마을,강원특별자치도 평창군 미탄면 마하길 42-5,12,강원특별자치도,37.292306538,128.5415653834,,"강원도 평창군 미탄면에 위치한 어름치마을은 농촌 및 생태 체험과 레저 스포츠를 즐길 수 있는 곳이다. 마을 대부분이 산지로 이루어져 있으며, 서쪽에서 남쪽으로 동강이 힘차게 흐르고 있어 래프팅과 카약, 슬로우보트 등을 즐길 수 있는 명소로도 유명하다. 또한, 백운산, 마두미길, 칠족령 등에서 등반 또는 트래킹이 가능하며 자연 속에서 휴식을 취하기에 적합하다. 인근에 백룡동굴이 있어, 탐사 장비를 직접 착용하고 동굴 내부를 탐험해 볼 수 있는 체험 프로그램도 제공 중이다. 그 외에도 어름치마을 내에 있는 자연 자원을 활용한 다양한 체험 프로그램을 진행하고 있다. 마을에는 펜션, 게스트하우스 등 여러 숙박 시설도 마련되어 있다. 주변 관광지로는 대관령양떼목장, 허브나라농원 등이 있다.",,"어름치마을 <a href=""http://www.mahari.kr/"" target=""_blank"" title=""새창 : 어름치마을 홈페이지로 이동"">http://www.mahari.kr/</a><br>와우미탄 <a href=""http://wowmitan.com/theme/wowmitan/html/wow/01.php"" target=""_blank"" title=""새창 : 와우미탄 홈페이지로 이동"">http://wowmitan.com/</a>",일부구역 동반가능,전 견종 동반 가능,목줄 착용,"- 숙소는 동반불가, 마을 산책만 가능
- 맹견의 경우, 입마개 착용 필수
- 배변봉투 지참 및 배변처리 필수",,"[백룡동굴탐사]<br>
09:00~18:00<br>
[래프팅]<br>
08:40~18:00<br>
[카약]<br>
12:30~15:00<br>
[슬로우보트]<br>
12:00~16:00<br>
※ 기관사정에 따라 이용시간 단축 및 조정될 수 있으므로 자세한 사항은 홈페이지 참조",[백룡동굴탐사]<br>매주 월요일,가능
2666534,용인 구갈레스피아,경기도 용인시 기흥구 중부대로 640 (구갈동),12,경기도,37.2668750779,127.1312600288,http://tong.visitkorea.or.kr/cms/resource/21/3058121_image2_1.jpg,"한국민속촌 부근에 위치한 구갈레스피아는 어린이, 반려견 놀이터와 다양한 운동시설이 있는 자연생태공원이다. 멀리 떠나지 않아도 마치 숲에 온 듯 편안한 쉼터를 찾을 수 있어 가족 나들이 장소로 제격이다. 용인시의 친환경 하수종말처리시설 ‘레스피아’는 휴식을 의미하는 레스트(Rest)와 이상향을 뜻하는 유토피아(Utopia)가 합성된 뜻으로 단순한 하수처리 시설이 아닌 시민 친화 시설을 함께 조성하여 2005년 완공하였다. 하수처리시설은 모두 지하에 매설하고 지상에는 자연과 잘 어우러진 휴식 공간을 조성하여 2006년 환경부 주관 환경혁신사례 우수상을 수상하기도 하였다. 구갈레스피아는 건강마당(농구장∙배드민턴장∙게이트볼장∙미니풋살장∙놀이시설3개∙놀이광장 1개∙산책로), 자연학습장(생태연못 및 습지원∙실개천), 기타 시설(야외무대∙처인광장∙용구광장분수대∙반딧불이광장∙하늘다리)로 조성되어 있다. 2016년 개장한 반려견 놀이공원은 대형견과 중소형견 놀이터가 분리되어 안전하게 즐길 수 있고, 어린이 놀이터는 발전기가 내장된 놀이기구를 통해 직접 에너지 생성의 원리를 배울 수 있는 에너지교육형 놀이공원으로 놀이와 교육, 두 마리 토끼를 모두 잡았다. 레스피아에서 정화된 물이 흐르는 자연학습장의 실개천과 생태연못은 다양한 수생생물 관찰과 함께 힐링하기 좋은 산책로이다. 공원 내 텐트와 타프 설치는 금지이며, 공영주차장인 구갈자투리주차장을 이용해 무지개다리를 건너 공원으로 진입하면 된다. 수원신갈IC에서 차량으로 약 7분, 에버라인 지석역에서 도보 약 6분(360m) 소요된다. 인근에 에버랜드, 한국민속촌, 세계문화유산 수원화성과 융건릉, 물향기수목원 등이 있다.",031-324-4167,"<a href=""https://www.giheunggu.go.kr/_lmth/04_life/life_0105.asp""target=""_blank"" title=""새창:기흥구청 홈페이지로 이동"">https://www.giheunggu.go.kr/</a>",일부구역 동반가능,맹견 제외 반려동물 등록 완료한 전 견종 동반 가능,목줄 착용,"- 반려견 놀이터 별도 있음
- 놀이터외 구역 목줄착용 자유롭게 이동가능","목재데크, 울타리, 그늘막, 관리사무소, 파라솔, 벤치, 놀이기구(저니브릿지 등), 안전문",,,
2647847,낭만포차거리,전라남도 여수시 하멜로 102,12,전라남도,34.7365852485,127.7495170813,http://tong.visitkorea.or.kr/cms/resource/47/3422947_image2_1.png,"낭만포차거리는 여수 밤바다 야경을 감상할 수 있는 거북선대교 하부공간 광장에 조성되어 있다. 여수를 여행한다면 꼭 들러야 할 핫플레이스인 이곳은 계절음식을 비롯해서 이색 음식까지 다양한 음식을 맛볼 수 있으며, 여수 야경과 공연을 함께 즐길 수 있는 곳이다. 현재 18개 동의 포차가 운영되고 있다.

◎ 한류의 매력을 만나는 여행 정보 - 예능 <댄스가수 유랑단>
<댄스가수 유랑단>의 공연 장소였던 낭만포차거리는 여수 밤바다를 구경하며 신선한 해산물 요리를 맛볼 수 있는 곳이다. 평소에도 버스킹 등 다양한 공연이 열려 여수 밤바다에 열기를 더한다.",,"<a href=""https://www.yeosu.go.kr/tour/leisure/bambada/gun_carriage""target=""_blank"" title=""새창: 여수관광문화"">http://www.yeosu.go.kr/tour</a>",일부구역 동반가능,전 견종 동반 가능,목줄 착용,"- 매장별 정책이 상이하므로 개별 문의 필요
- 맹견의 경우, 입마개 착용 필수
- 배변봉투 지참 및 배변처리 필수",,"[동절기(11월~2월)] 17:00~24:00<br>
[하절기(3월~10월)] 18:00~01:00",매월 첫째 주 수요일<br>※ 연휴에 포함된 경우와 4~6월/8~10월 제외,가능
2638438,여수예술랜드,전라남도 여수시 돌산읍 무술목길 142-1,12,전라남도,34.6951848084,127.7772934839,http://tong.visitkorea.or.kr/cms/resource/98/3350698_image2_1.jpg,"환상적인 바다 전망의 다양한 객실과 예술적 감성에서 익사이팅한 즐길거리까지, 특별함 경험을 제공하는 토탈 숙박 리조트 여수예술랜드이다. 국내 최대 테마형 3D 트릭아트와 60m 미디어 터널이 있는 3D뮤지엄, 150m 암반터널을 통해 만나는 조각공원풍경 등 다양한 예술공간이 있으며, 특히 바다를 향해 뻗어있는 ‘마이다스의 손’은 온라인에서 꼭 찍어야 하는 대한민국의 포토 위시리스트로 선정되어 관광객들의 발길이 끊이지 않고 있다. 이외에도 해발 150m 상공에서 아름다운 여수의 바다를 감상할 수 있는 국내 최대 크기의 대관람차와 짜릿한 스릴을 만끽하는 카트체험과 공중그네, 오션 스카이워크 등의 액티비티도 있다. 이 외에도 '먼 길을 함께 할 동반자'라는 뜻을 지닌 여수 최대규모 오션뷰 카페 라피끄도 여수 여행의 필수코스인 예술랜드에서 만든 또 하나의 작품이며 커플데이트, 여수여행, 전라도여행 필수코스로 떠오른다.

◎ 한류의 매력을 만나는 여행 정보
아이즈원 멤버들이 다양한 미션을 진행하고 바비큐까지 알차게 즐긴 장소다. <아이즈원의 잇힝 트립2>의 대부분이 촬영된 만큼, 멤버들이 미션을 수행하던 장면을 떠올리며 구경하는 재미가 쏠쏠하다.",,"<a href=""http://www.alr.co.kr/"" target=""_blank"" title=""새창: 여수예술랜드 홈페이지로 이동"">http://www.alr.co.kr/</a>",일부구역 동반가능,이동장(켄넬)에 들어가는 전 견종 동반 가능,"반려동물 유모차 탑승,이동장(켄넬)사용",몸 전체가 유모차 및 이동장(켄넬) 안에 들어가야 동반 가능,,"[3D트릭아트]<br>
09:00~21:00 (발권 마감 20:20)<br>
[미디어아트(조각공원)]<br>
09:00~21:00 (발권 마감 20:20)<br>
[타워링]<br>
09:30~20:20 (발권 마감 20:20)<br>
[카트] <br>
- 09:30~19:30(발권 마감 19:20)<br>
[전망대 마이다스의 손]<br>
09:00~대기 인원에 따라 조기 마감 될 수 있습니다.<br>
[공중그네]<br>
10:00~17:30<br>
[스카이워크]<br>
10:00~17:00<br>
※모든 체험 시설은 날씨와 대기인원에 따라 마감시간 변동될 수 있음",연중무휴,가능
125842,만리포해수욕장,충청남도 태안군 소원면 만리포2길 138,12,충청남도,36.7858023228,126.1422683553,http://tong.visitkorea.or.kr/cms/resource/35/2653435_image2_1.jpg,"만리포해수욕장은 태안군을 가로지르는 32번 국도의 가장 끝부분에 있으며, 태안해안국립공원으로 지정되어 있다. 슬로시티 태안의 대표적인 관광지로, 특히 경관이 아름답기로 유명하다. 활처럼 휘어진 모래사장은 1km 가까이 이어지며 수심이 완만하고 백사장이 넓어 해수욕을 즐기기에 안성맞춤이다. 주변에는 숙박시설이나 편의시설이 잘 갖추어져 있어 가족단위 휴양지로 손색이 없다. 해수욕장 주변에 넓게 펼쳐진 소나무 숲에서 야영도 가능하여 해수욕과 산림욕을 함께 즐길 수 있으며, 해양스포츠, 갯바위 낚시 등의 레저시설도 갖춰져 있어 즐길 거리가 많이 있다. 만리포를 대표하는 특산물인 갱개미무침과 바닷장어구이, 대하구이 등 싱싱한 해산물을 먹는 재미 또한 일품이다.",,"<a href=""https://www.taean.go.kr/prog/tursmCn/tour/sub02_03/view.do?cntno=26&contentTypeCode=TC002"" target=""_blank"" title=""새창 : 만리포해수욕장 사이트로 이동"">www.taean.go.kr</a>",전구역 동반가능,전 견종 동반 가능,목줄 착용,"- 맹견의 경우, 입마개 착용 필수
- 배변봉투 지참 및 배변처리 필수",야외샤워시설,상시 개방,연중무휴,가능
128897,샛별해수욕장,충청남도 태안군 안면읍 샛별길 184-2,12,충청남도,36.4486777956,126.3360401973,http://tong.visitkorea.or.kr/cms/resource/78/3055578_image2_1.jpg,"안면읍에서 차로 15분 거리에 있는 샛별해수욕장은 개장 역사는 짧지만 아름다운 해변이다. 동해안처럼 조약돌이 많은 넓은 해변을 가진 것이 특징이며 푸른 바닷물이 더없이 맑고 깨끗하다. 안전하게 해수욕을 즐길 수 있는 수면 길이는 150m이며 해변의 바다 쪽은 모래, 육지 쪽은 조약돌과 자갈로 이루어져 있다.
민박이 가능하고 야영도 할 수 있어 가족이나 친구 단위로 찾는 사람들에게 알맞다. 안면읍에서 하루에 4회 정도 시내버스가 운행하고 있어 짧은 시간 해수욕을 즐기고 읍내로 돌아오는 것도 가능하다. 주변 관광지로는 태안해안국립공원, 방포해수욕장, 안면도자연휴양림, 안면도 모감주나무군락, 신야리 패총 등이 있다.",,"<a href=""http://taean.go.kr/prog/tursmCn/tour/sub02_03/view.do?cntno=32&contentTypeCode=TC002"" target=""_blank"" title=""새창 : 홈페이지로 이동"">http://taean.go.kr</a>",전구역 동반가능,전 견종 동반 가능,목줄 착용,"- 맹견의 경우, 입마개 착용 필수
- 배변봉투 지참 및 배변처리 필수",,상시 개방,연중무휴,가능
126695,꽃지해수욕장,충청남도 태안군 안면읍 승언리,12,충청남도,36.5013661578,126.3346639477,http://tong.visitkorea.or.kr/cms/resource/23/3498123_image2_1.jpg,"충남 태안군 안면읍 광지길에 자리한 꽃지해변은 5㎞에 이르는 백사장과 할배바위, 할매바위가 어우러져 그림 같은 풍광을 보여준다. 2개의 바위 너머로 붉게 물드는 낙조는 태안을 상징하는 아름다운 풍광 중 으뜸으로 꼽힌다. 예부터 백사장을 따라 해당화가 지천으로 피어나 ‘꽃지’라는 어여쁜 이름을 얻었다. 긴 백사장을 따라 걷거나 밀려오는 파도를 바라보며 데이트를 즐기는 연인과 가족의 모습도 꽃지해변의 풍경이 된다. 꽃지해변을 상징하는 두 바위에는 슬픈 전설이 깃들어 있다. 신라시대 해상왕 장보고가 안면도에 기지를 두었는데, 기지사령관이었던 승언과 아내 미도의 금슬이 좋았다. 그러나 출정 나간 승언은 돌아오지 않았고, 바다만 바라보며 남편을 기다리던 미도는 죽어서 할매바위가 되었다. 할매바위보다 조금 더 바다 쪽으로 나간 곳에 있는 큰 바위는 자연스레 할배바위가 되었다는 이야기다. 바다로 나간 남편을 맞이하듯 마주 선 두 바위가 애틋해 보인다. 썰물 때면 두 바위가 마치 한 몸인 듯 모래톱으로 연결되는 모습을 볼 수 있다. 한여름뿐 아니라 사계절 여행자들의 발길이 끊이지 않는 것은 바위와 어우러진 낙조 때문이다. 해질 무렵이면 할매바위, 할배바위 너머로 아름답게 물드는 일몰 풍경을 카메라에 담으려고 많은 사람들이 모여들어 진풍경을 펼친다.",,"오감관광 <a href=""https://www.taean.go.kr/prog/tursmCn/tour/sub02_03/view.do?cntno=33&searchCondition=title&searchKeyword=%EA%BD%83%EC%A7%80%ED%95%B4%EC%88%98%EC%9A%95%EC%9E%A5&contentTypeCode=TC002"" target=""_blank"" title=""새창 : 태안 문화관광 홈페이지로 이동"">http://www.taean.go.kr/tour.do</a>",전구역 동반가능,전 견종 동반 가능,목줄 착용,"- 반려견 동반 바다 입수 가능 
- 목줄 착용 후 해변가 산책 가능
- 맹견의 경우, 입마개 착용 필수
- 배변봉투 지참 및 배변처리 필수",,"- 3월~10월 10:00~17:00<BR>
- 11월~2월 10:00~16:00",연중무휴,가능
126834,대구 불로동 고분군,대구광역시 동구 불로동 산 1-16,12,대구광역시,35.9145547565,128.6456570076,http://tong.visitkorea.or.kr/cms/resource/37/3421437_image2_1.JPG,"팔공산 남쪽 기슭에 펼쳐진 올록볼록 솟은 거대한 고분군이다. 5세기 전후 삼국시대에 조성된 것으로 추정된다. 이 지역 토착 지배 세력의 집단 무덤으로 여겨지며, 210여 기의 고분이 밀집해 있다. 출토 유물로는 금제·금동제 장신구, 철제 무기 무늬를 새긴 토기 등이 있다. 무덤의 지름은 15~20m, 높이 4~7m 정도이며, 한 바퀴 둘러보는 데 약 1시간에서 1시간 30분 정도가 소요된다. 능선이 완만해 아이들도 쉽게 오를 수 있으며 고분군이 이어진 능선 너머로는 대구 시가지가 한눈에 내려다보인다.",,"대구트립로드 <a href=""https://tour.daegu.go.kr/index.do?menu_id=00002943&menu_link=/front/tour/tourMapsView.do&tourId=KOATTR_132"" target=""_blank"" title=""새창 : 대구트립로드로 이동"">https://tour.daegu.go.kr/index.do</a>",전구역 동반가능,전 견종 동반 가능,목줄 착용,"- 맹견의 경우, 입마개 착용 필수
- 배변봉투 지참 및 배변처리 필수",,상시 개방,연중무휴,가능<br>요금 (무료)
2620990,산청 동의보감촌,경상남도 산청군 금서면 동의보감로555번길 45-6,12,경상남도,35.4411074195,127.8293779206,http://tong.visitkorea.or.kr/cms/resource/46/3458946_image2_1.jpg,"경남 산청군의 왕산과 필봉산 기슭에 자리 잡은 동의보감촌은 전국에서 처음으로 한방을 테마로 한 건강 체험 관광지로서, 엑스포주제관, 한의학박물관 한방기체험장, 한방테마공원, 동의본가, 한방자연휴양림, 본디올한의원, 숙박시설, 약초판매장 등 한방과 관련된 다양한 시설을 갖추어 명실상부한 한방휴양 관광지의 메카로 자리 잡은 대한민국 힐링 여행 1번지이다. 한방온열체험, 약초향기주머니 만들기 체험, 어의·의녀복 입기 체험, 한방족욕체험 등 다양한 한방 관련 체험 프로그램도 이용할 수 있다.

◎ 한류의 매력을 만나는 여행 정보 - 드라마 <이번 생도 잘 부탁해>
반지음이 문서하에게 전생을 보여준다며 데려가 간질간질한 데이트를 즐겼던 장소는 ‘동의보감촌’으로 전통 한방의 고장 산청군에 위치한 한방 테마 공간이다. 이곳에는 꽃과 나무가 가득한 정원부터 한의학 박물관, 한방기 체험장, 전망대, 반지음과 문서하가 건넜던 무릉교 등 즐길 거리가 다양하게 있으니 들러보는 것을 추천한다.",,"<a href=""http://donguibogam-village.sancheong.go.kr""target=""_blank"" title=""새창: 산청 동의보감촌 홈페이지로 이동 "">donguibogam-village.sancheong.go.kr</a>",전구역 동반가능,전 견종 동반 가능,목줄 착용,"- 실내 시설 동반 불가
- 맹견의 경우, 입마개 착용 필수
- 배변봉투 지참 및 배변처리 필수",,09:00~18:00 (매표 마감 17:00),[동의보감촌] 연중무휴<br>[주제관·한의학박물관] 1월 1일 / 설·추석 / 매주 월요일,가능<br>요금 (무료)
2612863,하멜등대,전라남도 여수시 하멜로 96,12,전라남도,34.7368102045,127.7484366144,http://tong.visitkorea.or.kr/cms/resource/40/3080240_image2_1.jpg,"여수시 종화동 여수구항 방파제에 높이 10m의 붉은색의 하멜 등대가 바다를 향해 서 있다. 1653년 하멜의 동인도회사 소속인 스페르웨르호가 제주도 부근에서 태풍을 만나 난파되었고, 하멜은 다른 생존자들과 함께 당시 유럽에는 전혀 알려져 있지 않은 한국에서 왕명에 의하여 13년 동안 억류되었었는데, 그가 마지막으로 한국땅에 머물렀던 곳이 바로 여수이다. 1663년부터 1666년까지 4년간 여수의 전라좌수영에 억류되어 있다가 1666년 9월에 일본으로 탈출하여 고향으로 돌아갔다. 여수에서는 하멜기념사업과 연계하여 2004년 하멜의 근로 현장으로 알려진 동문동 일대를 ‘하멜로’라 지정을 하였고, 2005년에 이 하멜로의 끝에 위치한 여수구항에 세워진 등대를 ‘여수구항방파제 하멜등대’라 이름을 붙였다. 하멜 등대에 이르는 방파제입구에는 하멜 동상이 세워져 있는데, 이는 옙하트만이 조각하여 네덜란드의 호르큼시에 세운 하멜 동상과 동일한 것으로 1657년부터 1663년까지 하멜이 억류되어 있던 강진과 여수에 세워졌다. 하멜 등대의 뒤편에는 하멜 일행의 귀향 장면을 그린 삽화가 새겨져 있다.

◎ 한류의 매력을 만나는 여행 정보 - 드라마 <힙하게>
드라마 <힙하게> 무진 마을의 배경이 된 실제 장소 중 한 곳이며 <하멜표류기> 작가 헨드릭 하멜(Hendrick Hamel)의 이름을 따서 만든 등대로 여수구항 해양공원의 방파제 끝에 자리하고 있다.",,"여수관광 <a href=""https://www.yeosu.go.kr/tour/travel/info_each_area?mode=view&idx=296"" target=""_blank"" title=""새창 : 여수시 문화관광 홈페이지로 이동"">https://www.yeosu.go.kr/tour/</a>",일부구역 동반가능,전 견종 동반 가능,목줄 착용,"- 하멜전시관 내부는 동반 불가
- 맹견의 경우, 입마개 착용 필수
- 배변봉투 지참 및 배변처리 필수",,상시 개방,연중무휴,가능
2514454,궁평항,경기도 화성시 서신면 궁평항로 1049-24,12,경기도,37.1154040748,126.6813494895,http://tong.visitkorea.or.kr/cms/resource/67/3530567_image2_1.jpg,"낙조가 아름다운 곳으로 유명한 궁평항은 2008년 국가 어항으로 지정되었다. 싱싱하고 맛 좋은 수산물들이 가득한 수산시장이 잘 갖춰져 있는 작은 항구다. 조그만 배와 낚시꾼들을 유혹하는 매력적인 다리인 피싱피어에서 낚시를 하는 즐거움을 만끽할 수 있다. 또한, 화성시 해변 쪽을 걸어갈 수 있는 화성실크로드 산책로가 나무데크로 조성되어 있어 아름다운 풍경을 보며 산책을 하거나 하이킹하는 사람들의 쉬어가는 길목으로 사랑받는 곳이다. 궁평항 주차장 쪽으로 길게 늘어선 푸드트럭길에는 유명한 새우튀김과 오징어튀김, 어묵, 핫도그 등 다양한 먹거리가 있으며 궁평항 광장에는 여름철 물놀이터도 개장하기 때문에 가족끼리 물놀이를 즐기기에 좋다.",,"<a href=""https://tour.hscity.go.kr/NEW/1tour/nature2.jsp"" target=""_blank"" title=""새창 : 화성시 문화관광으로 이동"">https://tour.hscity.go.kr</a>",전구역 동반가능,전 견종 동반 가능,목줄 착용,"- 맹견의 경우, 입마개 착용 필수
- 배변봉투 지참 및 배변처리 필수",,상시 개방,연중무휴,가능
127422,석남사계곡,울산광역시 울주군 상북면 이천리 642-7,12,울산광역시,35.5331267827,129.0091496267,http://tong.visitkorea.or.kr/cms/resource/65/3077965_image2_1.bmp,"석남사 계곡은 울주군에 위치한 석남사를 끼고 있는 계곡이다. 가지산 동쪽 자락에 있는 석남사는 능동천이 흐르는 물 맑은 계곡의 해발 360m 지점 언덕에 세워진 비구니들의 수도 사찰로 알려진 고찰이다. 석남사 위쪽 운문령이나 능동천, 덕현천에서 언양읍을 향해 흘러내려가는 물은 매우 맑은 편으로 계곡길이가 불과 1km 정도로 짧지만 크고 작은 너럭바위들은 피서객들의 훌륭한 쉼터로 발을 담고 더위를 식히기 좋다. 바위와 바위 사이로는 자그마한 폭포와 그리 깊지 않은 소가 형성되어 있고 계곡 옆쪽으로 울창한 숲이 있어서 여름 한낮 땡볕을 피할 수 있다. 절의 일주문을 지나 석남사 가는 길목의 오른쪽 나무숲 사이로 계곡의 흐르는 물을 즐기며 더 올라가면 석남사 사찰 건물들이 보이고 석남사 계곡의 풍경이 한눈에 들어온다. 이 즈음에서 도로가 아닌 보행로를 이용하여 다리를 넘으면 석남사 경내로 들어가게 된다.",,"<a href=""http://www.seoknamsa.or.kr/"" target=""_blank"" title=""새창 : 홈페이지로 이동"">http://www.seoknamsa.or.kr/</a>",전구역 동반가능,전 견종 동반 가능,목줄 착용,"- 맹견의 경우, 입마개 착용 필수
- 배변봉투 지참 및 배변처리 필수",,09:00~18:00,연중무휴,"가능<br>요금(소형 2,000원 / 대형 4,000원)"
2738711,석남사계곡,경기도 안성시 금광면 상촌새말길 3-120,12,경기도,36.9392410718,127.3070755134,http://tong.visitkorea.or.kr/cms/resource/13/2740213_image2_1.jpg,"석남사계곡은 안성 서운산 자락에 위치한 석남사 위쪽에서 흐르고 있는 계곡이다. 석남사는 통일신라 고승 석선이 세웠다. 대웅전과 영산전 두 불전을 중심으로 요사채, 누각, 탑, 부도, 마애불이 있다. 최근 드라마 <도깨비> 촬영지로 알려져 있어 많은 사람들이 방문한다. 특히 한 여름에 산에서 흐르는 석남사계곡에서 피서를 즐기기 좋다.",,,전구역 동반가능,전 견종 동반 가능,목줄 착용,"- 맹견의 경우, 입마개 착용 필수
- 배변봉투 지참 및 배변처리 필수",,상시 개방,연중무휴,가능
126218,경주 문무대왕릉,경상북도 경주시 문무대왕면 봉길리 30-1,12,경상북도,35.7381432427,129.4868298719,http://tong.visitkorea.or.kr/cms/resource/08/3534308_image2_1.jpg,"신라 제30대 문무왕(재위 661~681)의 수중 왕릉으로 신라인들의 창의적인 생각을 엿볼 수 있는 곳이다. 동해 봉길리 앞바다에서 200m 떨어진 곳에 있으며, 해수면 위로 동서 35m, 남북 36m, 높이 5.3m 정도 노출되어 있다. 문무왕은 아버지인 태종 무열왕의 업적을 이어받아 고구려를 멸망시키고, 당의 침략을 막아 삼국통일을 이루었다. 또한 병부, 창부 등 중앙관청을 창설하였고, 지방통치를 위한 5 소경제도와 9 서당 10 정의 군사제도의 기틀을 마련하는 등 국가 체제 완성의 기초를 제공하였다. 삼국통일을 이룬 문무왕이 자신이 용이 되어 침입해 들어오는 왜구를 막겠다며, 자신의 시신을 불교식으로 화장하고 유골을 동해에 묻어 달라고 한 유언을 따라서 장사한 것이다.
이 바위를 대왕암 또는 대왕바위라 하며, 바닷속 왕릉은 세계적으로 유례가 없다. 대왕암은 자연 바위를 이용하여 만든 것으로 바위섬에 동서와 남북으로 십자 모양의 인공수로를 만든 다음, 가운데 작은 못처럼 파서 항을 이루고 있다. 이곳에 3.7m, 폭 2.06m, 두께 0.9m의 넓적한 거북모양의 돌을 물속 2m 깊이에 놓아 그 밑에 유골을 모신 것으로 추측되고 있다. 그의 아들 신문왕은 동해 근처에 감은사를 세워 법당아래 동해를 향한 배수로를 만들어 용이 된 문무왕이 왕래할 수 있도록 설계하였다.",,"<a href=""https://www.gyeongju.go.kr/tour/page.do?cmd=2&mnu_uid=2517&chaNo=3274"" target=""_blank"" title=""새창 : 경주 문화관광 홈페이지로 이동"">https://www.gyeongju.go.kr/tour/</a>",전구역 동반가능,전 견종 동반 가능,목줄 착용,"- 맹견의 경우, 입마개 착용 필수
- 배변봉투 지참 및 배변처리 필수",,상시 개방,연중무휴,가능
2504464,부산 송도해상케이블카,부산광역시 서구 송도해변로 171,12,부산광역시,35.0766810472,129.0234248332,http://tong.visitkorea.or.kr/cms/resource/11/3413711_image2_1.jpg,"송도해수욕장에 위치한 송도해상케이블카는 우리나라 제1호 공설해수욕장인 송도해수욕장의 옛 명성을 되살리기 위해 29년 만에 복원되었다. 부산에어크루즈는 해수욕장 동쪽 송림공원에서 서쪽 암남공원까지의 구간을 바닥이 투명한 크리스털캐빈을 포함하여 최신기종인 캐빈 39기가 운행된다. 특히, 바다 위를 가로질러 운행함으로써 부산 송도 일대의 빼어난 풍광을 즐길 수 있다. 이 밖에 국내 최초의 케이블카 뮤지엄 ‘송도 도펠마이어 월드’, 아시아 최초의 공중그네 ‘스카이스윙’, ‘테마파크 포토서비스 ’등 다양한 테마시설과 볼거리를 제공한다.

◎ 한류의 매력을 만나는 여행 정보 - 예능 <뉴진스코드 IN 부산>
바다와 산, 그리고 하늘을 한눈에 다 담고 싶다면 ‘송도 해상케이블카’가 모든 걸 충족시켜 줄 것이다. ‘뉴진스코드 IN 부산’에서는 뉴진스 멤버들이 이 케이블카에 탑승해 발밑으로 보이는 바다와 탁 트인 자연 풍경에 감탄하는 모습을 보인다. 부산을 한눈에 담고 싶다면 ‘송도 해상케이블카’에 올라타 보는 것을 추천한다.",,"<a title=""새창 : 부산에어크루즈 송도해상케이블카 홈페이지로 이동"" href=""http://busanaircruise.co.kr/"" target=""_blank"">http://busanaircruise.co.kr/</a>",일부구역 동반가능,이동장(켄넬)에 들어가는 전 견종 동반 가능,이동장(켄넬)사용,이동장(켄넬) 안에 반려동물 몸 전체가 모두 들어가야 동반 가능,,"- 1월~2월/12월 09:00~20:00<br>
- 3월~6월/9월~11월 09:00~21:00<br>
- 7월~8월 09:00~22:00<br>
※ 탑승권 발권 : 폐장시간 30분 전<br>
※ 악천후 또는 불가피한 사정으로 운영시간은 변경될 수 있으니 사전 확인 필수",연중무휴<br>※ 기상 악화시 휴무 (홈페이지를 통한 실시간 공지),가능 (500대)<br>요금 (무료)
2944473,Fe01(에프이01),울산광역시 울주군 서생면 용연길 160,12,울산광역시,35.3574548653,129.3074923807,,"Fe01은 울산시 울주군에 위치한 세계 최대 규모의 업사이클 복합문화 예술공간이다. 폐 자동차, 오토바이 등의 철(Fe) 부속품을 재활용한 정크아트 작품을 통해 새로운 시각과 무한한 상상의 세계의 계기를 마련하고 있다. ‘로봇시리즈’, ‘기원의 확장’, ‘상상동물원’, ‘쥬라기파크’, ‘영화시리즈’ 5가지 테마의 다양한 정크아트 야외 조형 전시물 1,200여 점을 선보이고 있다. 테마별 스토리와 작가의 정교한 표현 기법을 보여주는 본 전시는 오픈런으로 진행하고 있으며, 업사이클 문화 형성을 선도하고자 전시에 연계하여 정크아트를 직접 제작해 보는 체험형 교육 프로그램과 당일 생산하는 도넛을 디자인해 볼 수 있는 프로그램을 운영 중이다.",,"<a href=""https://www.fe01.co.kr/main/"" target=""_blank"" title=""새창 : Fe01(에프이01) 홈페이지로 이동"">https://www.fe01.co.kr/main/</a>",전구역 동반가능,전 견종 동반 가능,목줄 착용,"- 맹견의 경우, 입마개 착용 필수
- 배변봉투 지참 및 배변처리 필수",,"평일 10:00~18:00<br>
주말 10:00~19:00",,
128208,외고산 옹기마을,울산광역시 울주군 온양읍 외고산3길 36,12,울산광역시,35.432879217,129.2798871229,http://tong.visitkorea.or.kr/cms/resource/17/3534617_image2_1.jpg,"세계 유일한 옹기 생산국가인 우리나라에서 전국 50% 이상의 옹기를 생산하고 있는 울산광역시 울주군의 외고산 옹기마을은 옛 조상의 지혜와 슬기를 지금까지 이어오고 있는 전통과 문화의 산실인 전국 최대의 민속 옹기마을이다. 이 마을에서는 1950년대부터 현재의 옹기를 굽기 시작하여 천혜의 옹기장소로 알려져 6~70년대부터는 전국각지에서 350여 명의 옹기 장인과 도공들이 모여 서울뿐 아니라 미국, 일본 등 외국에까지 옹기를 생산 수출하였고, 1980년대에는 책자로 소개되어 외국 도예가들이 방문하는 등 번성하였다.
1980년대 이후 산업화로 인한 옹기수요의 부족 및 옹기전통문화에 대한 관심도가 낮아지면서 지금은 128가구 중 40여 가구가 옹기업에 종사하면서 그 맥을 잇고 있다. 지금의 옹기마을주민들은 고대와 현대가 어우러진 현대인들의 취향에 맞는 옹기 및 다양한 제품을 생산하는 등 옹기제조의 활성화를 위하여 노력하고 있다.
옹기마을은 1957년 허덕만 옹이 이곳에 자리 잡으며 형성되기 시작한 옹기촌으로 마을 전체가 옹기로 어우러진 모습이 독특하고 멋스럽다. 외고산 옹기마을은 전국 옹기의 50% 이상을 생산하며, 옹기박물관에는 기네스북에 등재된 세계 최대 규모의 옹기가 전시되어 있다. 또한 매년 울산 옹기축제가 개최되어 다양한 체험과 행사를 관람할 수 있다. 이 외에 옹기아카데미관, 발효아카데미관, 울주민속박물관과 같은 시설을 이용할 수 있다.",,"<a href=""https://www.ulju.ulsan.kr/onggi/"" target=""_blank"" title=""새창 : 외고산 옹기마을 홈페이지로 이동"">https://www.ulju.ulsan.kr/onggi</a>",일부구역 동반가능,전 견종 동반 가능,목줄 착용,"내부 시설 동반 불가
외부 산책로만 이용 가능",,09:00~18:00 (점심시간 12:00~13:00),매주 월요일 / 공휴일 다음날 / 1월 1일 / 설·추석 연휴,가능
2751854,도치돌 알파카목장,제주특별자치도 제주시 애월읍 도치돌길 303,12,제주특별자치도,33.4097517134,126.366772133,http://tong.visitkorea.or.kr/cms/resource/08/3555308_image2_1.jpg,"푸른 섬 제주 애월 숲 속에 있는 도치돌목장은 너른 초원을 자유롭게 다니는 알파카들을 만날 수 있는 곳으로 유명하다. 알파카들과 걷고 뛰고 교감하며 먹이 주기 체험을 할 수 있고 토끼, 포니, 말, 양, 염소 등 다양한 동물들을 만나볼 수 있어 남녀노소를 불문하고 인기가 좋다. 목장 산책로 곳곳에 피어있는 계절 꽃들이 여행의 낭만을 더해준다. 양옆으로 빼곡히 세워진 나무 덕에 자연을 체감할 수 있는 초록숲 산책길부터, 봄의 유채꽃밭, 여름의 능소화 기둥, 가을의 억새밭, 겨울의 동백 꽃밭으로 사계절 아름다운 자연을 만끽할 수 있다. 제주 자연을 그대로 살린 도치돌목장을 배경으로 동물들과 함께 멋진 사진을 남겨보자.",,"공식 홈페이지 <a href=""http://www.alpacajeju.com/"" target=""_blank"" title=""새창 :  도치돌 알파카목장 사이트로 이동"">http://www.alpacajeju.com/</a><br>공식 인스타그램 <a href=""https://www.instagram.com/alpacalogpark"" target=""_blank"" title=""새창 : 공식 인스타그램 이동"">https://www.instagram.com/alpacalogpark</a>",일부구역 동반가능,9kg 이하 동반 가능,"목줄 착용,반려동물 유모차 탑승,이동장(켄넬)사용","- 알파카 울타리 내 동반 불가
- 모든 공간 목줄 착용 후 안아서 동반",,"[하절기(2월15일~11월)]<br>
- 10:00~18:00<br>
- 입장 마감 17:00<br>
[동절기(12월~2월14일)]<br>
- 10:00~17:30<br>
- 입장 마감 17:00",연중무휴<br>※ 내부 사정에 따른 비정기적 휴무일은 공식 인스타그램 공지 참고,가능
2495561,서울로 7017,서울특별시 중구 한강대로 405,12,서울특별시,37.5545193912,126.9706609645,http://tong.visitkorea.or.kr/cms/resource/09/3081409_image2_1.jpg,"서울로 7017은 1970년대에 준공된 서울역 고가가 안정상 문제점이 도출되면서 철거될 위기에 놓이게 되었으나, 철거 대신 지역의 새로운 활력을 불어넣기 위하여 고가도로를 재활용하는 ‘서울로 7017’가 추진되었고, 고립되었던 서울역 일대를 연결하여 17개의 사람길로 재탄생되었다. 서울로 7017이라는 이름은 ‘1970년에 만들어진 고가도로가 2017년에 다시 태어나고, 1970년대 차량길에서 17개의 사람길로 재탄생하는 1970년대에 만들어진 17m 높이의 고가’라는 의미를 모두 담은 이름이다. 이 이름대로 서울로 7017은 단절되어 있던 도시를 연결하는 17개의 보행길을 갖추고 있어, 침체된 지역에 활력을 연결하는 역할을 하고 있다. 
서울로 7017은 안내소부터 쉼터, 목련홍보관, 카페, 서울로 전시관, 장미홍보관, 정원교실 등의 편의시설을 갖추고 있다. 비짓서울 홈페이지 내에서 서울도보해설관광 프로그램을 사전에 예약하면 서울로 7017과 함께 문화역서울 284와 숭례문, 한양도성 등의 다양한 역사문화유산과 관광명소를 서울문화관광해설사의 전문적인 해설을 들으며 탐방하는 체험도 이용할 수 있다.",,"<a href=""https://parks.seoul.go.kr/template/sub/seoullo7017.do"" target=""_blank"" title=""새창 : 서울의 공원 홈페이지로 이동"">https://parks.seoul.go.kr/</a>",전구역 동반가능,전 견종 동반 가능,목줄 착용,"- 맹견의 경우, 입마개 착용 필수
- 배변봉투 지참 및 배변처리 필수",,상시 개방,연중무휴,불가능
2712753,[진안고원길 9구간] 운일암반일암 숲길,전북특별자치도 진안군 주천면 대불리 (삼거~주천면행정복지센터),28,전북특별자치도,35.9827437661,127.3885164886,http://tong.visitkorea.or.kr/cms/resource/64/3555164_image2_1.jpg,"진안고원길은 하늘땅 고샅고샅에서 마을과 사람, 진안을 만나는 길이다. 마을길, 논길, 산길, 숲길, 물길, 고갯길, 옛길, 신작로 등 첩첩산중 진안땅에서 고원길은 절실한 소통의 공간이자 사연과 기억이 풍부한 공간이다. 걸어서 진안을 만나는 도보 여행길, 진안사람과 마을을 담아내는 진안 이야기길, 지역에 도움이 되는 지속가능한 여행길, 지역을 들여다보는 재미있는 느린 길이다. 총 14개 구간으로 조성되어 있다.
그중 9구간인 운일암반일암 숲길은 주자천변의 숲길을 걷는 길로 가장 짧으나 경관이 빼어난 구간이다. 구름다리와 무지개다리에서 바라보는 주자천과 기암괴석은 장관이다. 숲 속에 설치된 나무데크길은 장애인과 노약자를 위한 배려다. 종점 부근인 와룡암 역시 주변 경치가 훌륭하다. 총길이는 9㎞이며, 3시간이 소요된다.",,"<a href=""https://www.jinangowongil.kr/theme/gowongil/road/road_01_09.php""target=""_blank"" title=""새창 : 하늘땅 진안고원길 홈페이지로 이동"">https://www.jinangowongil.kr</a>",일부구역 동반가능,전 견종 동반 가능,"입마개 착용,목줄 착용","- 맹견의 경우, 입마개 착용 필수
- 배변봉투 지참 및 배변처리 필수",,,,
2742172,남해토피아랜드,경상남도 남해군 창선면 서부로 270-106,12,경상남도,34.8456826367,127.9818245351,http://tong.visitkorea.or.kr/cms/resource/51/3554551_image2_1.jpg,"'토피어리'는 식물을 다듬어 여러가지 보기 좋은 모양으로 만들어놓은 작품을 의미한다. 남해 토피아랜드는 꽝꽝나무와 주목나무를 이상한 나라 엘리스처럼 다양한 조각상을 만들어 놓은 동화 같은 공원이다. 울창한 편백나무숲에서 피톤치드를 만끽하면서 편안하게 쉴 수 있는 공간이며 푸른 남해 앞바다를 시원하게 조망할 수 있는 곳에 위치해 오션뷰 파크라고 할 수 있다. 또한, 야생화와 상록수가 많아 사계절 내내 푸른 공원이며 사진 찍기 좋은 조형물들도 많아 가족, 연인, 웨딩 또는 스냅 촬영 장소로도 알려져 있다.",,"<a href=""http://www.instagram.com/nhtopialand"" target=""_blank"" title=""새창 : 남해토피아랜드 사이트로 이동"">http://www.instagram.com/nhtopialand</a>",전구역 동반가능,맹견 제외 전 견종 동반 가능,목줄 착용,배변봉투 지참 및 배변처리 필수,,"09:00~18:00<br>
※ 별도로 정해져 있지 않으므로 전화문의 요망",연중무휴,가능
2366916,앞산 케이블카(앞산 전망대),대구광역시 남구 앞산순환로 574-114 (봉덕동),12,대구광역시,35.8244027709,128.587164671,http://tong.visitkorea.or.kr/cms/resource/99/3422799_image2_1.png,"케이블카가 있는 앞산공원은 대구 대표의 도시자연공원이다. 지친 일상 속 짧은 시간으로도 충분히 거닐 수 있는 곳에 위치하여, 생활 속 휴식처로 사랑을 받고 있는 공원이다. 케이블카는 공원 내 낙동강 승전기념관이 있는 큰골 자락길에 위치하고 있다. 케이블카를 타고 정상에 올라, 눈앞에 펼쳐지는 그림 같은 대구 경치를 보면, 가슴 벅찬 감동을 느낄 수 있다. 울창한 숲에서 산속 공기를 마음껏 마시고 일상의 스트레스를 내려놓고 다시 활력을 찾을 수 있는 여행을 할 수 있다.",,"<a href=""http://www.apsan-cablecar.co.kr/"" target=""_blank"" title=""새창: 앞산케이블카 홈페이지로 이동"">http://www.apsan-cablecar.co.kr</a>",일부구역 동반가능,이동장(켄넬)에 들어가는 전 견종 동반 가능,이동장(켄넬)사용,이동장(켄넬) 안에 반려동물 몸 전체가 모두 들어가야 동반 가능,,"[1월]<br>
- 첫출발 10:30<br>
- 정상출발 (평일) 18:30 / (금요일~일요일) 20:00<br>
[2월]<br>
- 첫출발 10:30<br>
- 정상출발 (평일) 19:00 / (금요일~일요일) 20:30<br>
[3월]<br>
- 첫출발 10:30<br>
- 정상출발 (평일) 19:30 / (금요일~일요일) 21:00<br>
[4월]<br>
- 첫출발 10:30<br>
- 정상출발 (평일) 19:30 / (금요일~일요일) 21:30<br>
[5월~8월]<br>
- 첫출발 10:30<br>
- 정상출발 (평일) 19:30 / (금요일~일요일) 22:00<br>
[9월]<br>
- 첫출발 10:30<br>
- 정상출발 (평일) 19:30 / (금요일~일요일) 21:30<br>
[10월]<br>
- 첫출발 10:30<br>
- 정상출발 (평일) 19:00 / (금요일~일요일) 21:00<br>
[11월]<br>
- 첫출발 10:30<br>
- 정상출발 (평일) 18:30 / (금요일~일요일) 20:30<br>
[12월]<br>
- 첫출발 10:30<br>
- 정상출발 (평일) 18:30 / (금요일~일요일) 20:00<br>
※ 우천 및 기상상태에 따라 운행이 조기종료 될 수 있음<br>
※ 시설 점검 등 당사의 사정으로 운행시간은 변경될 수 있음<br>
※ 월별로 이용시간이 상이하므로 자세한 사항은 홈페이지 참조",연중무휴,가능
125701,하조대해수욕장,강원특별자치도 양양군 현북면 하조대해안길 35,12,강원특별자치도,38.0229894402,128.7242655472,http://tong.visitkorea.or.kr/cms/resource/73/2745273_image2_1.jpg,"강원도 양양군 현북면 하광정리에 위치한 해수욕장이다. 옥빛 바다와 부드럽게 펼쳐진 백사장, 주변의 등대 풍광, 기암괴석과 바위섬 등이 어우러져 빼어난 절경을 자랑한다. 동해 해수욕장에서도 아름답기로 손꼽히며 가족 피서객에게 사랑을 받는다. 모래사장 길이가 1.5㎞, 폭이 100m에 달하고, 수심은 1.5m 내외다. 주변에 광정천과 상운천 등의 하천에서 담수가 유입돼 수온이 여느 해수욕장에 비해 높다. 피서철 모래사장에는 유료로 텐트를 치고 야영을 할 수 있다. 해수욕장 뒤편의 송림에도 유료 야영장이 있다. 주변에 주차장, 샤워장, 식수대, 화장실 등이 편의시설이 있다. 매년 7~8월 사이 약 50일 정도 개장한다. 피서철에는 하조대 어부체험행사, 하조대 썸머페스티벌, 맨손 오징어잡기, 오징어 시식회 등의 행사가 개최된다. 해수욕장 남쪽으로 ‘양양8경’ 중 하나인 하조대와 바다를 조망하는 아찔한 전망대 스카이워크가 있다.",,"양양 관광 <a href=""https://tour.yangyang.go.kr/pub/vs_naksan.do"" target=""_blank"" title=""새창 : 양양관광 홈페이지로 이동"">https://tour.yangyang.go.kr/</a>",일부구역 동반가능,"동물보호법 시행규칙 제1조 2항에 근거한 맹견품종 제외
(도사견, 아메리칸 핏불 테리어, 아메리칸 스태퍼드셔 테리어, 스태퍼드셔 불 테리어, 로트와일러 및 그 잡종의 개)","목줄 착용,기타","- 서피비치 주변 해변 구역에서만 반려견 동반 가능 
- 배변봉투 지참 및 배변처리 필수",,상시 개방,,가능 (약 소형 100대 / 대형 20대)<br>요금 (무료)
126669,광양 매화마을,전라남도 광양시 다압면 목길 34-2,12,전라남도,35.0785796984,127.7205191898,http://tong.visitkorea.or.kr/cms/resource/19/3546319_image2_1.jpg,"광양 매화마을은 섬진강 하류 백운산 자락에 자리한 곳으로, 매년 3월이면 새하얀 매화로 눈부신 곳이다. 봄마다 달콤한 매화 향이 퍼지고, 하얗거나 분홍빛 혹은 새빨간 꽃망울로 사방을 아름답게 장식한다. 또한 광양매화축제가 열리는데, 대한민국식품명인 홍쌍리 여사가 운영하는 청매실농원과 그 주변을 개방해 상춘객을 맞이하는 행사다. 농원 측에서 장소를 제공하며, 마을 주민들이 잔치 음식 등을 준비해 선보인다. 예쁘게 피어난 매화 아래에서 매실막걸리와 부추전을 맛보는 재미가 쏠쏠하다. 초대가수의 공연과 지역 특산물 소개 등 다양한 프로그램이 마련되어 있다.",,"광양문화관광 <a href=""https://gwangyang.go.kr/menu.es?mid=a31201020000"" target=""_blank"" title=""새창 : 홈페이지로 이동"">https://gwangyang.go.kr/tour</a>",전구역 동반가능,전 견종 동반 가능,목줄 착용,"- 맹견의 경우, 입마개 착용 필수
- 배변봉투 지참 및 배변처리 필수",,상시 개방,연중무휴,가능<br>요금 (무료)
127627,무주한풍루,전북특별자치도 무주군 무주읍 한풍루로 326-5,12,전북특별자치도,36.003982308,127.6623665624,http://tong.visitkorea.or.kr/cms/resource/77/3549677_image2_1.jpg,"호남 최고의 누각이라고 부르는 한풍루(寒風樓)는 전주의 한벽당(寒碧堂), 남원의 광한루(廣寒樓)와 함께 삼한(三寒)의 하나이다. 정확한 건립 연대는 알 수 없지만 임진왜란(1592) 때 왜군에 의해 불에 탔던 것을 선조 32년 (1599)에 한풍루를 사랑한 형인 임제가 꿈속에 나타나 한풍루 복원을 원해서 동생 현감 임환이 다시 지었고, 1783년 현감 임중원이 중수하였다. 전주의 한벽당, 남원의 광한루와 함께 호남의 3 한의 하나로서 호남 제1의 누각이다. 이 건물은 2층 누각으로 하층은 정면 3칸, 측면 4칸이며 상층은 정면 3칸, 측면 2칸의 팔작지붕 건물이다. 누각에 올라가는 것은 금지되어 있으며, 한풍루 주변은 근린공원과 체육시설로 조성되어 있다.",,"<a href=""https://tour.muju.go.kr/tour/selectTourCntntsDetail.do?key=512&tourNo=286""target=""_blank"" title=""새창 : 무주 한풍루 홈페이지로 이동"">https://tour.muju.go.kr/tour</a>",전구역 동반가능,전 견종 동반 가능,목줄 착용,"- 맹견의 경우, 입마개 착용 필수
- 배변봉투 지참 및 배변처리 필수",,,,
128156,태산패밀리파크,경기도 김포시 하성면 하성로 585,12,경기도,37.725279549,126.6298261699,http://tong.visitkorea.or.kr/cms/resource/12/3547112_image2_1.jpg,"태산패밀리파크는 2002년 개장한 대규모 복합문화공간이다. 2020년 7월 대규모 리모델링 사업을 통해 부지를 추가로 확충하고 시설을 새롭게 정비하면서 김포 북부권의 대표 가족공원으로 자리매김하였다. 공원 내 시설마다 운영 기간 및 시간, 휴장일, 이용료가 다르기 때문에 홈페이지를 통해 확인해야 한다.
태산패밀리파크는 공예체험장(도자기, 목공예), 물놀이장, 바닥분수대, 연못, 야생초화원, 반려견 놀이터, 느티나무 잔디밭, 어린이 놀이터, 도서관 등의 시설이 있다. 이곳의 대표적인 시설 중의 하나인 공예체험장에서는 전문가의 지도 아래 이루어지는 핸드페인팅과 물레 성형까지 체험 가능한 도자기 체험장과 연필꽂이나 액자 등을 만들 수 있는 목공예 체험이 이루어진다.
여름철 한시적으로 개방하는 물놀이장은 슬라이드와 워터 터널 등의 시설을 갖추고 수질 관리를 위한 정화시설을 보완하고 오염수를 차단해 안전한 물놀이를 즐길 수 있다. 그늘막, 간이 샤워시설 등 편의시설도 마련하여 김포의 대표적인 무료 물놀이장으로 사랑받고 있다. 이 밖에도 2019년 3월 개장한 반려견 놀이터는 놀이터, 격리장, 배변장, 음수전과 함께 견주들을 위한 벤치와 테이블 등 다양한 편의시설이 설치되어 있다. 또, 소형견과 대형견 놀이터를 분리하고 주요 지점에 CCTV를 설치해  보다 안심하며 반려견과 시간을 보낼 수 있도록 했다.",,"<a href=""https://www.guc.or.kr/facility/park_taesan.php"" target=""_blank"" title=""새창 : 김포도시관리공사 홈페이지로 이동"">https://www.guc.or.kr</a>",전구역 동반가능,전 견종 동반 가능,목줄 착용,"- 체고 40㎝를 기준으로 이를 초과하는 반려견을 대형견, 그 이하를 중·소형견으로 구분
- 카드 등록 및 발급 후 입장 가능","펜스, 안전문, 운동장, 놀이기구, 음수대, 배변장, 격리장, 놀이기구, 벤치와 파라솔 등 비치","[공원]<br>
- 하절기(3월~10월) 09:00~19:00<br>
- 동절기(11월~2월) 09:00~18:00<br>
[반려견 놀이터] <br>
- 09:00~18:00<br>
[공예체험장] <br>
- 오전체험 10:00~11:30<br>
- 오후체험 13:00~16:30<br>
[물놀이장 / 바닥분수] <br>
- 11:00~16:40<br>
※ 물놀이장 및 바닥분수는 매년 운영일정 변경될 수 있음",[공원] 연중무휴<br>[반려견 놀이터] 매주 월요일<br>[공예체험장] 1월 1일 / 설·추석 연휴<br>[물놀이장 / 바닥분수] 매주 월요일~화요일 / 우천 시,가능 (버스 6대 / 승용차 207대 / 장애인 7대)
129699,금오름,제주특별자치도 제주시 한림읍 금악리 산1-1,12,제주특별자치도,33.3555289743,126.3059091921,http://tong.visitkorea.or.kr/cms/resource/35/3352435_image2_1.jpg,"서부 중산간 지역의 대표적인 오름 중의 하나이다. 산정부에 대형의 원형 분화구와 산정화구호(山頂火口湖)를 갖는 신기(新期)의 기생화산체이며, 남북으로 2개의 봉우리가 동서의 낮은 안부로 이어지며 원형의 분화구 (깊이 52m)를 이루고 있다. 분화구내의 산정화구호 (일명 今岳潭)는 예전에는 풍부한 수량을 갖고 있었으나 현재는 화구 바닥이 드러나 있다. ‘검, 감, 곰, 금’ 등은 어원상 신(神)이란 뜻인 ‘곰(고어)’과 상통하며, 동일한 뜻을 지닌 ‘곰’係語(계어)로서 고조선시대부터 쓰여 온 말이라고 한다. 즉 ‘금오름’은 神이란 뜻의 어원을 가진 호칭으로 해석되며, 옛날부터 신성시 되어 온 오름임을 알 수 있다. 해송, 삼나무, 찔레, 보리수, 윤노리나무 등 원형 분화구와 산정화구호이다. 
* 표고 427.5m, 비고 178m, 둘레 2,861m, 면적 613,966㎡, 저경 1,008m",,"<a href=""https://www.visitjeju.net/kr/detail/view?contentsid=CNTS_000000000019460""target=""_blank"" title=""새창 : 비짓제주 이동"">https://www.visitjeju.net/kr</a>",일부구역 동반가능,전 견종 동반 가능,목줄 착용,"- 맹견의 경우, 입마개 착용 필수
- 배변봉투 지참 및 배변처리 필수",,상시 개방,연중무휴,가능
264311,명동,서울특별시 중구 명동2가,12,서울특별시,37.562152093,126.984915005,http://tong.visitkorea.or.kr/cms/resource/96/3548996_image2_1.jpg,"명동은 거대 쇼핑도시를 연상케 하는 공간이다. 일반적으로 명동 거리는 지하철 4호선 명동역에서 을지로, 롯데백화점으로 이어지는 약 1㎞정도의 거리를 말한다. 이곳에는 각종 브랜드매장, 백화점, 보세가게 등이 밀집되어 있다. 유행의 메카라는 표현이 어울릴 정도로 의류, 신발, 액세서리 등의 다양한 제품을 구입할 수 있다. 백화점으로는 가까이에 롯데백화점, 신세계백화점이 있으며, 명동거리에는 눈스퀘어, 명동밀레오레, 엠플라자와 같은 쇼핑몰이 있다. 각종 브랜드샵은 중앙거리를 비롯해 사이드 골목에 밀집되어 있다. 명동에는 쇼핑과 함께 먹을거리, 즐길거리가 많다. 먹을거리로는 패밀리레스토랑, 패스트푸드점은 물론 한식, 양식, 일식으로 다양하다. 그 외에도 명동에는 헤어숍, 은행, 극장 등 많은 편의시설이 있다. 명동의 주요 관광지로는 한국 천주교 서울대교구 본당 건물인 명동성당, 명동 옛 국립극장을 복원하여 개관한 명동예술극장, 만화의 거리 등이 있다.",,"<a href=""http://www.junggu.seoul.kr/tour/content.do?cmsid=14818&sf_category1=CWS1325&mode=view&page=&cid=98087638"" target=""_blank"" title=""새창 : 중구문화관광으로 이동"">http://www.junggu.seoul.kr/tour/</a>",일부구역 동반가능,전 견종 동반 가능,목줄 착용,"-거리 내 매장은 개별 정책이 상이하므로 개별 문의 필요
- 맹견의 경우, 입마개 착용 필수
- 배변봉투 지참 및 배변처리 필수",,상시 개방,연중무휴,가능
741109,카멜리아힐,제주특별자치도 서귀포시 안덕면 병악로 166,12,제주특별자치도,33.2898983201,126.3682663519,http://tong.visitkorea.or.kr/cms/resource/03/3330103_image2_1.jpg,"안덕면 상창리에 조성된 카멜리아힐은 세계에서 가장 큰 동백꽃을 비롯하여 가장 일찍 피는 동백꽃, 향기를 내는 동백꽃에 이르기까지  전 세계 500여 종 6000여 그루의 동백나무가 한데 모여 있다. 카멜리아힐은 동백과 함께 야자수 등 각종 조경수가 함께 어우러진 수목원이기도 하다. 야생화 코너를 비롯해 넓은 잔디광장, 생태연못 등도 골고루 갖추고 있다. 초가 별장과 목조 별장, 스틸하우스, 콘도형 별장 등 다양한 숙박시설을 비롯해 동백꽃을 소재로 제작된 공예품을 전시하는 갤러리, 다목적 세미나실도 마련했다. 카멜리아 힐은 30년 열정과 사랑으로 제주의 자연을 담은, 동양에서 가장 큰 동백 수목원이다. 가을부터 봄까지 시기를 달리해서 피는 동백나무 500여 품종 6000여 그루가 울창한 숲을 이루고 있다. 또 향기가 나는 동백을 보유하고 있어서 달콤하고 매혹적인 동백의 향기에 흠뻑 취할 수 있다. 그뿐만 아니라 제주 자생식물 250여 종을 비롯해 모양과 색깔, 향기가 각기 다른 다양한 꽃이 동백과 어우러져 계절마다 독특하고 아름다운 풍경을 연출해 준다. 

◎ 한류의 매력을 만나는 여행 정보 - 예능 <환승연애3>
주원과 유정이 데이트를 즐기며 많은 시청자들에게 대리 설렘을 느끼게 했던 장소다. 수목원이라 사계절 아름답지만, 특히 동백이 피는 겨울에 붉은 꽃망울로 장관을 이룬다.",,"<a href=""http://www.camelliahill.co.kr"" target=""_blank"" title=""새창 : 카멜리아힐 홈페이지로 이동"">http://www.camelliahill.co.kr</a>",전구역 동반가능,8kg 이하 동반 가능,목줄 착용,배변봉투 지참 및 배변처리 필수,,"[하절기(6월~8월)]<br>
08:30~19:00 (입장 마감 18:00)<br>
[간절기(3월~5월 / 9월~10월)]<br>
08:30~18:30 (입장 마감 17:30)<br>
[동절기(11월~2월)]<br>
08:30~18:00 (입장 마감 17:00)",연중무휴,가능
750804,마장호수,경기도 파주시 광탄면 기산리,12,경기도,37.7752540883,126.930113948,http://tong.visitkorea.or.kr/cms/resource/76/3332576_image2_1.jpg,"산과 호수를 끼고 있어 물빛과 낙조가 주변 군락목과 푸른 산과 조화를 이루고 있는 모습이 아름다워 답답한 일상에서 벗어나 자연의 품속에 파묻힌 듯한 편안한 휴식을 취할 수 있는 파주 대표적인 자연관광지이다.
물빛 풍경이 아름다운 마장호수는 친환경 공원으로 조성되어 가족, 연인들의 나들이 장소로 제격이다. 수변경관을 바라보며 걸을 수 있는 3.6㎞의 수변데크와 길이 220m의 출렁다리가 있다. 출렁다리를 건너는 순간부터 다리는 출렁출렁 요동을 쳐 관광객의 탄성을 자아낸다.
편의 시설로는 넓은 호수를 바라보며 차 한 잔의 여유를 즐길 수 있는 카페가 전망대와 관리동에 자리하고 있다. 숲과 호수가 어우러진 캠핑장에서는 낙조와 이른 아침 물안개를 감상하며 편안한 쉼터를 제공한다. 마장호수에서 카누와 카약을 즐길 수도 있다.",,"<a href=""https://tour.paju.go.kr/user/tour/place/BD_tourPlaceInfoView.do?menuCode=4&cntntsSn=69"" target=""_blank"" title=""새창 : 파주시 문화관광으로 이동"">https://tour.paju.go.kr/</a>",일부구역 동반가능,전 견종 동반 가능,목줄 착용,"- 맹견의 경우, 입마개 착용 필수
- 배변봉투 지참 및 배변처리 필수",,"- 하절기(3월~10월) 09:00~19:30 <br>
- 동절기(11월~2월) 09:00~17:30",연중무휴,가능
767780,리버시티수상스키장,"서울특별시 강남구 압구정로11길 37-53 (압구정동) 한강시민공원 내 잠원1지구, 리버시티수상스키장",28,서울특별시,37.5291121024,127.0191711533,,"리버시티 수상스키장은 사회체육발전과 건전한 레저문화를 즐길 수 있는 도심 속에 자연과 즐기는 레저 문화공간 선두주자 역할을 하는 레포츠 클럽이다. 서울시 강남구 압구정동 한강시민공원 내에 위치해 있으며, 편리한 교통으로 누구나 쉽게 찾아갈 수 있다. 
리버시티 수상스키장에서는 수상스키, 웨이크보드 교육을 위한 자격을 갖춘 최고의 강사진의 지도로 안전하게 수상 스포츠를 즐길 수 있으며, 처음 접하는 초보자들도 어렵지 않게 배우고 즐길 수 있다. 웨이크보드용 인보트, 스키용 아웃보트, 수상 레저를 위한 놀이용 플라이피쉬, 땅콩보트, 바나나보트, 밴드웨건 등 수상스포츠를 즐기기 위한 각종 장비를 갖추고 있다. 이외에도 다수의 연습용 스키, 보드, 에어체어를 갖추고 있어 기다림 없이 즐길 수 있다. 뜨거운 햇빛 아래에서 시원하게 쉴 수 있도록 시설 전체에 파라솔을 준비해 뒀으며, 2층에는 선베드를 구비하여 편안한 쉼터를 제공한다.",,"<a href=""http://www.hanrivercity.com/"" target=""_blank"" title=""새창 : 리버시티수상스키장 홈페이지로 이동"">http://www.hanrivercity.com</a>",일부구역 동반가능,,,,,,,
2396259,정동진 레일바이크,강원특별자치도 강릉시 정동역길 17 정동진역,28,강원특별자치도,37.6914144167,129.032603586,http://tong.visitkorea.or.kr/cms/resource/08/2713708_image2_1.jpg,"정동진레일바이크는 강원도 여행의 백미로 손꼽히며 많은 관광객이 찾고 있는 레저스포츠이다. 정동진레일바이크는 정동진역을 출발해 전 구간 시원한 바닷바람을 느끼며 바다 경치를 즐길 수 있도록 운행되며 커플 또는 가족 관광객들에게 특별한 추억을 만들어준다. 2인승 레일바이크는 다정한 친구와 연인 등 둘이서 즐기기에 좋다. 전동 운행이 가능하기 때문에 남녀노소 누구나 편리하게 이용할 수 있다. 또한 레일바이크를 좀 더 빠르게 즐기고 싶다면 페달을 밟아 속도를 올릴 수 있으며 언덕구간에서는 전동레버작동과 함께 페달을 밟으면 원활하게 통과할 수 있다. 4인승 레일바이크는 4인 가족끼리, 친구들과 단체로 단란하게 즐기기에 좋다. 레일바이크에 차향과 페달이 모두 있으며 1㎞ 구간은 약간의 오르막으로 힘 있게 페달을 밟아 올라가야 한다.",,"<a href=""http://www.sunbike.kr/""target=""_blank"" title=""새창: 전국통합레일바이크 홈페이지로 이동"">http://www.sunbike.kr/</a>",전구역 동반가능,3kg 이하 동반 가능,이동장(켄넬)사용,배변봉투 지참 및 배변처리 필수,,,,
2575180,유원게스트하우스,대구광역시 남구 앞산순환로93길 48 (대명동),32,대구광역시,35.8343097649,128.5753098848,http://tong.visitkorea.or.kr/cms/resource/79/2575079_image2_1.JPG,"대구 도심 속에 숨어 있는 듯한 정원과 경치가 아름다운 숙소이다. 안지랑 곱창골목, 앞산 맛둘레길, 앞산 카페거리가 5분 내 위치해 있어서 가볍게 산책하며 식사와 커피를 마시기에도 가장 좋은 위치에 있다. 특히, 숙소가 위치한 지역은 대구에서 가장 큰 자연 공원, '앞산'과 대구시의 탁 트인 전망과 야경을 즐길 수 있는 '앞산 전망대'가 있어서 자연과 경치를 즐기기에도 적절하다. '유원 게스트 하우스'는 다른 손님과 섞이지 않고 2층 독채 전체를 사용하는 숙소로 최대 8명, 가족, 친구 단체 여행객에게 적합한 숙소이다. 방 2개, 거실, 주방, 욕실이 있고 숙소 내 주방 도구가 모두 준비되어 있다. 청결과 안전을 최우선시하며 게스트들이 건강한 휴식을 취할 수 있도록 노력하고 있다.",010-9511-5673,"<a href=""https://www.airbnb.co.kr/rooms/24879148?s=51&source_impression_id=p3_1587369842_gYsiv4THaN2j8F2F&guests=1&adults=1""target=""_blank"">https://www.airbnb.co.kr/rooms/24879148?s=51&source_impression_id=p3_1587369842_gYsiv4THaN2j8F2F&guests=1&adults=1<a/>",전구역 동반가능,소형견,,,,15:00,,가능
2610960,회랑정,서울특별시 강서구 공항대로53나길 6-9 (등촌동),32,서울특별시,37.5550895591,126.8595266354,,지하철 9호선 증미역 도보 5분이내의 거리에 있다. 주변에 대형마트가 있어 편리하다. 김포공항. 인천공항으로 이동이 편하다.,010-7172-9715,,전구역 동반가능,,,,,14:00,,가능
2639878,오마이갤러리,충청남도 태안군 안면읍 안면대로 3171-6,14,충청남도,36.4987474112,126.3579563576,http://tong.visitkorea.or.kr/cms/resource/66/3336266_image2_1.jpg,"오마이갤러리는 세계의 가장 유명한 명화들을 복제하여 150여 점을 전시해 놓은 세계명화 학습체험장이다. 일반적으로 어렵고 딱딱하게 생각하는 미술을 보다 친근하고 쉽게 풀어보고자 만든 미술관이며, 구성은 8개의 건물에 세계의 유명 미술관별로 가장 대표적인 명화들을 전시하여 놓고 그 건물 바깥 면에는 트릭아트와 패러디 아트를 설치하여 보다 재미있고 유쾌하게 접하도록 하였다. 
이곳은 어린아이의 교육용은 물론 명화 애호가 및 미술 관련 종사자들도 즐기기에 적합하게 구성되어 있으며, 실내가 약 70%이고 외부가 약 30%의 콘텐츠로 되어있어 뜨거운 여름철이나 추운 겨울철에도 마음 놓고 관람이 가능하다. 안에는 카페와 식당이 있으며 멋진 실외 파라솔이 있는 휴게 공간이 넓게 자리하고 있고, 상시적으로 명화 해설 프로그램을 가동하고 있으며 체험교실(유료)과 기념품샵도 있다. 안면도의 자연휴양림과 붙어 있어 접근이 쉬운 대형 주차장이 있다.
안면도에는 유명한 관광지들이 많이 있어서 주변의 여행지와 함께 묶어서 방문하는 것을 권장한다.",,"<a href=""https://ohmygallery.co.kr/""target=""_blank"" title=""오마이갤러리"">https://ohmygallery.co.kr/</a>",일부구역 동반가능,9kg 이하 동반 가능,"반려동물 유모차 탑승,이동장(켄넬)사용",배변봉투 지참 및 배변처리 필수,,"[하절기(4월~9월)]<br>
- 10:00~19:00<br>
- 입장 마감 18:00<br>
[동절기(10월~3월)]<br>
- 10:00~18:00<br>
- 입장 마감 17:00",연중무휴,가능 (소형 20대 / 대형 5대)
2661492,북정마을,서울특별시 성북구 성북로23길 87 (성북동),12,서울특별시,37.5927014565,126.9924967812,http://tong.visitkorea.or.kr/cms/resource/30/3551330_image2_1.jpg,"북정마을은 서울특별시 사대문 안에 마지막으로 남아 있는, 흔히 산동네·달동네로 꼽히는 마을 중 하나이다. 북정마을은 큰 타원형을 한 모양을 하고 있다. 마을 옆으로는 성곽을 끼고 있어 성벽 근처를 중심으로 생겨난 달동네의 모습을 그대로 보여준다.
본래 한양도성은 성벽을 기준으로 내외부의 일정 범위 안에 주거지가 형성될 수 없었다. 특히 내사산의 굴곡을 따라 축성된 도성의 특성상 집을 짓는 데 지형적 제약을 많이 받았다. 그러나 일제강점기와 한국전쟁 전후 도시화는 서울의 급격한 인구 증가와 주택 부족 문제로 이어졌고, 사람들은 성곽에 기대어 집을 짓고 살기 시작했다. 북정마을은 서울로 몰려든 사람들이 거친 땅을 깎고 돋우어 저마다 집을 짓고 골목에 모여 이웃이 된 마을이다.
산에서 내려다보는 제한구역 외의 성북동은 주택과 아파트가 즐비하다. 하지만 한양도성으로 인해 개발제한이 된 북정마을은 소박한 달동네로 남아 있다. 북정마을에는 독립운동가로 이름 떨친 만해 한용운의 자택 ‘심우장’이 있는 것으로도 유명하다. 이밖에도 ‘북정미술관’과 그 옆 ‘북정카페’는 이 마을의 정취를 더해준다.
오랜 세월 성벽 및 구릉지 지형과 일체화된 북정마을의 독특한 경관은 그 자체로 한양도성과 함께 지키고 가꾸어야 할 유산이 되었다.

(출처 : 서울미래유산 홈페이지)",,,일부구역 동반가능,전 견종 동반 가능,목줄 착용,"- 주거지 공간으로 소음 등 보호자 주의 필요
- 맹견의 경우, 입마개 착용 필수
- 배변봉투 지참 및 배변처리 필수",,"09:00~18:00<br>
※ 주민배려 정숙관광 필요",연중무휴,불가능
2663204,악양생태공원,경상남도 함안군 대산면 하기2길 208-49,12,경상남도,35.340567809,128.3979695152,http://tong.visitkorea.or.kr/cms/resource/16/3538216_image2_1.jpg,"악양생태공원은 남강의 수려한 자연경관과 더불어 전국 최장 길이의 둑방과 주변 수변 및 습지와 연계하여 자연친화적인 문화공간으로 조성하였다. 주요 시설로는 어린이 놀이시설, 야외공연장, 생태연못, 잔디마당, 전망대, 방문자센터 등의 시설이 마련되어 있다. 또한, 다양한 야생화 및 핑크뮬리 식재로 볼거리를 제공하여 자연 속에서 힐링을 원하는 탐방객을 맞이하고 있다.",,"함안군 문화관광 <a href=""https://www.haman.go.kr/01834/01858/01872.web?amode=view&idx=635""target=""_blank"" title=""새창 : 함안군 문화관광 홈페이지로 이동"">https://www.haman.go.kr/tour.web</a>",전구역 동반가능,전 견종 동반 가능,목줄 착용,"- 맹견의 경우, 입마개 착용 필수
- 배변봉투 지참 및 배변처리 필수",,상시 개방,연중무휴,가능
2672393,해운대 블루라인파크,부산광역시 해운대구 청사포로 116 (중동),12,부산광역시,35.1612857933,129.1914273569,http://tong.visitkorea.or.kr/cms/resource/99/3546099_image2_1.jpg,"해운대 블루라인파크는 해운대 미포, 청사포, 송정에 이르는 4.8㎞ 구간의 동해남부선 옛 철도시설을 친환경적으로 재개발하여, 수려한 해안절경을 따라 해운대 해변열차와 해운대 스카이캡슐을 운행하는 국제 관광도시 부산, 해운대 관광특구의 핵심 관광 시설이다. 해운대 해변열차는 아름다운 동부산의 수려한 해안절경을 감상하면서 해운대 미포에서 청사포를 거쳐 송정까지 왕복으로 운행하는 교통수단을 겸비한 관광열차며, 해운대 스카이캡슐은 신비로운 해안절경을 7~10m 공중 레일에서 관람하면서 해운대 미포에서 청사포까지 2㎞ 구간을 자동으로 운행하는 낭만적인 4인승 캡슐이다.",,"<a href=""http://www.bluelinepark.com/""target=""_blank"" title=""새창: 해운대블루라인파크 홈페이지로 이동"">http://www.bluelinepark.com/</a>",일부구역 동반가능,이동장(켄넬)에 들어가는 전 견종 동반 가능,이동장(켄넬)사용,몸 전체가 이동장(켄넬)에 들어가야 동반 가능,,"[해운대 해변열차/해운대 스카이캡슐]<br>
- 동절기(11월~2월) 09:00~18:00<br>
- 간절기(3월~4월/10월) 09:00~18:30<br>
- 성수기(5월~6월/9월) 09:00~19:30<br>
- 극성수기(7월~8월) 09:00~20:30",연중무휴,가능
2675098,푸른수목원,서울특별시 구로구 연동로 240,12,서울특별시,37.483080629,126.8240846662,http://tong.visitkorea.or.kr/cms/resource/46/3545146_image2_1.jpg,"푸른수목원은 인적 없던 공터를 친환경 공간으로 탈바꿈시켜 조성된 서울시 최초의 시립 수목원이다. 2018년 서울시 제1호 공립수목원으로 지정되었으며, 다양한 식물유전자원을 수집·증식·보존하고 있다. 항동저수지 인근에 위치한 수목원에는 오색정원, 야생화원, 어린이정원 등 20개의 주제정원이 조성되어 있다. 안내센터와 숲교육센터 등에서 운영되는 생태교육 및 가드닝 프로그램을 통해 자연 속 배움의 장으로 활용되고 있다.",,"<a href=""https://botanicpark.seoul.go.kr/front/arboretum/arboretum.do"" target=""_blank"" title=""새창 : 홈페이지로 이동"">https://botanicpark.seoul.go.kr</a>",일부구역 동반가능,전 견종 동반 가능,"목줄 착용,기타","- 목줄과 이름표가 부착된 반려동물에 한해 공원(열린숲, 호수원, 습지원) 동반 가능
- 주제원, 식물문화센터 내부는 동반 불가
- 맹견의 경우, 입마개 착용 필수
- 배변봉투 지참 및 배변처리 필수",,05:00~22:00,연중무휴,가능
2736822,유구색동수국정원,충청남도 공주시 유구읍 유구리 648-17,12,충청남도,36.5555484091,126.954414997,http://tong.visitkorea.or.kr/cms/resource/60/3534860_image2_1.jpg,"유구천 1㎞ 구간에 수국 약 22종, 16,000본을 심은 중부권 최대 수국 정원이다. 에나멜수국, 목수국 등 다양한 수국을 만나볼 수 있으며, 능수벚나무, 작약, 수선화 등 계절 꽃이 사계절 내내 피어 있어 수국과 함께 관람이 가능하다. 곳곳에 포토존이 마련되어 있어 인생샷 촬영이 가능하다. 
매년 수국이 만개하는 시기에는 유구읍 일원에서 꽃 축제가 열린다. 공연 프로그램, 수국단밤포차, 경관조성, 편의시설 등이 운영된다.",,"<a href=""https://www.gongju.go.kr/prog/tursmCn/tour/sub03_01_07/view.do?cntno=66"" target=""_blank"" title=""새창 : 홈페이지로 이동"">https://www.gongju.go.kr/tour</a>",전구역 동반가능,전 견종 동반 가능,목줄 착용,"- 맹견의 경우, 입마개 착용 필수
- 배변봉투 지참 및 배변처리 필수",,상시 개방,연중무휴,가능
2738669,천개의향나무숲,전라남도 구례군 광의면 천변길 12,12,전라남도,35.2267668147,127.4603243706,http://tong.visitkorea.or.kr/cms/resource/58/3552858_image2_1.jpg,"인위적인 조경에서 벗어나 숲이 주는 자연스러움을 강조한 천 개의 향나무 숲은 평온하고 안락한 느낌을 주는 곳이다. 토종 향나무, 가이스카 향나무, 서양 향나무 등 천 여 그루의 향나무가 길게 뻗어 있는 숲길은 세상의 근심을 잊고 자연과 동화되어 마음이 정화되는 기분을 느끼게 해 준다.  향나무 숲길 뿐만 아니라 100년이 넘은 감나무 세 그루에서 느껴지는 세월의 깊이가 담긴 오색 정원, 게으름을 만끽하고 싶은 늘보 정원, 허브향 가득 한 향기 정원, 큰 돌에 앉아 사사로운 생각들을 머릿속에서 지워 주는 멍석 정원 등 한참을 느리고, 편안하게 다니다 보면 자연이 주는 아름다움 속에서 마음의 안정을 찾게 된다.",,"<a href=""https://www.instagram.com/cheon_hyang_""target=""_blank"" title=""새창 : 천개의향나무숲 홈페이지로 이동"">https://www.instagram.com/cheon_hyang_</a>",전구역 동반가능,전 견종 동반 가능,목줄 착용,"- 맹견의 경우, 입마개 착용 필수
- 배변봉투 지참 및 배변처리 필수",,09:00~17:00,매주 화요일,가능
2763831,성호호수연꽃단지,경기도 이천시 설성면 장천리 887,12,경기도,37.1394497035,127.525419633,http://tong.visitkorea.or.kr/cms/resource/49/3541449_image2_1.jpg,"경기도 이천시 설성면 장천리 성호호수에 있는 연꽃단지이다. 2008년부터 2009년까지 이천시에서 연꽃단지를 조성하였으며, 백련과 홍련, 적련, 황련 네 가지 종류의 연꽃이 핀다. 
매년 연꽃 만개 절정의 시기가 되면 많은 사람들이 이곳을 찾는다. 파란 하늘과 흰 구름, 분홍색 연꽃이 어우러져 사진작가들을 부르는 사진 명소이다. 파란 연잎 사이로 핀 연꽃을 보며 힐링하기 좋은 곳이다.",,,전구역 동반가능,전 견종 동반 가능,목줄 착용,"- 맹견의 경우, 입마개 착용 필수
- 배변봉투 지참 및 배변처리 필수",,상시 개방,연중무휴,가능
2764307,이천온천공원,경기도 이천시 애련정로136번길 84 (창전동),12,경기도,37.2818680593,127.453858162,http://tong.visitkorea.or.kr/cms/resource/57/3541457_image2_1.jpg,"이천시 창전동과 안흥동 일원에 위치한 공원으로, 이천시민과 수도권 주민들의 휴식과 여가를 위해 조성했다. 다목적 운동장, 잔디광장, X-게임장 등 다양한 시설이 있다. 또한 산책로, 야간경관조명을 설치한 하늘길, 국제조각심포지엄 작품을 배치함으로써 공원자체를 하나의 예술공간으로 조성하여 누구나 편안히 휴식을 취하며 쉬어갈 수 있는 공간이다.",,,,,,,,,,
2782901,백섬해상전망대,강원특별자치도 고성군 거진읍 거진리 산 105,12,강원특별자치도,38.4497569582,128.4669255768,,,,,,,,,,,,
2792271,영월한반도캠핑장,강원특별자치도 영월군 한반도면 후탄로 826,28,강원특별자치도,37.2153063435,128.3562731898,http://tong.visitkorea.or.kr/cms/resource/78/2793578_image2_1.jpg,,,,,,,,,,,
2848931,개떼놀이터 인천점,인천광역시 계양구 다남로 278 (목상동),39,인천광역시,37.5703323291,126.7089010642,http://tong.visitkorea.or.kr/cms/resource/76/2848776_image2_1.jpg,,,,,,,,,,,
3532570,레젤프펜션,경기도 가평군 북면 가화로 2389-16,32,경기도,37.954095964,127.4750645309,,,010-2430-8928,,,,,,,,,
3532731,루이하우스,경기도 하남시 산곡남로 208 (상산곡동),32,경기도,37.488345355,127.2144601003,,,010-7486-5700,,,,,,,,,
3532732,온유랑,경기도 양평군 청운면 몰운고갯길 306-11,32,경기도,37.5166242399,127.7574683527,,,010-9497-8921,,,,,,,,,
3532734,메리도그하우스,경기도 양평군 청운면 가현길 440-1,32,경기도,37.5207260307,127.7298401806,,,010-9360-7286,,,,,,,,,
3532750,해우당,경기도 용인시 수지구 고기로377번길 51-21 (고기동),32,경기도,37.3555747238,127.0648580065,,,010-5309-1506,,,,,,,,,
3532762,전망대펜션,전북특별자치도 무주군 적상면 개안길 21,32,전북특별자치도,35.9654597978,127.71203819,,,010-4484-3301,,,,,,,,,
3532773,덕용재4.9,경상북도 예천군 용문면 금당실길 78-1,32,경상북도,36.6918174421,128.4096697675,,,010-4441-8816,,,,,,,,,
3533003,글림풀빌라,강원특별자치도 양양군 현남면 동산큰길 11,32,강원특별자치도,37.9769815672,128.7589721719,,,010-9925-5536,,,,,,,,,
3533005,슬로우인풀빌라,경기도 양평군 단월면 섬이길 329-11,32,경기도,37.6274164384,127.5794784866,,,010-6888-6562,,,,,,,,,
3533113,금천재,전라남도 나주시 금천면 금영로 954-14,32,전라남도,35.0326989172,126.7551803905,,,010-3876-2655,,,,,,,,,
3533121,딜라이트107풀빌라,경상북도 영덕군 강구면 영덕대게로 509-9,32,경상북도,36.3912400941,129.4081289119,,,010-3623-1070,,,,,,,,,
3533123,두언27,전라남도 여수시 율촌면 두언길 27,32,전라남도,34.8371481635,127.5416882792,,,010-4169-2211,,,,,,,,,
3533156,라라몽몽,전북특별자치도 전주시 완산구 태진로 4-37 (태평동),32,전북특별자치도,35.8216660685,127.1386540909,,,010-8588-5437,,,,,,,,,
3533157,미미몽몽,전북특별자치도 전주시 완산구 관선1길 83-1 (남노송동),32,전북특별자치도,35.8190167119,127.1583857378,,,010-8588-5437,,,,,,,,,
3533170,행복한하루,전라남도 순천시 대대2길 46-9 (대대동),32,전라남도,34.8920386612,127.5089980884,,,010-5610-1749,,,,,,,,,
3535266,고씨네 동해막국수 강문본점,강원특별자치도 강릉시 창해로350번길 25 (강문동) 1층~3층,39,강원특별자치도,37.7963861364,128.9172912659,,,,,,,,,,,,
3544073,강릉김군박군횟집,강원특별자치도 강릉시 난설헌로 203-18 (초당동),39,강원특별자치도,37.7925975964,128.9126695775,,,033-642-1331,,,,,,,,,
3544316,사담관광농원캠핑,충청북도 괴산군 청천면 괴산로 197,32,충청북도,36.6224781783,127.8075338463,,,010-3171-1719,,,,,,,,,
3545967,정동진,강원특별자치도 강릉시 강동면 정동역길 17,12,강원특별자치도,37.6914144167,129.032603586,,,,,,,,,,,,
3548869,카페 가배초당,강원특별자치도 강릉시 난설헌로 228-35 (초당동) 1층,39,강원특별자치도,37.7898229656,128.9151472182,,,,,,,,,,,,
1997202,여수 해상케이블카,전라남도 여수시 돌산읍 돌산로 3600-1 (돌산읍),12,전라남도,34.7307968308,127.7393264527,http://tong.visitkorea.or.kr/cms/resource/64/3422964_image2_1.png,,,,,,,,,,,
1945729,문경 철로자전거(레일바이크),경상북도 문경시 마성면 진남1길 155,28,경상북도,36.6543804013,128.1285264772,http://tong.visitkorea.or.kr/cms/resource/95/3407895_image2_1.png,,,,,,,,,,,
1871383,김광석다시그리기길,대구광역시 중구 달구벌대로 2238,12,대구광역시,35.8614600628,128.6074868512,http://tong.visitkorea.or.kr/cms/resource/95/2947395_image2_1.jpg,,,,,,,,,,,
1180825,부용대,경상북도 안동시 풍천면 광덕솔밭길 72,12,경상북도,36.5446001818,128.5179949085,,,,,,,,,,,,
3533009,인스턴트호텔,강원특별자치도 양양군 현남면 동산큰길 80 층,32,강원특별자치도,37.9813199202,128.7572888566,,,010-3087-8881,,,,,,,,,
2734940,기흥레스피아호수공원,경기도 용인시 기흥구 하갈로 79 (하갈동),12,경기도,19.69442748,117.9925662504,http://tong.visitkorea.or.kr/cms/resource/80/3538680_image2_1.jpg,,,,,,,,,,,
3532875,세하,전라남도 순천시 하풍동길 60 (풍덕동) 2층,32,전라남도,34.9400304009,127.5036890021,,,010-3485-5588,,,,,,,,,
2938669,맥파이앤타이거 성수티룸,서울특별시 성동구 성수이로 97 (성수동2가),39,서울특별시,37.5436999698,127.0566034424,,,,,,,,,,,,
2744516,월드니스오토캠핑장,강원특별자치도 영월군 무릉도원면 도원운학로 475-10,28,강원특별자치도,37.2999801439,128.2206939951,http://tong.visitkorea.or.kr/cms/resource/30/2920630_image2_1.jpg,,,,,,,,,,,
2734174,영월캠프,강원특별자치도 영월군 무릉도원면 무릉법흥로 1208-56,28,강원특별자치도,37.3620684892,128.2772398511,http://tong.visitkorea.or.kr/cms/resource/00/2920600_image2_1.jpg,,,,,,,,,,,
3533166,아담게스트하우스,경상북도 경주시 첨성로49번길 24-4 (사정동),32,경상북도,35.8351964627,129.2081514824,,,010-4847-0765,,,,,,,,,
3533146,준하우스3,서울특별시 마포구 월드컵북로6길 84 (동교동) 5층,32,서울특별시,37.5600345566,126.9226346304,,,010-5652-4485,,,,,,,,,
2675429,아라마루 전망대,인천광역시 계양구 둑실동 135-25 경인아라뱃길 아라마루,12,인천광역시,37.5729068961,126.7013766786,http://tong.visitkorea.or.kr/cms/resource/91/3542091_image2_1.jpg,,,,,,,,,,,
2730003,철원가산농원캠핑장,강원특별자치도 철원군 갈말읍 상사로 377 철원가산농원캠핑장,28,강원특별자치도,38.2241577905,127.2657423751,http://tong.visitkorea.or.kr/cms/resource/90/2920490_image2_1.jpg,,,,,,,,,,,
138900,보노펜션,강원특별자치도 양양군 손양면 선사유적로 240-29,32,강원특별자치도,38.0535323784,128.6864124691,http://tong.visitkorea.or.kr/cms/resource/31/2920131_image2_1.jpg,,,,,,,,,,,
2725982,그랜드 인투라온호텔 정선,강원특별자치도 정선군 사북읍 지장천로 583,32,강원특별자치도,37.2267414821,128.8123847368,http://tong.visitkorea.or.kr/cms/resource/83/2725983_image2_1.jpg,,,,,,,,,,,
2894951,유어네이키드치즈,서울특별시 성동구 왕십리로10길 6 (성수동1가),39,서울특별시,37.5467355255,127.0453238283,http://tong.visitkorea.or.kr/cms/resource/41/2894941_image2_1.jpg,,,,,,,,,,,
3533154,빨간대문,대전광역시 동구 계족로 194-1 (대동),32,대전광역시,36.3308438742,127.4418384792,,,010-7571-3655,,,,,,,,,
3532633,리틀포레한강,서울특별시 성동구 왕십리로8길 19-5 (성수동1가) 202호,32,서울특별시,37.5463689287,127.0468348118,,,010-8600-1683,,,,,,,,,
3532632,등불의 집,전북특별자치도 군산시 구영신창길 64 (신창동),32,전북특별자치도,35.9870953455,126.7075243665,,,010-9467-0261,,,,,,,,,
2603800,트리독스 반려견 전용 캠핑장,경상북도 고령군 쌍림면 용당길 42-56,28,경상북도,35.6505242555,128.2300981141,http://tong.visitkorea.or.kr/cms/resource/95/2603795_image2_1.jpg,,,,,,,,,,,
2569003,게스트하우스 play at home(플레이앳홈),경상북도 안동시 금곡길 21-8 (금곡동),32,경상북도,36.5672736337,128.7215095058,http://tong.visitkorea.or.kr/cms/resource/72/2566872_image2_1.jpg,,010-3538-0785,,,,,,,,,
129209,무안망운면의곰솔,전라남도 무안군 망운면 송현리,12,전라남도,35.0068620675,126.3674792158,http://tong.visitkorea.or.kr/cms/resource/37/3535537_image2_1.jpg,,,,,,,,,,,
819941,히로텔,대구광역시 중구 국채보상로 657-12 (동인동2가),32,대구광역시,35.870084006,128.6031119965,http://tong.visitkorea.or.kr/cms/resource/10/3476610_image2_1.jpg,,,,,,,,,,,
2743349,선납숲공원,경기도 화성시 영천동 산10,12,경기도,37.2117504811,127.1078164769,http://tong.visitkorea.or.kr/cms/resource/19/3538719_image2_1.jpg,,,,,,,,,,,
1590210,오수의견공원,전북특별자치도 임실군 오수면 충효로 2096-16,12,전북특별자치도,35.545245264,127.3326940727,http://tong.visitkorea.or.kr/cms/resource/66/3536766_image2_1.jpg,,,,,,,,,,,
300076,대성사(서울),서울특별시 서초구 남부순환로328길 49 (서초동),12,서울특별시,37.4763181306,127.0134731649,http://tong.visitkorea.or.kr/cms/resource/09/3540509_image2_1.jpg,,,,,,,,,,,
3540230,고심스테이,강원특별자치도 강릉시 사천면 너다리길 87,32,강원특별자치도,37.833966602,128.8508794218,,,,,,,,,,,,
2470006,동대문디자인플라자(DDP),서울특별시 중구 을지로 281 (을지로7가),12,서울특별시,37.566107632,127.0095709797,http://tong.visitkorea.or.kr/cms/resource/06/3539606_image2_1.jpg,,,,,,,,,,,
3539443,산성펜션텔,강원특별자치도 강릉시 강동면 산성우리길 12-5,32,강원특별자치도,37.6783268789,129.0243769535,,,,,,,,,,,,
2834224,뻘다방,인천광역시 옹진군 선재로 55 뻘다방,39,인천광역시,37.2342404602,126.5312876606,http://tong.visitkorea.or.kr/cms/resource/80/3537480_image2_1.jpg,,,,,,,,,,,
129416,소양강처녀상,강원특별자치도 춘천시 영서로 2675 (근화동),12,강원특별자치도,37.8934354331,127.7242936044,http://tong.visitkorea.or.kr/cms/resource/79/3538379_image2_1.jpg,,,,,,,,,,,
1938168,송월동 동화마을,인천광역시 중구 송월동3가 17-1,12,인천광역시,37.4776526567,126.6206117066,http://tong.visitkorea.or.kr/cms/resource/49/3537549_image2_1.jpg,,,,,,,,,,,
3538157,송천휴게소식당,강원특별자치도 강릉시 연곡면 진고개로 781-1,39,강원특별자치도,37.8270188351,128.6382571632,,,033-661-4391,,,,,,,,,
2714557,문암생태공원,충청북도 청주시 흥덕구 문암동 122-2,12,충청북도,36.6745490433,127.4478174154,http://tong.visitkorea.or.kr/cms/resource/37/3503837_image2_1.jpg,,,,,,,,,,,
3538108,해안로라운지,강원특별자치도 강릉시 해안로 298-4 (강문동),39,강원특별자치도,37.7917089509,128.9198800668,,,0507-1374-6603,,,,,,,,,
2684765,강화 원도심 스토리워크,인천광역시 강화군 강화읍 관청길27번길 10,12,인천광역시,37.7484743032,126.4861109075,http://tong.visitkorea.or.kr/cms/resource/13/3537413_image2_1.jpg,,,,,,,,,,,
3537760,안목을높이다,강원특별자치도 강릉시 창해로 27 (견소동),32,강원특별자치도,37.7744003243,128.9445533809,,,,,,,,,,,,
2714439,안반데기,강원특별자치도 강릉시 왕산면 안반데기길 428,12,강원특별자치도,37.6225888951,128.7396598347,http://tong.visitkorea.or.kr/cms/resource/60/3537660_image2_1.jpg,,,,,,,,,,,
3536898,페리아902,강원특별자치도 강릉시 사천면 해안로 902,32,강원특별자치도,37.8313896308,128.8769188198,,,,,,,,,,,,
3537624,도깨비젤라또,"강원특별자치도 강릉시 주문진읍 해안로 1605 1, 2층",39,강원특별자치도,37.8795082163,128.8337851075,,,033-661-3968,,,,,,,,,
3537204,복분자유원지,전북특별자치도 고창군 부안면 복분자로 531,12,전북특별자치도,35.5097208688,126.6456892974,,,,,,,,,,,,
3537206,강릉 중화짬뽕빵,강원특별자치도 강릉시 금성로13번길 17 (성남동),39,강원특별자치도,37.7533574475,128.9001719187,,,0507-1333-6812,,,,,,,,,
129617,쇠소깍,제주특별자치도 서귀포시 쇠소깍로 104 (하효동),12,제주특별자치도,33.254275717,126.6224173342,http://tong.visitkorea.or.kr/cms/resource/99/3536099_image2_1.jpg,,,,,,,,,,,
3536831,다경횟집,강원특별자치도 강릉시 주문진읍 신리천로 11-1,39,강원특별자치도,37.8859268228,128.8289436783,,,0507-1432-2011,,,,,,,,,
3536819,찜대감,강원특별자치도 강릉시 해안로 292 (강문동),39,강원특별자치도,37.7913701078,128.9202106032,,,0507-1352-5804,,,,,,,,,
3536590,난설헌메밀촌,강원특별자치도 강릉시 난설헌로 105 (포남동) 라동,39,강원특별자치도,37.7852954912,128.9038289338,,,0502-5550-2213,,,,,,,,,
3536570,강릉 한우타운,강원특별자치도 강릉시 창해로 283 (강문동),39,강원특별자치도,37.7894287164,128.9228132064,,,033-652-9289,,,,,,,,,
2676837,단양 보발재,충청북도 단양군 가곡면,12,충청북도,37.035748642,128.4730096702,http://tong.visitkorea.or.kr/cms/resource/08/3536008_image2_1.jpg,,,,,,,,,,,
3536440,다이닝조개,강원특별자치도 강릉시 해안로 280 (강문동) 4호,39,강원특별자치도,37.790600767,128.9209633368,,,0507-1325-0322,,,,,,,,,
3536383,"기억스테이(ㄱstay), 메모리스테이",강원특별자치도 강릉시 창해로370번길 3 (강문동),32,강원특별자치도,37.7958000874,128.9169552033,,,,,,,,,,,,
3536274,초당본가짬뽕순두부,강원특별자치도 강릉시 초당순두부길 97 (초당동),39,강원특별자치도,37.7918921824,128.9157526551,,,,,,,,,,,,
125681,지경리해변,강원특별자치도 양양군 현남면 동해대로 62,12,강원특별자치도,37.9204639845,128.8032171516,http://tong.visitkorea.or.kr/cms/resource/11/2922111_image2_1.jpg,,,,,,,,,,,
2606725,곡교천 은행나무길,충청남도 아산시 염치읍 송곡리,12,충청남도,36.7995464432,127.0168277624,http://tong.visitkorea.or.kr/cms/resource/05/3535305_image2_1.jpg,,,,,,,,,,,
3535809,크림브리즈,강원특별자치도 강릉시 옥계면 헌화로 467 1층,39,강원특별자치도,37.6533914286,129.0529501574,,,,,,,,,,,,
3535508,HEOD(해옫) 카페,강원특별자치도 강릉시 주문진읍 주문로 102 1~2층,39,강원특별자치도,37.8928732039,128.8271158504,,,0507-1330-9844,,,,,,,,,
3535427,배니닭강정,강원특별자치도 강릉시 금성로13번길 3-1 (성남동),39,강원특별자치도,37.7542850985,128.89917198,,,0507-1405-9038,,,,,,,,,
3534477,코스테,강원특별자치도 강릉시 사천면 해안로 725-2,32,강원특별자치도,37.8195940205,128.8895513798,,,,,,,,,,,,
128755,돌산공원,전라남도 여수시 돌산읍 우두리 산 1,12,전라남도,34.730596892,127.7415234884,http://tong.visitkorea.or.kr/cms/resource/54/3534454_image2_1.jpg,,,,,,,,,,,
3534103,에이엠브레드앤커피,강원특별자치도 강릉시 창해로14번길 24 (견소동),39,강원특별자치도,37.7723867269,128.9475503959,,,0507-1480-2200,,,,,,,,,
129457,신성리 갈대밭,충청남도 서천군 한산면 신성리 125-1 일원,12,충청남도,36.0677915439,126.8610335349,http://tong.visitkorea.or.kr/cms/resource/64/3533664_image2_1.jpg,,,,,,,,,,,
3533668,초당맷돌젤라또,강원특별자치도 강릉시 초당순두부길 71 (초당동),39,강원특별자치도,37.7897563106,128.9153472023,,,,,,,,,,,,
3532895,꿀꺽,강원특별자치도 강릉시 해안로 292 (강문동) 6호,39,강원특별자치도,37.7913701078,128.9202106032,,,033-651-3337,,,,,,,,,
2613465,폭풍속으로 촬영지,경상북도 울진군 죽변면 등대길 74-14,12,경상북도,37.0591282192,129.4284987486,http://tong.visitkorea.or.kr/cms/resource/92/3506192_image2_1.jpg,,,,,,,,,,,
129184,삼길포항,충청남도 서산시 대산읍 삼길포1로 72-2,12,충청남도,36.9992162821,126.4509846649,http://tong.visitkorea.or.kr/cms/resource/47/3531447_image2_1.jpg,,,,,,,,,,,
3013283,송악산둘레길,제주특별자치도 서귀포시 대정읍 상모리 245,12,제주특별자치도,33.2043620812,126.2893195489,,,,,,,,,,,,
1955399,산청 단성향교,경상남도 산청군 단성면 교동길 13-15,12,경상남도,35.3088634562,127.9552203351,http://tong.visitkorea.or.kr/cms/resource/25/3532425_image2_1.JPG,,,,,,,,,,,
3532465,동해산타열차,강원특별자치도 강릉시 용지로 176 (교동),12,강원특별자치도,37.7640617553,128.8996660775,,,,,,,,,,,,
128159,영월 섶다리 마을,강원특별자치도 영월군 주천면 평창강로 262-7,12,강원특별자치도,37.3002602828,128.3477936655,http://tong.visitkorea.or.kr/cms/resource/40/3532240_image2_1.jpg,,,,,,,,,,,
131169,강원특별자치도 세계잼버리 수련장,강원특별자치도 고성군 토성면 잼버리로 244,28,강원특별자치도,38.2226840374,128.4976743306,,,,,,,,,,,,
126627,완산공원,전북특별자치도 전주시 완산구 동완산동 612,12,전북특별자치도,35.8046986105,127.1419070225,http://tong.visitkorea.or.kr/cms/resource/45/3529545_image2_1.jpg,,,,,,,,,,,
2841245,임진강 댑싸리정원,경기도 연천군 중면 삼곶리 422,12,경기도,38.1313446498,127.0171734736,http://tong.visitkorea.or.kr/cms/resource/95/3092295_image2_1.jpg,,,,,,,,,,,
129196,프로방스 마을,경기도 파주시 탄현면 새오리로 69,12,경기도,37.7904034907,126.6849692838,http://tong.visitkorea.or.kr/cms/resource/90/3531590_image2_1.jpg,,,,,,,,,,,
716272,경화역 벚꽃길,경상남도 창원시 진해구 진해대로 663 (경화동),12,경상남도,35.1592767667,128.6878740452,http://tong.visitkorea.or.kr/cms/resource/04/3516504_image2_1.jpg,,,,,,,,,,,
127466,서울 석촌동 고분군,서울특별시 송파구 가락로7길 21 (석촌동),12,서울특별시,37.5022111756,127.1028642979,,,,,,,,,,,,
2762882,영월키즈캠핑장,강원특별자치도 영월군 무릉도원면 무릉법흥로 1208-7,28,강원특별자치도,37.3639098706,128.2734179189,http://tong.visitkorea.or.kr/cms/resource/30/2763030_image2_1.JPG,,,,,,,,,,,
2761869,방태산 솔마루 오토캠핑장,강원특별자치도 인제군 기린면 방태산길 122-6,28,강원특별자치도,37.9393980753,128.3814075191,http://tong.visitkorea.or.kr/cms/resource/05/2762305_image2_1.JPG,,,,,,,,,,,
2761862,반디하우스캠핑장,강원특별자치도 인제군 상남면 내린천로 2355,28,강원특별자치도,37.876356073,128.2715749519,http://tong.visitkorea.or.kr/cms/resource/94/2762294_image2_1.JPG,,,,,,,,,,,
2757975,슬로우캠프,강원특별자치도 영월군 무릉도원면 고일길 18-5,28,강원특별자치도,37.3464048583,128.1949255033,http://tong.visitkorea.or.kr/cms/resource/13/3530713_image2_1.jpg,,,,,,,,,,,
2761850,미산분교 캠핑장,강원특별자치도 인제군 상남면 내린천로 1622,28,강원특별자치도,37.8711270148,128.3182208828,http://tong.visitkorea.or.kr/cms/resource/58/2762258_image2_1.JPG,,,,,,,,,,,
2761834,춘천숲자연휴양림엔글램핑,강원특별자치도 춘천시 동산면 종자리로 224-104,28,강원특별자치도,37.7477277543,127.7448071635,http://tong.visitkorea.or.kr/cms/resource/29/3521629_image2_1.jpg,,,,,,,,,,,
2761762,큐브존캠핑장,강원특별자치도 영월군 한반도면 한반도로 794-24,28,강원특별자치도,37.2311904637,128.3477345997,http://tong.visitkorea.or.kr/cms/resource/98/2762198_image2_1.JPG,,,,,,,,,,,
2757998,여울소리,강원특별자치도 영월군 무릉도원면 중방길 2-45,28,강원특별자치도,37.2934068064,128.2688009715,http://tong.visitkorea.or.kr/cms/resource/61/2758761_image2_1.JPG,,,,,,,,,,,
2757967,스카이 펜션&캠핑장,강원특별자치도 영월군 무릉도원면 무릉법흥로 852-15,28,강원특별자치도,37.3354994293,128.2823596203,http://tong.visitkorea.or.kr/cms/resource/99/2758699_image2_1.JPG,,,,,,,,,,,
2757116,금방아 민박캠핑장,강원특별자치도 영월군 무릉도원면 무릉법흥로 516,28,강원특별자치도,37.3179121542,128.2603760066,http://tong.visitkorea.or.kr/cms/resource/49/2757549_image2_1.JPG,,,,,,,,,,,
2752049,북극곰 야영장,강원특별자치도 평창군 봉평면 흥정계곡길 313-3,28,강원특별자치도,37.6377072416,128.3388260758,http://tong.visitkorea.or.kr/cms/resource/95/2763195_image2_1.jpg,,,,,,,,,,,
2749989,꿈엔들캠핑장,강원특별자치도 영월군 무릉도원면 무릉법흥로 968-12,28,강원특별자치도,37.3429013262,128.2809706378,http://tong.visitkorea.or.kr/cms/resource/82/2749682_image2_1.jpg,,,,,,,,,,,
2745718,명파해변오토캠핑장,강원특별자치도 고성군 현내면 명파4길 47,28,강원특별자치도,38.5434892521,128.4053921316,http://tong.visitkorea.or.kr/cms/resource/72/2746472_image2_1.JPG,,,,,,,,,,,
2740976,한반도 솔숲 쉼터,강원특별자치도 영월군 한반도면 서강로 1159-93,28,강원특별자치도,37.2505302778,128.3676239087,http://tong.visitkorea.or.kr/cms/resource/09/2741209_image2_1.JPG,,,,,,,,,,,
2734828,남강캠프,강원특별자치도 영월군 무릉도원면 무릉법흥로 1050-16,28,강원특별자치도,37.3503837776,128.2800010589,http://tong.visitkorea.or.kr/cms/resource/61/2734961_image2_1.JPG,,,,,,,,,,,
2734066,학마을캠프펜션,강원특별자치도 철원군 동송읍 도피동길 72-1,28,강원특별자치도,38.2361500102,127.2211322259,http://tong.visitkorea.or.kr/cms/resource/19/2734719_image2_1.JPG,,,,,,,,,,,
2734012,산여울캠프장,강원특별자치도 영월군 무릉도원면 백년계곡길 142,28,강원특별자치도,37.3771444237,128.2717787855,http://tong.visitkorea.or.kr/cms/resource/19/2734119_image2_1.JPG,,,,,,,,,,,
2729920,장호비치캠핑장,강원특별자치도 삼척시 근덕면 삼척로 2116,28,강원특별자치도,37.2845723161,129.312424409,http://tong.visitkorea.or.kr/cms/resource/36/2730136_image2_1.JPG,,,,,,,,,,,
3511367,골드마운틴하우스 (유한회사진도휴식),전라남도 진도군 고군면 원포길 226,32,전라남도,34.4817629973,126.3770576294,,,,,,,,,,,,
2871546,간절곶소망우체통,울산광역시 울주군 서생면 대송리 산110-22,12,울산광역시,35.3588057199,129.3611487843,http://tong.visitkorea.or.kr/cms/resource/24/2871524_image2_1.JPG,,,,,,,,,,,
2402981,대림동 차이나타운,서울특별시 영등포구 대림동 1050-43,12,서울특별시,37.4924530714,126.8975138236,http://tong.visitkorea.or.kr/cms/resource/92/3526892_image2_1.jpg,,,,,,,,,,,
2850345,잇다스페이스,인천광역시 중구 참외전로 172-41 (경동),14,인천광역시,37.4724035108,126.6344383681,http://tong.visitkorea.or.kr/cms/resource/41/2850241_image2_1.jpg,,,,,,,,,,,
3018375,군산 영화의 거리,전북특별자치도 군산시 구영6길 60 (신창동),12,전북특별자치도,35.9866620987,126.7096908504,http://tong.visitkorea.or.kr/cms/resource/44/3522144_image2_1.jpg,,,,,,,,,,,
2654624,동탄호수공원,경기도 화성시 동탄순환대로 69 (송동),12,경기도,37.1669527885,127.1024487705,http://tong.visitkorea.or.kr/cms/resource/18/3058418_image2_1.jpg,,,,,,,,,,,
3447080,그란스 다산,경기도 남양주시 다산중앙로82번안길 156 (다산동) 정행법조빌딩 1층,39,경기도,37.6131244851,127.1688134682,http://tong.visitkorea.or.kr/cms/resource/79/3447079_image2_1.jpg,,,,,,,,,,,
2724387,안돌오름,제주특별자치도 제주시 구좌읍 송당리 산 66-2,12,제주특별자치도,33.4573054352,126.7560844718,http://tong.visitkorea.or.kr/cms/resource/57/3523657_image2_1.jpg,,,,,,,,,,,
2738665,도두봉,제주특별자치도 제주시 도두항길 4-17 (도두일동),12,제주특별자치도,33.5067925638,126.4672362102,http://tong.visitkorea.or.kr/cms/resource/14/3523614_image2_1.jpg,,,,,,,,,,,
1887866,갑선이오름,제주특별자치도 서귀포시 표선면 가시리,12,제주특별자치도,33.3608276172,126.7818122232,http://tong.visitkorea.or.kr/cms/resource/45/3523545_image2_1.jpg,,,,,,,,,,,
129142,환호공원,경상북도 포항시 북구 환호공원길 30,12,경상북도,36.0677292517,129.3930424759,http://tong.visitkorea.or.kr/cms/resource/38/3009838_image2_1.jpg,,,,,,,,,,,
2707444,가영당,충청북도 청주시 청원구 오창읍 미래지로 71-54,32,충청북도,36.7351218825,127.4055417589,http://tong.visitkorea.or.kr/cms/resource/14/3067814_image2_1.jpg,,043-233-9966,,,,,,,,,
3000149,고흥 작약 꽃밭,전라남도 고흥군 해맞이로 1175 종교시설,12,전라남도,34.6051734978,127.5033558083,http://tong.visitkorea.or.kr/cms/resource/40/3000140_image2_1.jpg,,,,,,,,,,,
2774820,지세포 관광유람선,경상남도 거제시 일운면 지세포해안로 89-19,12,경상남도,34.8314609657,128.7036592217,http://tong.visitkorea.or.kr/cms/resource/24/2774924_image2_1.jpg,,,,,,,,,,,
126776,명파해변,강원특별자치도 고성군 현내면 명파4길 47,12,강원특별자치도,38.5435697967,128.4053254685,http://tong.visitkorea.or.kr/cms/resource/88/2922088_image2_1.jpg,,,,,,,,,,,
753981,몽마르뜨공원,서울특별시 서초구 반포대로 201 (반포동),12,서울특별시,37.4976821568,127.0045483736,http://tong.visitkorea.or.kr/cms/resource/12/3456312_image2_1.jpg,,,,,,,,,,,
3426645,황장목숲길,강원특별자치도 원주시 소초면 구룡사로 430,12,강원특별자치도,37.404775891,128.0464649475,http://tong.visitkorea.or.kr/cms/resource/57/3430757_image2_1.jpg,,033-732-5231,,,,,,,,,
2603720,누닝 펫푸드카페,인천광역시 서구 청라커낼로 270 (청라동),39,인천광역시,37.5325855879,126.6449773992,http://tong.visitkorea.or.kr/cms/resource/58/2603758_image2_1.jpg,,,,,,,,,,,
704507,서울 동대문 닭한마리 골목,서울특별시 종로구 종로40가길 14,12,서울특별시,37.5703487391,127.0058684191,http://tong.visitkorea.or.kr/cms/resource/53/2601453_image2_1.jpg,,,,,,,,,,,
129354,지리산 매동마을,전북특별자치도 남원시 산내면 매동길 16-4,12,전북특별자치도,35.4256389174,127.625987931,http://tong.visitkorea.or.kr/cms/resource/56/3517056_image2_1.jpg,,,,,,,,,,,
129417,세계 평화의종 공원,강원특별자치도 화천군 화천읍 평화로 3481-18,12,강원특별자치도,38.2102342459,127.8520835527,http://tong.visitkorea.or.kr/cms/resource/49/2922249_image2_1.jpg,,,,,,,,,,,
126125,낙동강 경천대(경천대 전망대),경상북도 상주시 사벌국면 경천로 652,12,경상북도,36.4582827307,128.2440300692,http://tong.visitkorea.or.kr/cms/resource/90/3082790_image2_1.jpg,,,,,,,,,,,
2661447,여수 가사리 생태공원,전라남도 여수시 소라면 관기길 327,12,전라남도,34.748339587,127.5944942342,http://tong.visitkorea.or.kr/cms/resource/69/3027369_image2_1.jpg,,,,,,,,,,,
2761519,방아머리선착장,경기도 안산시 단원구 대부황금로 1567-3 (대부북동),12,경기도,37.2963978942,126.5744098104,http://tong.visitkorea.or.kr/cms/resource/21/3342921_image2_1.jpg,,,,,,,,,,,
2604493,(사)한국천연염색 숨(보성천연염색공예관 숨),전라남도 보성군 복내면 개기로 1529-45,32,전라남도,34.9081246226,127.1183320154,http://tong.visitkorea.or.kr/cms/resource/43/2679743_image2_1.jpg,,,,,,,,,,,
128199,강동몽돌해변 (정자해변),울산광역시 북구 산하동,12,울산광역시,35.6278381472,129.4423980082,http://tong.visitkorea.or.kr/cms/resource/23/3048823_image2_1.jpg,,,,,,,,,,,
3428354,스타필드 시티 부천,"경기도 부천시 소사구 옥길로 1 (옥길동) 옥길동, 스타필드시티 부천",12,경기도,37.4615273969,126.8139278618,http://tong.visitkorea.or.kr/cms/resource/39/3444939_image2_1.jpg,,1833-9001,,,,,,,,,
3443636,아리아1968,경기도 파주시 조리읍 등원로391번길 40,39,경기도,37.7767438766,126.8351392579,http://tong.visitkorea.or.kr/cms/resource/63/3443663_image2_1.jpg,,,,,,,,,,,
2717813,애니언파크(울산 반려동물 문화센터),울산광역시 북구 호계매곡6로 108,12,울산광역시,35.6347442892,129.3676487809,http://tong.visitkorea.or.kr/cms/resource/79/2917379_image2_1.jpg,,,,,,,,,,,
3444764,액션커피앤브런치,경기도 평택시 현덕면 서해로 255,39,경기도,36.9238802728,126.9126309953,http://tong.visitkorea.or.kr/cms/resource/19/3444719_image2_1.jpg,,,,,,,,,,,
3428156,국가유산 방문 캠페인 인천공항 홍보관,인천광역시 중구 공항로 271 (운서동) 제1여객터미널 교통센터 지하1층,12,인천광역시,37.4477031811,126.4521751331,http://tong.visitkorea.or.kr/cms/resource/07/3432207_image2_1.jpg,,0507-1397-0368,,,,,,,,,
130654,국립춘천박물관,강원특별자치도 춘천시 우석로 70,14,강원특별자치도,37.8638949767,127.7538473472,http://tong.visitkorea.or.kr/cms/resource/97/2739797_image2_1.jpg,,,,,,,,,,,
2661787,계양산 둘레길,인천광역시 계양구 계양산로 101 (계산동),28,인천광역시,37.548071351,126.7270444752,http://tong.visitkorea.or.kr/cms/resource/58/3039058_image2_1.jpg,,,,,,,,,,,
2633902,초곡 용굴촛대바위길,강원특별자치도 삼척시 근덕면 초곡길 236-20,28,강원특별자치도,37.3105467664,129.2949085073,http://tong.visitkorea.or.kr/cms/resource/43/3421443_image2_1.jpg,,,,,,,,,,,
2798935,국민의 숲 트레킹 코스,강원특별자치도 평창군 대관령마루길 340,28,강원특별자치도,37.6846095239,128.740693956,http://tong.visitkorea.or.kr/cms/resource/95/2798895_image2_1.JPG,,,,,,,,,,,
3443614,원시학,부산광역시 해운대구 우동1로20번가길 31 (우동),39,부산광역시,35.166279066,129.1583939802,http://tong.visitkorea.or.kr/cms/resource/89/3443589_image2_1.jpeg,,,,,,,,,,,
3469415,로얄엠포리움호텔,인천광역시 중구 은하수로 35 (중산동) 로얄엠포리움호텔,32,인천광역시,37.4918752573,126.5782901754,,,032-752-5996,,,,,,,,,
3469455,루시아펜션,인천광역시 옹진군 백령면 백령로 461-18 461-14 1동,32,인천광역시,37.973403701,124.6976727988,,,032-836-0410,,,,,,,,,
3456352,르씨엘,경상북도 경주시 흥무로 155 (석장동),39,경상북도,35.8506861814,129.1975880788,http://tong.visitkorea.or.kr/cms/resource/94/3454794_image2_1.JPG,,,,,,,,,,,
3446579,리버스,경상북도 성주군 성주읍 참별로 2503 1층 리버스,39,경상북도,35.9150808699,128.2555136424,http://tong.visitkorea.or.kr/cms/resource/71/3446471_image2_1.JPG,,507-0289-3352,,,,,,,,,
3429335,만수산 무장애나눔길,인천광역시 남동구 만수로111번길 38-1 (만수동),12,인천광역시,37.4679224874,126.7356764817,http://tong.visitkorea.or.kr/cms/resource/42/3432342_image2_1.jpeg,,,,,,,,,,,
2595502,박진사고택,경상남도 고성군 개천면 청광6길 25-12 박진사고택,32,경상남도,35.1170246518,128.3079417017,http://tong.visitkorea.or.kr/cms/resource/72/2918272_image2_1.jpg,,010-2063-2541,,,,,,,,,
3444492,최대감벌교꼬막,전라남도 순천시 낙안면 삼일로 63,39,전라남도,34.9049899247,127.3437456049,http://tong.visitkorea.or.kr/cms/resource/10/3444310_image2_1.jpg,,,,,,,,,,,
126742,춘장대해수욕장,충청남도 서천군 서면 춘장대길 20,12,충청남도,36.1632331925,126.5243389992,http://tong.visitkorea.or.kr/cms/resource/89/3043689_image2_1.jpg,,,,,,,,,,,
130833,춘천시립도서관(장난감도서관),강원특별자치도 춘천시 우석로 100 (석사동),14,강원특별자치도,37.8638561555,127.757280369,http://tong.visitkorea.or.kr/cms/resource/99/2745899_image2_1.jpg,,,,,,,,,,,
3458390,카페 264,강원특별자치도 원주시 서원대로 264 (단계동),39,강원특별자치도,37.3390286876,127.937979438,http://tong.visitkorea.or.kr/cms/resource/16/3458316_image2_1.jpg,,,,,,,,,,,
3444152,카페 아래로,서울특별시 관악구 난곡로10길 10 (신림동),39,서울특별시,37.4653038508,126.9201597466,http://tong.visitkorea.or.kr/cms/resource/30/3444230_image2_1.jpg,,,,,,,,,,,
3447737,카페 플랜비,경상남도 창원시 진해구 진희로 146 (경화동) 휴게소 2층휴게소 2층,39,경상남도,35.1472113951,128.6846913146,http://tong.visitkorea.or.kr/cms/resource/01/3447601_image2_1.JPG,,507-1353-4058,,,,,,,,,
3450526,카페우리,서울특별시 은평구 녹번로1길 13 (녹번동) 1층,39,서울특별시,37.6047933126,126.9266024479,http://tong.visitkorea.or.kr/cms/resource/38/3450438_image2_1.jpg,,070-4659-6570,,,,,,,,,
3336621,산이정원,전라남도 해남군 산이면 구성리 664 산이정원,12,전라남도,34.7096793786,126.3967115799,http://tong.visitkorea.or.kr/cms/resource/78/3486178_image2_1.jpg,,,,,,,,,,,
2647918,소래역사관,인천광역시 남동구 아암대로 1605,14,인천광역시,37.3982361693,126.7375060322,http://tong.visitkorea.or.kr/cms/resource/17/2647917_image2_1.jpg,,,,,,,,,,,
2558084,섬향기,강원특별자치도 춘천시 남산면 남이섬길 1,39,강원특별자치도,37.7901159965,127.5261035858,http://tong.visitkorea.or.kr/cms/resource/73/2919973_image2_1.jpg,,,,,,,,,,,
736117,풀내음,강원특별자치도 평창군 봉평면 메밀꽃길 13,39,강원특별자치도,37.6148771668,128.3712210593,http://tong.visitkorea.or.kr/cms/resource/53/2919153_image2_1.jpg,,,,,,,,,,,
2775497,순포해변,강원특별자치도 강릉시 사천면 해안로 722,12,강원특별자치도,37.8193190673,128.8902985428,http://tong.visitkorea.or.kr/cms/resource/02/2921902_image2_1.jpg,,,,,,,,,,,
2606117,금강습지생태공원,전북특별자치도 군산시 성산면 성덕리 181-1,12,전북특별자치도,36.0224284414,126.7670486805,http://tong.visitkorea.or.kr/cms/resource/44/3335644_image2_1.jpg,,,,,,,,,,,
2569455,임진강 황포돛배,경기도 파주시 적성면 율곡로 1857,12,경기도,37.9650701065,126.8897010962,http://tong.visitkorea.or.kr/cms/resource/21/2991121_image2_1.jpg,,,,,,,,,,,
126143,삼사해상공원·삼사해상산책로,경상북도 영덕군 강구면 해상공원길 120-7,12,경상북도,36.3509970113,129.3858070637,http://tong.visitkorea.or.kr/cms/resource/48/3468448_image2_1.jpg,,,,,,,,,,,
3443160,홍라드 인계나혜석점,경기도 수원시 팔달구 효원로291번길 49-7 (인계동) 4층,39,경기도,37.2636181599,127.0340967108,http://tong.visitkorea.or.kr/cms/resource/85/3443185_image2_1.jpg,,0507-1306-1026,,,,,,,,,
2938671,도깨비셀프바베큐,경기도 이천시 증신로 336 (송정동),39,경기도,37.3006489447,127.4387145533,http://tong.visitkorea.or.kr/cms/resource/56/2937956_image2_1.jpg,,,,,,,,,,,
2776835,삼척미로정원,강원특별자치도 삼척시 미로면 동안로 540,12,강원특별자치도,37.4441270181,129.070707789,http://tong.visitkorea.or.kr/cms/resource/43/2776843_image2_1.JPG,,,,,,,,,,,
252567,죽도정·죽도 전망대,강원특별자치도 양양군 현남면 인구리 1-1,12,강원특별자치도,37.9716711612,128.7635358133,http://tong.visitkorea.or.kr/cms/resource/12/2746912_image2_1.jpg,,,,,,,,,,,
2702823,정암해수욕장,강원특별자치도 양양군 강현면 정암리,12,강원특별자치도,38.1390571755,128.6158245382,http://tong.visitkorea.or.kr/cms/resource/18/2745218_image2_1.jpg,,,,,,,,,,,
1119452,동락공원,경상북도 구미시 3공단1로 191 (진평동),12,경상북도,36.0971156643,128.4019512022,http://tong.visitkorea.or.kr/cms/resource/37/3029537_image2_1.jpg,,,,,,,,,,,
3428384,대유평공원,경기도 수원시 장안구 수성로 175 (정자동) 정자동,12,경기도,37.2874813034,126.9915582378,http://tong.visitkorea.or.kr/cms/resource/28/3432328_image2_1.jpg,,,,,,,,,,,
129596,대포항,강원특별자치도 속초시 대포항길 64 (대포동),12,강원특별자치도,38.1749528373,128.6074602892,http://tong.visitkorea.or.kr/cms/resource/07/2653407_image2_1.jpg,,,,,,,,,,,
2042995,대구 근대골목(근대로의 여행),대구광역시 중구 국채보상로102길 66,12,대구광역시,35.8677811868,128.5867579454,http://tong.visitkorea.or.kr/cms/resource/18/3079118_image2_1.png,,,,,,,,,,,
2463812,의왕철도박물관,경기도 의왕시 철도박물관로 142 (월암동),12,경기도,37.3140635949,126.9500473766,,,,,,,,,,,,
2783557,남산순환나들길,서울특별시 중구 남산공원길 609 (예장동),12,서울특별시,37.5549112997,126.9866844934,http://tong.visitkorea.or.kr/cms/resource/60/3458860_image2_1.jpg,,,,,,,,,,,
2604656,단양강 잔도,충청북도 단양군 적성면 애곡리 산18-15,12,충청북도,36.9780499884,128.3398232796,http://tong.visitkorea.or.kr/cms/resource/78/2618378_image2_1.jpg,,,,,,,,,,,
125720,죽도해수욕장,강원특별자치도 양양군 현남면 인구중앙길,12,강원특별자치도,37.9723515608,128.759586149,http://tong.visitkorea.or.kr/cms/resource/07/2738607_image2_1.jpg,,,,,,,,,,,
2676217,유기농카페,강원특별자치도 춘천시 신북읍 지내고탄로 184,39,강원특별자치도,37.9463155031,127.7303525909,http://tong.visitkorea.or.kr/cms/resource/59/2918959_image2_1.jpg,,,,,,,,,,,
2725123,운기석9020(운기석9020협동조합),강원특별자치도 정선군 정선읍 봉양5길 36,12,강원특별자치도,37.3805653471,128.6626824233,,,,,,,,,,,,
3445749,007 양평점,경기도 양평군 양평읍 물안개공원길 5-1,39,경기도,37.4982045927,127.4796801789,http://tong.visitkorea.or.kr/cms/resource/54/3445454_image2_1.jpg,,,,,,,,,,,
126499,용산가족공원,서울특별시 용산구 서빙고로 185 (용산동6가),12,서울특별시,37.5200458446,126.9832663463,http://tong.visitkorea.or.kr/cms/resource/49/3507949_image2_1.jpg,,,,,,,,,,,
129585,소돌아들바위공원,강원특별자치도 강릉시 주문진읍 해안로 1976,12,강원특별자치도,37.9058217388,128.8289402834,http://tong.visitkorea.or.kr/cms/resource/23/2607523_image2_1.jpg,,,,,,,,,,,
2836602,카페 앙 그랑,경기도 용인시 처인구 원삼면 원양로124번길 82,39,경기도,37.1761277439,127.3137071701,http://tong.visitkorea.or.kr/cms/resource/94/2836594_image2_1.jpg,,,,,,,,,,,
2388953,애견전용해수욕장 멍비치,강원특별자치도 양양군 현남면 광진리 78-20,12,강원특별자치도,37.9533540227,128.7728272095,http://tong.visitkorea.or.kr/cms/resource/79/2603579_image2_1.jpg,,,,,,,,,,,
3429965,경화역공원,경상남도 창원시 진해구 진해대로 649 (경화동) 경화동,12,경상남도,35.1590351047,128.6866547133,http://tong.visitkorea.or.kr/cms/resource/04/3432804_image2_1.JPG,,055-548-4000,,,,,,,,,
769761,다대포 꿈의 낙조분수,부산광역시 사하구 몰운대1길 14 (다대동),12,부산광역시,35.0463945293,128.9680471374,http://tong.visitkorea.or.kr/cms/resource/08/3506208_image2_1.jpg,,,,,,,,,,,
2782917,글라스하우스,강원특별자치도 고성군 토성면 천진해변길 43,39,강원특별자치도,38.2606724874,128.5598869325,http://tong.visitkorea.or.kr/cms/resource/71/2793071_image2_1.jpg,,,,,,,,,,,
2665662,사니다카페,강원특별자치도 원주시 호저면 칠봉로 109-127,39,강원특별자치도,37.4066870985,127.9145018054,http://tong.visitkorea.or.kr/cms/resource/15/2665615_image2_1.jpg,,,,,,,,,,,
125801,파로호(화천),강원특별자치도 화천군 간동면 배터길 36-8 (간동면),12,강원특별자치도,38.0993652277,127.7779270055,http://tong.visitkorea.or.kr/cms/resource/25/2711025_image2_1.jpg,,,,,,,,,,,
129000,추암 촛대바위,강원특별자치도 동해시 추암동 산 69,12,강원특별자치도,37.4794524764,129.1602292408,http://tong.visitkorea.or.kr/cms/resource/83/2921483_image2_1.jpg,,,,,,,,,,,
129176,묵호등대,강원특별자치도 동해시 해맞이길 300 (묵호진동),12,강원특별자치도,37.5538569666,129.1181334954,http://tong.visitkorea.or.kr/cms/resource/84/2741884_image2_1.jpg,,,,,,,,,,,
2606189,장수누리파크,전북특별자치도 장수군 장수읍 논개사당길 65,12,전북특별자치도,35.6411155055,127.5232663533,http://tong.visitkorea.or.kr/cms/resource/75/2608475_image2_1.jpg,,,,,,,,,,,
2661736,행주산성 역사공원,경기도 고양시 덕양구 행주외동 140-8,12,경기도,37.5982699389,126.8197596027,http://tong.visitkorea.or.kr/cms/resource/20/2603220_image2_1.jpg,,,,,,,,,,,
2718832,임실치즈테마파크,전북특별자치도 임실군 성수면 도인2길 50,12,전북특별자치도,35.6331736386,127.30126679,http://tong.visitkorea.or.kr/cms/resource/80/3080980_image2_1.jpg,,,,,,,,,,,
2702522,[해파랑길] 45코스,강원특별자치도 속초시 동해대로 3664 (대포동),28,강원특별자치도,38.1632070033,128.6085577775,http://tong.visitkorea.or.kr/cms/resource/12/3374112_image2_1.JPG,,,,,,,,,,,
2605528,경암동 철길마을,전북특별자치도 군산시 경촌4길 14 (경암동),12,전북특별자치도,35.9813520474,126.7362330582,http://tong.visitkorea.or.kr/cms/resource/50/3080250_image2_1.JPG,,,,,,,,,,,
2702507,[해파랑길] 44코스,강원특별자치도 양양군 손양면 수산리,28,강원특별자치도,38.0800568005,128.6723268085,http://tong.visitkorea.or.kr/cms/resource/67/2739267_image2_1.jpg,,,,,,,,,,,
2606296,청풍호반케이블카,충청북도 제천시 청풍면 문화재길 166 (청풍면),12,충청북도,37.0013135287,128.1668019964,http://tong.visitkorea.or.kr/cms/resource/46/3356546_image2_1.jpg,,,,,,,,,,,
2781335,월미문화의거리 & 달빛음악분수,인천광역시 중구 월미로 252 (북성동1가),12,인천광역시,37.4738860361,126.5983832839,http://tong.visitkorea.or.kr/cms/resource/69/2786469_image2_1.jpg,,,,,,,,,,,
2767888,달빛축제공원,인천광역시 연수구 송도동 1 (송도동),12,인천광역시,37.3953434658,126.6597659732,http://tong.visitkorea.or.kr/cms/resource/78/2781378_image2_1.jpg,,,,,,,,,,,
126747,남산골한옥마을,서울특별시 중구 퇴계로34길 28 (필동2가),12,서울특별시,37.5597775194,126.9932865315,http://tong.visitkorea.or.kr/cms/resource/94/2932494_image2_1.bmp,,,,,,,,,,,
126375,진도 운림산방,전라남도 진도군 의신면 운림산방로 315,12,전라남도,34.4664497128,126.3083751489,http://tong.visitkorea.or.kr/cms/resource/39/2654839_image2_1.jpg,,,,,,,,,,,
2774723,니지모리 스튜디오,경기도 동두천시 천보산로 567-12 (탑동동),12,경기도,37.8796198573,127.092404444,,,,,,,,,,,,
126644,간현관광지,강원특별자치도 원주시 소금산길 12,12,강원특별자치도,37.3646293574,127.8340575195,http://tong.visitkorea.or.kr/cms/resource/72/3388672_image2_1.JPG,,,,,,,,,,,
1936389,정선레일바이크,강원특별자치도 정선군 여량면 노추산로 745,28,강원특별자치도,37.5163898119,128.7273475088,http://tong.visitkorea.or.kr/cms/resource/19/2731319_image2_1.jpg,,,,,,,,,,,
560996,옹진 백령도 두무진,인천광역시 옹진군 백령면 연화리 1026-9,12,인천광역시,37.9742662146,124.6194550562,http://tong.visitkorea.or.kr/cms/resource/07/2918007_image2_1.JPG,,,,,,,,,,,
228863,김포 대명항,경기도 김포시 대명항1로 109,12,경기도,37.6394407719,126.5417171922,http://tong.visitkorea.or.kr/cms/resource/34/3501734_image2_1.jpg,,,,,,,,,,,
2661427,여강길,경기도 여주시 교동로 80 (교동),28,경기도,37.2825406263,127.6291450703,http://tong.visitkorea.or.kr/cms/resource/21/2661421_image2_1.jpg,,,,,,,,,,,
2711047,봉정연꽃마을,강원특별자치도 동해시 봉정1길 19-7,12,강원특별자치도,37.4731441701,129.1244743033,http://tong.visitkorea.or.kr/cms/resource/74/2741974_image2_1.jpg,,,,,,,,,,,
1972030,상유재,강원특별자치도 정선군 정선읍 봉양3길 22-8,32,강원특별자치도,37.3794293286,128.6606826368,http://tong.visitkorea.or.kr/cms/resource/22/2629122_image2_1.jpg,,010-5377-1162,,,,,,,,,
2792135,양주캠핑(구 양주그린캠프),경기도 양주시 칠봉산로168번길 290 (회암동),28,경기도,37.8469681178,127.0929636696,http://tong.visitkorea.or.kr/cms/resource/68/2797368_image2_1.jpg,,,,,,,,,,,
2603467,헤세의 정원,경기도 양주시 장흥면 호국로550번길 111,39,경기도,37.7186920971,126.978194502,http://tong.visitkorea.or.kr/cms/resource/68/2603468_image2_1.jpg,,031-877-5113,,,,,,,,,
742972,아차산 어울림정원,서울특별시 광진구 워커힐로 127,12,서울특별시,37.5519609256,127.1012880282,http://tong.visitkorea.or.kr/cms/resource/35/3499235_image2_1.jpg,,,,,,,,,,,
127542,보문산 행복 숲 둘레길,대전광역시 중구 대사동 192-7,12,대전광역시,36.3093154326,127.4222602576,http://tong.visitkorea.or.kr/cms/resource/87/3062387_image2_1.JPG,,042-606-6114,,,,,,,,,
127547,만성리 검은모래해변,전라남도 여수시 만성리길 15-1,12,전라남도,34.7771528453,127.7447914615,http://tong.visitkorea.or.kr/cms/resource/64/3306364_image2_1.jpg,,,,,,,,,,,
2854437,답다니수국밭,제주특별자치도 서귀포시 월평로50번길 17-30 (월평동),12,제주특별자치도,33.2438882462,126.4642673842,http://tong.visitkorea.or.kr/cms/resource/29/2854429_image2_1.jpg,,,,,,,,,,,
2610509,간절곶 소망길,울산광역시 울주군 서생면 나사리,12,울산광역시,35.3546337414,129.3492110511,http://tong.visitkorea.or.kr/cms/resource/56/3077956_image2_1.bmp,,,,,,,,,,,
2836910,송당무끈모루,제주특별자치도 제주시 비자림로 1661-13,12,제주특별자치도,33.4568057445,126.7718858903,http://tong.visitkorea.or.kr/cms/resource/94/2836894_image2_1.JPG,,,,,,,,,,,
127614,월곶포구,경기도 시흥시 월곶동,12,경기도,37.3873430378,126.740264417,,,031-318-4409,,,,,,,,,
2774566,춘천중도 물레길,강원특별자치도 춘천시 스포츠타운길223번길 95 (삼천동),28,강원특별자치도,37.8708957492,127.6899723978,http://tong.visitkorea.or.kr/cms/resource/57/3494057_image2_1.jpg,,,,,,,,,,,
126894,김삿갓 계곡,강원특별자치도 영월군 김삿갓면 와석리,12,강원특별자치도,37.1205109135,128.6085978126,http://tong.visitkorea.or.kr/cms/resource/45/3493245_image2_1.jpg,,,,,,,,,,,
2557807,송도 구름산책로,부산광역시 서구 암남동 129-4,28,부산광역시,35.0753645109,129.0224999494,http://tong.visitkorea.or.kr/cms/resource/65/2687365_image2_1.jpg,,,,,,,,,,,
1932003,외옹치해변,강원특별자치도 속초시 해오름로 83 (대포동),12,강원특별자치도,38.182204775,128.6076711543,http://tong.visitkorea.or.kr/cms/resource/66/3492866_image2_1.jpg,,,,,,,,,,,
127925,광안리해변 테마거리,부산광역시 수영구 민락동 (민락동),12,부산광역시,35.1551657503,129.1221363273,http://tong.visitkorea.or.kr/cms/resource/42/3071042_image2_1.JPG,,,,,,,,,,,
1946955,세종호수공원,세종특별자치시 다솜로 216 (세종동),12,세종특별자치시,36.4989993515,127.2701992755,http://tong.visitkorea.or.kr/cms/resource/76/3353976_image2_1.jpg,,,,,,,,,,,
2668426,학림재,세종특별자치시 장군면 태산길 75-3,32,세종특별자치시,36.5510558482,127.1899356188,,,,,,,,,,,,
2661698,한탄강 주상절리길(포천),경기도 포천시 영북면,28,경기도,38.0798348747,127.2169316606,http://tong.visitkorea.or.kr/cms/resource/14/2656114_image2_1.jpg,,,,,,,,,,,
127372,성남 중앙공원,경기도 성남시 분당구 성남대로 550 (수내동),12,경기도,37.3803506411,127.1211938588,http://tong.visitkorea.or.kr/cms/resource/47/3037647_image2_1.jpg,,,,,,,,,,,
1918646,거슨새미오름,제주특별자치도 제주시 구좌읍 송당리 산145,12,제주특별자치도,33.4521283086,126.7610119406,http://tong.visitkorea.or.kr/cms/resource/04/3477804_image2_1.jpg,,,,,,,,,,,
2586384,레스케이프 호텔(L’Escape Hotel),서울특별시 중구 퇴계로 67,32,서울특별시,37.5597189467,126.9795572285,http://tong.visitkorea.or.kr/cms/resource/20/2821120_image2_1.jpg,,02-317-4000,,,,,,,,,
2673663,상하농원,전북특별자치도 고창군 상하면 상하농원길 11-23,12,전북특별자치도,35.4477857379,126.4504387799,http://tong.visitkorea.or.kr/cms/resource/33/3083133_image2_1.jpg,,,,,,,,,,,
125858,유성온천지구,대전광역시 유성구 봉명동 574 일대,12,대전광역시,36.355344905,127.3448131576,http://tong.visitkorea.or.kr/cms/resource/42/3035142_image2_1.JPG,"유성온천지구는 대전 원도심에서 서쪽으로 약 11km가량 떨어진 유성구의 중심을 이루고 있는 대단위 온천관광타운이다. 우리나라 116개의 온천지구 가운데 가장 오래된 역사와 부존량, 사용량에서 전국 최대 규모를 자랑하고 있다. 유성의 온천수는 50~400m로 구성된 화강암 단층 파쇄대에서 생성된 물로 지하 200m 이하에서 분출되는 27~56℃ 정도의 고온 열천이다. 온천수에는 약 60여 종의 각종 성분이 함유되어 있으며, 산성도(pH) 7.5∼8.5의 약알카리성 단순천이다. 특히 실리카 (SiO2) 성분의 함량이 40mg/L이상이어서 실리카온천으로 명성을 떨치고 있다.",,"<a href=""https://www.yuseong.go.kr/tour/sub01_01_01.do"" target=""_blank"" title=""새창 : 유성구 문화관광 홈페이지로 이동"">https://www.yuseong.go.kr/tour</a>",일부구역 동반가능,전 견종 동반 가능,목줄 착용,"- 족욕장 등 일부 시설은 동반 불가
- 맹견의 경우, 입마개 착용 필수
- 배변봉투 지참 및 배변처리 필수",,07:00~22:00,연중무휴,불가능
3034396,진산리어촌계,충청남도 태안군 남면 진산2길 187-33,12,충청남도,36.6999921258,126.2669648637,http://tong.visitkorea.or.kr/cms/resource/91/3034391_image2_1.jpg,"태안에는 갯벌을 체험할 수 있는 곳이 많은데, 그중 진산리어촌계는 맛조개가 잘 잡히는 유료 어장이다. 진산리어촌계 갯벌체험장은 진산리어촌계와 행복마트 두 군데로 나뉜다. 입구가 각각 나뉘지만 같은 갯벌체험장이다. 
체험전에는 물때 시간만 잘 확인하고 간편 복장으로 방문하면 필요한 장비들은 모두 대여가 가능하다. 주민분들이 맛조개 잡는 방법을 설명해 주시기도 하고, 간단한 팁을 알려 주신다. 발이 빠지는 갯벌이 아니라 아이들도 부담 없이 멀리까지 걸어 나가서 체험할 수 있고, 조개 외에도 다양한 종류의 이름 모를 물고기, 고동, 소라게 등 해양생물들을 볼 수 있는 소중한 경험을 할 수 있다. 
입구 쪽에 간단히 발과 장화를 씻을 수 있는 공간도 마련되어 있어 편리하다. 또 해가 지는 시간이라면 이곳에서 일몰 또한 놓쳐서는 안 될 코스이다. 노을 지는 아름다운 풍경을 보며 힐링하고, 멋진 추억을 만들 수 있다.",,"충남 문화관광 <a href=""https://tour.chungnam.go.kr/prog/trsrcn/kor/sub02_01_01/view.do?trsrcnNo=1186""target=""_blank"" title=""새창 : 충남 문화관광 홈페이지 이동"">https://tour.chungnam.go.kr/</a>",일부구역 동반가능,전 견종 동반 가능,목줄 착용,"- 맹견의 경우, 입마개 착용 필수
- 배변봉투 지참 및 배변처리 필수",,※ 물때 확인 후 이용 가능함,※ 전화 문의,가능<br>요금(무료)
1690044,충주 추평리 삼층석탑,충청북도 충주시 엄정면 추평리 576-6,12,충청북도,37.1257529896,127.9215232144,http://tong.visitkorea.or.kr/cms/resource/01/3063501_image2_1.JPG,"충주 추평리 삼층석탑은 추평리 탑평 마을에 있으며 탑 주변의 경작지와 인근 민가 일대까지 주초석과 많은 기와가 나오고 있다. 또한 추평리 사지의 암자로 추정되는 뒤쪽 8부 능선상에도 많은 기와가 확인되고 있다. 절 이름은 밝혀진 바 없으나 근처에서 발견되는 유물들을 통해 고려 전기인 11세기경 축조된 탑으로 추정된다. 이 주변은 조선왕조실록에 기록된 엄정사일 가능성이 크며, 절터는 3층 석탑이 있는 주변과 인근 민가 일대까지 포함되는 약 3,000평 규모로 추정된다. 
삼층석탑은 가종 문화재 자료에 단층 기단의 삼층 석탑으로 기재되어 있으나 지금은 기단 갑석 아랫부분이 시멘트로 고정되어 있어 확인할 수 없으며 남아있는 탑신의 비례도 균형을 잃고 있어 일부 층의 탑신이 유실된 것으로 생각된다. 2매의 판석으로 조성된 기단 갑석 위에 초층 탑신이 놓였는데 이점은 각 층이 같다. 탑신의 양쪽에 우주가 모각되었다. 낙수면은 급하며 옥개에는 전각의 반전이 있으며 탑신 괴임은 생략되었다. 옥개의 양쪽 끝에는 풍경원공의 흔적이 또렷하고 층급받침은 모두 4단이다. 상륜부에는 복발로 보이는 부재가 남아있다. 탑은 단층 기단 위에 5층의 탑신을 갖춘 일반형의 석탑으로 추정되나 현재는 3층까지 남아있다. 탑 주변에서 토기 편 외에 수막새 기와, 백자발 등 다량의 유물이 확인되고 있다.",,"충주시 문화관광 <a href=""https://www.chungju.go.kr/tour/selectBbsNttView.do?key=1386&bbsNo=180&nttNo=198749"" target=""_blank"" title=""새창 : 충주시 문화관광 홈페이지로 이동"">https://www.chungju.go.kr</a><br>국가유산청 <a href=""https://www.heritage.go.kr/heri/cul/culSelectDetail.do?ccbaKdcd=21&ccbaAsno=02250000&ccbaCtcd=33&pageNo=1_1_1_0"" target=""_blank"" title=""새창 : 국가유산청 홈페이지로 이동"">https://www.heritage.go.kr/</a>",전구역 동반가능,전 견종 동반 가능,목줄 착용,"- 맹견의 경우, 입마개 착용 필수
- 배변봉투 지참 및 배변처리 필수",,상시 개방,연중무휴,
2661431,벌영리 메타세콰이어길,경상북도 영덕군 영해면 벌영리 산 54-1,12,경상북도,36.53034604,129.3841296935,http://tong.visitkorea.or.kr/cms/resource/07/3048107_image2_1.JPG,"벌영리 메타세콰이어길은 20만 평 규모의 사유지에 조성된 메타세콰이어 숲에 난 산책로이다. 영덕 출신의 한 개인이 20여 년 전부터 메타세쿼이아, 측백나무와 편백을 심어 일반인에게 무료로 개방하고 있다. 주차장을 지나 메타세콰이어숲으로 들어서면 가운데로 산책길이 잘 조성되어 있고, 이 숲길은 편도 약 420m로 양쪽으로 20M가 넘는 거대한 나무가 하늘을 향해 곧게 뻗어 있어 시원한 풍경뿐 아니라 상쾌한 공기도 느낄 수 있다. 길을 따라 이어지는 철계단 위로는 진달래 전망대가 있어 동해를 조망할 수 있다. 전망대에서 내려와 오른쪽으로 들어서면 일반 나무의 10배가 넘는 피톤치드를 내뿜는다는 편백 숲이 이어진다. 숲길을 오가는 곳곳에는 잠시 쉬며 피크닉을 즐길 수 있는 탁자와 의자들이 놓여 있어 새소리, 바람 소리 들으며 잠시 앉아 숲을 오감으로 즐기며 휴식을 취할 수 있는 웰니스 여행코스이다.",,"<a href=""https://tour.gb.go.kr/travel/natureView.do?idx=6026""target=""_blank"" title=""새창: 경북나드리 홈페이지로 이동"">https://tour.gb.go.kr/travel</a>",전구역 동반가능,전 견종 동반 가능,목줄 착용,"- 맹견의 경우, 입마개 착용 필수
- 배변봉투 지참 및 배변처리 필수",,상시 개방,연중무휴,가능
126943,북악스카이 팔각정,서울특별시 종로구 북악산로 267 (평창동),12,서울특별시,37.6020279351,126.9805642714,http://tong.visitkorea.or.kr/cms/resource/33/2667333_image2_1.jpg,"북악스카이 팔각정은 해발 342m 북악산 위에 한국 전통미를 살린 한옥형 정자로서 천혜의 입지조건을 갖춘 서울 도심 속의 관광 명소이다. 1968년 9월에 개통된 북악스카이웨이는 북악팔각정으로 오르는 드라이브 코스로 잘 알려진 명소로 서울의 주산인 북악산의 능선을 따라 동북으로 뻗친 관광도로의 길이가 약 19㎞에 이른다. 
북악팔각정에서는 북한산 비봉과 문수봉이 이어지는 산세가 장관을 이루고, 다른 한쪽은 남산을 바라보고 앉은 서울시의 아름다운 경관이 보인다. 전 구간에 걸쳐 잘 가꾸어진 가로수와 약 10만 그루의 관상수들이 철 따라 꽃을 피워내며 남산의 순환도로와 함께 서울을 한눈에 내려다보는 진경을 만끽할 수 있다. 길의 중간쯤 능선길 정상에 잠시 길을 멈추고 서울의 진경을 다시 한번 재확인하며 휴식을 취할 수 있는 휴식 공간도 마련되어 있다. 먼 곳에서 서울을 찾는 내·외국인 방문객들에게 서울을 한눈에 보여주는 관광코스로 한몫하고 있다.",,"<a href=""https://korean.visitseoul.net/attractions/%EB%B6%81%EC%95%85%EC%8A%A4%EC%B9%B4%EC%9D%B4%EC%9B%A8%EC%9D%B4-%ED%8C%94%EA%B0%81%EC%A0%95/KOP011117"" target=""_blank"" title=""새창 : 비짓서울로 이동"">https://korean.visitseoul.net</a>",일부구역 동반가능,전 견종 동반 가능,목줄 착용,"- 맹견의 경우, 입마개 착용 필수
- 배변봉투 지참 및 배변처리 필수",,상시 개방,연중무휴,가능
572960,용눈이오름,제주특별자치도 제주시 구좌읍 종달논길,12,제주특별자치도,33.4588064928,126.8320556271,http://tong.visitkorea.or.kr/cms/resource/30/3011830_image2_1.jpg,"구좌읍에 위치한 용눈이 오름은 360여개의 오름들 중 유일하게 분화구가 3개이다. 봄, 여름에는 잔디가 가을, 겨울에는 억새가 덮이며 계절마다 옷을 갈아입는다. 인체의 곡선처럼 부드러운 능선이 유독 아름다워 많은 사진 작가들이 찾는다. 한 가운데가 움푹 패어있어 용이 누웠던 자리 같다는 뜻을 담아 용와악(龍臥岳), 용이 놀았던 자리라는 뜻은 담아 용유악(龍遊岳), 용의 얼굴같다 하여 용안악(龍眼岳) 등으로 표기되었는데, 실제로 위에서 내려다보면 화구의 모습이 용의 눈 처럼 보이기도 한다. 용눈이오름은 다른 오름과 달리 세 개의 능선으로 이어져 전체적으로 부드럽다는 인상이 강하다. 경사도가 완만해서 남녀노소 누구나 걷기에 편하다. 억새가 피는 가을에는 스몰 웨딩 사진 촬영지로도 유명하다. 위치 상 동쪽 끝에 있어서 좋은 날씨에는 멀리 성산일출봉과 우도까지 전망이 가능하며 주변의 다랑쉬오름과 지미봉도 볼 수 있다. 세 개의 분화구를 중심에 두고 오름 한바퀴 산책을 하는데 걸리는 시간도 1시간 내외로 주변 풍경을 즐기기에 최적의 조건이다. 인근에는 손지오름, 다랑쉬오름, 은다리오름 등 수많은 오름이 즐비하다.",,"<a href=""https://www.visitjeju.net/kr/detail/view?contentsid=CONT_000000000500466"" target=""_blank"" title=""새창 : 제주 문화관광 사이트로 이동"">http://www.visitjeju.net/</a>",전구역 동반가능,전 견종 동반 가능,목줄 착용,"- 맹견의 경우, 입마개 착용 필수
- 배변봉투 지참 및 배변처리 필수",,상시 개방,연중무휴,가능
3065136,월정투명카약,제주특별자치도 제주시 구좌읍 월정리 1400-33,28,제주특별자치도,33.5638079082,126.7787661696,http://tong.visitkorea.or.kr/cms/resource/98/3065098_image2_1.jpg,"제주 밭담 테마공원 앞에 있는 월정리 투명카약은 카약 체험장이다. 제주의 아름다운 바다에서 가족, 연인과 함께 카약을 즐기며 추억을 남길 수 있는 이색 체험시설로, 투명한 바닥의 카약을 타고 아름답고 맑은 바다를 감상할 수 있다. 깊지 않은 수심과 바위에 둘러싸인 구조에서 카약을 타기 때문에 파도의 위험이 적고 에메랄드 빛 바다 위에서 경이롭고 신비한 경험을 할 수 있다. 구명조끼 등 안전 장비를 구비하여 카약을 타며, 수심이 깊지 않은 곳에서 카약을 체험하기 때문에 남녀노소 누구나 즐길 수 있다.",,"<a href=""https://www.instagram.com/woljeong_kayak""target=""_blank"" title=""새창: 월정투명카약 홈페이지로 이동"">https://www.instagram.com/woljeong_kayak</a>",,,목줄 착용,대형견 가능 (25kg이상),없음,,,
3487550,삼성 반려견 놀이터,충청북도 음성군 삼성면 양덕리 493,12,충청북도,37.0249788699,127.4866180357,,"음성군 삼성면에 위치한 반려견 놀이터로, 반려견이 목줄 없이 뛰어놀 수 있는 운동장 및 시설이 마련되어 있다.",,,일부구역 동반가능,전 견종 동반가능(맹견 제외),"입마개 착용,목줄 착용","공격성이 있는 반려견의 경우, 입마개 착용 필수
배변봉투 지참 및 배변처리 필수","그늘막, 의자",상시개방,연중무휴,가능(10대 이상)
3487535,원남 반려견 놀이터,충청북도 음성군 원남면 조촌리,12,충청북도,36.8714682206,127.6096196145,,"음성군 원남면에 위치하며, 반려견이 목줄없이 뛰어놀 수 있는 반려견 놀이터",,,일부구역 동반가능,전 견종 동반가능(맹견 제외),"입마개 착용,목줄 착용","공격성 있는 반려견의 경우, 입마개 착용 필수
배변봉투 지참 및 배변처리 필수","그늘막, 의자",상시개방,연중무휴,가능(10대 이상)
3487521,보강천 반려견 놀이터,충청북도 증평군 증평읍 연탄리 225-2,12,충청북도,36.7852191258,127.5722198359,,증평군 증평읍 보강천체육공원 내 위치한 반려견 놀이터,,,전구역 동반가능,전 견종 동반가능(맹견 제외),목줄 착용,배변봉투 지참 및 배번처리 필수,안전문,상시개방,연중무휴,가능
3487508,옥천군 반려동물 놀이터,충청북도 옥천군 이원면 장찬리 86-3,12,충청북도,36.2497753657,127.5980184068,,"옥천군 반려동물놀이터는 옥천군 이원면이 위치하여 반려견을 위한 운동장, 음수대 등 다양한 시설을 갖춘 대형 종합 놀이시설로, 운동장은 중·소형견과 대형견 공간을 분리해 안전하게 이용할 수 있다.",,,전구역 동반가능,전 견종 동반가능(맹견 입마개 착용 시 입장 가능),"입마개 착용,목줄 착용","[입장불가 사항]
동물등록을 하지 않은 반려견
반려견 또는 보호자(13세 이상) 단독 입장불가(동반입장)
질병이 있는 반려견
사납거나 발정이 있는 반려견
[기타사항]
배변봉투 지참 및 배변처리 필수
놀이터 내 흡연 및 음식물 반입 금지","반려견 놀이터(대형견, 중소형견),  울타리, 음수대, 화장실","운영기간: 3월~11월<br>
운영시간: 09:00~17:00 (입장 9:30, 퇴장 16:30)","매주 월요일(장마, 우천, 폭염경보 시 안전을 위해 임시휴장)",가능(29대)
3487519,명월이네,충청북도 제천시 청풍면 비봉길 53,12,충청북도,36.9975716048,128.1298609729,,제천시 청풍면 농촌테마공원에 위치한 실외 반려견 놀이터,,www.bibonggil53.com,전구역 동반가능,전 견동 동반가능(맹견 제외),자유이용,실외 반려견 놀이터 중소형견/대형견 구분,"반려견 실외 놀이터, 수영장, 포토존, 마트, 레트로 오락실 등",10:00~19:00,매주 월요일,가능(20대 이상)
3022891,어울놀이패밀리카페 식사점,경기도 고양시 일산동구 동국로 148 (식사동),39,경기도,37.6843707647,126.8049501926,http://tong.visitkorea.or.kr/cms/resource/73/3022873_image2_1.jpg,"어울놀이 패밀리 카페는 대형 패밀리카페로 건물 하나가 카페이며 넓고 층고도 높다. 돈가스, 피자, 파스타, 치킨, 볶음밥 등의 식사류와 떡볶이, 라면, 감자튀김, 가락국수 등의 분식류, 각종 음료와 아이스크림, 어른들을 위한 주류 등 준비된 먹거리가 많은 곳이다. 식사 시 이용 시간이 1시간 연장된다. 여름에는 바비큐장도 이용할 수 있어 아이들에게 색다른 즐거움을 줄 것이다. 다양한 주제별로 공간이 구분되어 아이들이 지루하지 않게 놀 수 있고 다양한 체험을 하며 안전하게 놀 수 있는 공간이다. 1층 뷰티존은 아름다운 드레스를 직접 입어 볼 수 있고, 트램펄린, 해먹, 간단한 운동 기구, 재미있는 미끄럼틀도 있으며 가장자리에는 어른들이 쉴 수 있는 테이블도 마련되어 있다. 또한 레일을 따라 탈 수 있는 자동차 공간도 있고 파티룸도 있다. 2층에는 작은 공간에 게임기가 놓여 있고, 낚시놀이를 하는 곳, 커다란 트램펄린, 큰 블록, 귀여운 암벽등반, 폭신한 놀이터, 편백 존 등 아이들이 맘껏 놀 수 있다. 아이들과 먹고 놀고 경험할 수 있는 키즈 카페이다.",,,일부구역 동반가능,,,"동반가능 (단, 개목줄 착용, 배설물 처리를 위한 비닐봉지 등을 구비한 이용객에 한하여 허용)",,10:00~22:00,연중무휴,가능
2939800,새만금환경생태단지,전북특별자치도 부안군 불등길 58-85,12,전북특별자치도,35.7405746353,126.6136474148,http://tong.visitkorea.or.kr/cms/resource/45/3074045_image2_1.jpg,"새만금환경생태단지는 새만금 지역의 생태복원과 수질개선, 야생생물의 서식공간 제공, 생태환경 체험·교육 등 다양한 환경기능을 수행하기 위하여 0.8㎢(24만평) 규모로 조성되었다. 2022년 6월 5일 개장한 환경생태단지는 핵심보전지구인 생태습지와 함께 랜드마크인 달팽이언덕, 아이들을 위한 생태놀이터가 마련되어 있는 인간과 자연의 상생 공간으로 무료 관람이 가능하다. 새만금환경생태단지 방문자센터는 탐방객을 위한 해설프로그램 및 편의 제공을 목적으로 만들어졌으며, 전시실·수유실·휴게실·게임존 등 각종 시설이 잘 갖춰져 있다. 이곳에서 자전거·휠체어·유모차를 무료 대여할 수 있고, 스탬프 투어 완료 시 기념품을 제공(1인 1회)하며, 연령별 차별화된 해설프로그램을 통해 자연 생태계의 가치와 탄소중립 등 환경보전의 중요성을 배울 수 있다. 해설프로그램은 새만금환경생태단지 공식 홈페이지에서 예약을 통해 무료 신청이 가능하다.",,"<a href=""https://www.eariul.go.kr/smgeco"" target=""_blank"" title=""새창 : 홈페이지로 이동"">https://www.eariul.go.kr/smgeco</a>",,안내견만 가,,,,10:00~17:00 (입장마감 16:00),"매주 월요일 / 1월 1일 / 설·추석 전날과 당일<br>(단, 월요일이 공휴일인 경우 첫 번째 평일휴관)",가능
2553908,서울새활용플라자,서울특별시 성동구 자동차시장길 49 (용답동),12,서울특별시,37.5587371344,127.0578667897,http://tong.visitkorea.or.kr/cms/resource/08/3486408_image2_1.png,"2017년 9월 개관한 서울새활용플라자는 새활용에 대한 모든 것을 보고, 배우고, 경험할 수 있는 세계 최대 규모의 새활용 복합문화공간이다. ‘새활용’이란 버려지는 자원에 디자인을 더하거나 활용방법을 바꿔 새로운 가치를 만들어내는 업사이클링(Up-cycling)의 우리말이다.
서울새활용플라자는 버려지는 자원들을 더 새롭게 활용하여 디자인, 제조, 유통하는 동시에, 시민들에게 새로운 삶으로 제안하는 다양한 활동을 펼치고 있다. 새활용 관련 전시와 새활용 실천 교육 및 체험프로그램, 디자인 스튜디오, 업사이클링 편집매장, 공방 등을 운영한다. 재활용과 재사용, 줄이기와 함께하는 제로웨이스트(ZeroWaste) 전진기지인 서울새활용플라자에서 다양한 체험을 경험할 수 있다. 또한 새활용에 대한 인식을 넓힐 수 있도록 하며, 물건을 가치 있게 오래 사용하는 방법을 제시한다.",,"<a href=""http://www.seoulup.or.kr/"" target=""_blank"" title=""새창 : 서울새활용플라자 공식 홈페이지로 이동"">http://www.seoulup.or.kr/</a>",전구역 동반가능,전 견종 동반 가능,목줄 착용,"- 맹견의 경우, 입마개 착용 필수
- 배변봉투 지참 및 배변처리 필수",,"10:00~18:00<br>
※ 토요일의 경우, 소재은행은 새활용 탐방, 공간 및 장비사용 신청 사전 예약자에 한하여 방문 가능",매주 일요일,가능
1019041,와룡공원,서울특별시 종로구 와룡공원길 192,12,서울특별시,37.5912265856,126.9901581479,http://tong.visitkorea.or.kr/cms/resource/93/1395493_image2_1.jpg,"와룡공원은 삼청근린공원, 창경근린공원, 북악산 도시자연공원이 연접해 있다. 토심이 얕아 수목생육이 어렵고, 아카시나무 등으로 산림이 조성되었으나 주민들이 생명의 나무 천만 그루 심기 행사에 스스로 참여하여 수목을 심고 가꾸어 푸르름과 계절별 아름다운 꽃이 피는 공원으로 변모하고 있다. 특히, 봄에는 산수유, 매화, 진달래, 개나리 등이 피어나 가족단위의 나들이 코스로 좋다.",,"<a href=""https://parks.seoul.go.kr/parks/detailView.do?pIdx=94&tabTarget=1/"" target=""_blank"" title=""새창 : 서울의 공원으로 이동"">https://parks.seoul.go.kr</a>",전구역 동반가능,전 견종 동반 가능,목줄 착용,"- 맹견의 경우, 입마개 착용 필수
- 배변봉투 지참 및 배변처리 필수",,상시 개방,연중무휴,불가능
2607214,네이처월드,충청남도 태안군 남면 마검포길 200,12,충청남도,36.6164717773,126.3009584253,http://tong.visitkorea.or.kr/cms/resource/46/3422246_image2_1.jpg,"충청남도 태안군에 위치한 네이처월드는 자연과 생태를 체험할 수 있는 특별한 공간이다. 네이처월드는 자연 보호의 중요성을 알리고, 지속 가능한 생태 환경을 조성하기 위한 노력을 기울이고 있다. 다양한 식물들이 어우러져 있어 방문객들에게 생태 교육의 기회를 제공하고, 방문객들은 이곳에서 자연의 소중함을 느끼며 특별한 추억을 만들어 갈 수 있다. 특히, 아이들과 함께하는 가족 단위 방문객들에게 적합한 장소로, 자연을 가까이에서 느낄 수 있는 환경이 마련되어 있다. 또한, 아름다운 경관 속에서 산책을 즐기거나 사진 촬영을 하기에 좋은 장소이다. 늦은 밤에는 자연을 둘러싼 불빛이 어둠 속에서 형형색색 밝게 빛나며, 색다른 볼거리를 선사한다.",,"<a href=""http://www.ffestival.co.kr/main"" target=""_blank"" title=""새창: 네이처월드 홈페이지로 이동"">http://www.ffestival.co.kr/main</a>",일부구역 동반가능,전 견종 동반 가능,목줄 착용,"- 맹견의 경우, 입마개 착용 필수
- 배변봉투 지참 및 배변처리 필수",,19:00~21:30<br>※ 월별 이용시간이 상이하므로 자세한 사항은 홈페이지 참조,"연중 무휴 (단, 우천 또는 천재지변 있을 시 휴무)",가능 (약 소형 729대 / 대형 85대)
129605,선녀바위,인천광역시 중구 용유로380번길 21,12,인천광역시,37.4396528391,126.3789681524,http://tong.visitkorea.or.kr/cms/resource/25/3044425_image2_1.jpg,"을왕리 해수욕장으로 가는 길목에는 갖가지 기암괴석들이 많다. 그중에서도 바다 위로 빼곡하게 솟아오른 곳에 선녀가 무지개를 타고 내려와 놀았다고 해서 이름 붙여진 선녀바위가 있다. 뾰족한 바위가 바다의 풍광과 잘 어우러지고 바위로 잔잔하게 부서지는 파도가 일품이다. 선녀바위에는 전설이 하나 있다. 영종진의 수군들을 통솔하던 호군에게 첩실이 있었는데 둘의 사랑이 깨지자, 첩실은 영종진의 태평암이라는 바위 위에서 바다로 몸을 던진다. 이 여인의 시신을 수습해 주는 사람이 없어 용유도 포구에 표류하게 되고, 호군은 뒤늦게 후회하며 여인의 시신을 묻어주었다고 한다. 그 후 여인이 몸을 던졌던 태평암을 선녀바위라 불렀고, 밤하늘이 맑은 날에 선녀들이 무지개를 타고 내려와 노는 장소가 되었다고 한다. 바위의 형상이 기도하는 여인과 비슷하여 바위 앞에서 소원을 빌면 이루어진다는 이야기도 전해지고 있다.",,"<a href=""https://www.icjg.go.kr/tour/cttu0107a03#section2"" target=""_blank"" title=""새창: 인천 중구 홈페이지로 이동"">https://www.icjg.go.kr/tour</a>",전구역 동반가능,전 견종 동반 가능,목줄 착용,"- 맹견의 경우, 입마개 착용 필수
- 배변봉투 지참 및 배변처리 필수",,상시 개방,연중무휴,불가능
647272,용소폭포(연하계곡),강원특별자치도 영월군 영월읍 연하리 1071,12,강원특별자치도,37.1898493765,128.5672244618,http://tong.visitkorea.or.kr/cms/resource/58/3039658_image2_1.jpg,"용소폭포는 영월읍 연하리에 있는 폭포이다. 연하계곡에는 여러 개의 작은 폭포가 있는데, 그중 대표적인 것이 용소폭포로 약 6m 높이의 절벽에서 물이 쏟아지고 있으며, 폭포수 밑에 낙수로 인해 파여진 소가 용소이다. 옛날 이 소에 큰 용이 살았는데 어느 천둥이 요란하고 비바람이 치던 날 이 소에서 큰 용이 솟아 나와 폭포수를 타고 승천하였다고 하여 용소폭포라 부르게 되었다는 전설이 있다. 시원하게 쏟아지는 물줄기와 함께 주위에는 기암괴석 사이로 맑은 계곡물이 흐르고, 주변 단풍이 아름답게 어우러져 등산객들이 사진을 많이 찍는 포토존으로 유명하다. 또한 수목이 울창하여 피서지로 많은 사람들이 찾고 있다.
주변 관광지로는 유서 깊은 산책로 청령포가 있으며 이 밖에도 선암마을 한반도 지형, 유네스코 문화유산으로 지정된 단종의 묘인 장릉, 별마로 천문대 등이 있다.",,"영월군 문화관광 <a href=""https://www.yw.go.kr/tour/selectTourCntntsWebView.do?pageUnit=9&pageIndex=1&searchCnd=all&key=562&ctgry=8&tourNo=6"" target=""_blank"" title=""새창 : 홈페이지로 이동"">http://www.grandculture.net</a>",전구역 동반가능,전 견종 동반 가능,목줄 착용,"- 맹견의 경우, 입마개 착용 필수
- 배변봉투 지참 및 배변처리 필수",,,연중무휴,가능
2003909,롯데월드타워&롯데월드몰,서울특별시 송파구 올림픽로 300 (신천동),12,서울특별시,37.5141653654,127.1040749597,http://tong.visitkorea.or.kr/cms/resource/94/2938994_image2_1.bmp,"한국적 곡선의 미를 지닌 한국 전통의 도자기와 붓의 형상을 모티브로 설계된 롯데월드타워는 총 129층, 555m 높이로 세계 6위의 초고층 빌딩이다. 대지면적은 축구장의 12.2배, 전체 총면적은 축구장의 110배에 달하는 거대한 수직도시이다. 2016년 12월 마침내 준공되었으며, 특급 호텔 시그니엘 서울과, 화려한 서울의 야경을 볼 수 있는 전망대인 서울스카이, 최고급 레지던스와 오피스 공간, 복합기능공간 등으로 구성되어 있다.
롯데월드몰은 국내 최대의 명품 백화점인 에비뉴엘과 국내 시내 면세점 중 최대 면적을 자랑하는 롯데면세점, 롯데 하이마트, 쇼핑몰, 롯데마트 등이 위치해 있는 쇼핑 관광의 명소로, 다양한 국내외 브랜드를 만날 수 있는 공간이다. 쇼핑 공간 외에도 문화·예술공간으로 아시아 최대규모의 멀티플렉스인 롯데시네마 월드타워관, 롯데월드 아쿠아리움, 국내 최초 빈야드 스타일의 롯데 콘서트홀이 있어 쇼핑과 엔터테인먼트를 함께 즐길 수 있는 복합 쇼핑몰이다.",,"<a href=""http://www.lwt.co.kr"" target=""_blank"" title=""새창 : 롯데월드타워&몰 홈페이지로 이동"">http://www.lwt.co.kr</a>",일부구역 동반가능,맹견 및 대형견 제외 동반 가능,"반려동물 유모차 탑승,이동장(켄넬)사용","- 식당, 카페, 일부매장 동반 불가(입장 전 사전 문의 필요)
- 예방 접종이 완료된 반려동물에 한해 동반 가능
- 반려동물을 바닥에 내려놓으면 안됨
- 배변봉투 지참 및 수거 필수",,"매장 별로 상이함<br>
※ 홈페이지 참조",매장 별로 상이함<br>※ 홈페이지 참조,가능
3465128,힐튼 가든 인 서울 강남,서울특별시 서초구 강남대로 253 (서초동),32,서울특별시,37.4859840219,127.0327822456,,"힐튼가든인 서울강남에서는 온화하고 따듯한 분위기와 뛰어난 서비스를 경험하실 수 있습니다. 
바쁜 일상 속 휴식을 위한 도심 속 힐링 공간으로 넓고 세련된 인테리어의 총 208 객실. 강남 유일의 인터내셔널 브랜드 루프탑 야외수영장을 보유하고 있으며, 올데이 다이닝 뷔페 레스토랑과 로비 라운지 & 바, 힐튼가든인만의 24 시간 이용 가능한 리테일 샵 및 피트니스 센터, 성공적인 기업체 미팅 및 소셜 이벤트를 위한 3 개의 미팅룸을 보유하고 있습니다.",,"<a href=""https://www.hilton.com/ko/hotels/selgigi-hilton-garden-inn-seoul-gangnam/"" target=""_blank"" title=""새창: 힐튼가든인서울강남 홈페이지로 이동"">https://www.hilton.com/ko/hotels/selgigi-hilton-garden-inn-seoul-gangnam/</a>",,,기타,장애우 안내견만 이용가능,,15:00,,48대 (장애인 주차구역 2대 포함)
2558052,고목,강원특별자치도 춘천시 남산면 남이섬길 1 남이섬 내 중앙잣나무길 중간,39,강원특별자치도,37.7901159965,127.5261035858,http://tong.visitkorea.or.kr/cms/resource/92/2919892_image2_1.jpg,"가벼운 브런치와 간식을 즐길 수 있는 남이섬 숲속에 위치한 캐주얼 레스토랑이다. 커피나 티를 마시며 가족, 연인과 담소를 나누기 좋은 편안한 공간이다. 사랑하는 반려동물과 함께 레스토랑 내부에서 식사를 즐길 수 있다.",031-580-8053,"남이섬 홈페이지 <a href=""https://www.namisum.com"" target=""_blank"" title=""새창 : 고목 홈페이지로 이동"">https://www.namisum.com/</a>",일부구역 동반가능,,,"실내 공간은 반드시 반려견을 보호자가 품에 안고 입장 및 이동해 주시고, 
고객용 식기 및 아기의자 등은 반려견 사용이 제한 돼오니 양해 해주시기 바랍니다. 반려견 용품은 나미스토어, 고목, 스윙까페, 북까페 등 매장에서 구매 가능합니다. 
*반려견 동반 운영 정책은 현지 사정에 따라 변동 될 수 있습니다.",,- 월요일~목요일 09:00~19:30<br>- 금요일~일요일 09:00~20:00,연중무휴,가능 (가평나루 남이섬 주차장)<br>요금 (유료)
1889094,수풀로 삼회리,경기도 가평군 청평면 북한강로 2047,12,경기도,37.6994935305,127.3930572292,http://tong.visitkorea.or.kr/cms/resource/95/3077295_image2_1.jpg,"수풀로는 한강과 북한강, 팔당 상수원의 수질을 보호하고자, 2010년 가평군 청평면 삼회리 일대 248,252㎡ 넓이에 옹벽이 설치된 공간을 허물어 단절되었던 하천 및 산림을 복원하여 4개소가 존재하고 있으며 이 중 가장 넓은 면적을 자랑하는 곳이 수풀로 삼회리다. 이곳은 탄소 먹는 숲이라고 할 만큼 느티나무, 참나무 등 탄소흡수율이 매우 높은 어린나무 수천 그루가 식재되어 있고 평지로만 이루어져 있다. 또한 멸종 위기종 등 다양한 생물종 서식 관찰과 수준별 체험 생태교육을 실시하는 곳으로 수질개선 홍보 및 생태계 교육의 장으로서 활용되고 있다.

탐방객 센터, 체험교육관, 홍보관, 책방, 전망대, 생태복원지, 인공습지 등을 볼 수 있으며, 생태탐방 및 공예체험교실이 무료로 운영되고 있다. 또한 비점오염원 유입 저감 및 생물종 다양성 증진과 더불어 대단위 탄소흡수원으로서 우리나라 탄소중립에 앞장서고 있다. 에코티어링 교육 프로그램은 유아, 초등 저학년, 고학년, 중등, 성인(고등, 성인)으로 나눠 수준에 맞게 진행되며 해설가 인솔하에 교재 및 체험 꾸러미를 활용한 맞춤형 탐방 프로그램이다. 온라인 예약을 통해 대관이나 스스로 탐방도 할 수 있으며 비대면 스스로 탐방은 무인 거치대 내 비치된  수준별 교재 활용할 수 있다.",,"<a href=""https://www.hanriver.or.kr/ecology/33110_info1.php"" target=""_blank"" title=""생태체험 통합 시스템 홈페이지로 이동"">https://www.hanriver.or.kr/main/main.php</a>",일부구역 동반가능,,,"동반가능(단, 개목줄 착용, 배설물 처리를 위한 비닐봉지 등을 구비한 이용객에 한하여 허용)",,"- 1회 10:00<br>
- 2회 13:00",주말 / 공휴일,가능
2715650,사계해변,제주특별자치도 서귀포시 안덕면 사계리 2147-35,12,제주특별자치도,33.2282014158,126.3084395842,http://tong.visitkorea.or.kr/cms/resource/36/3421436_image2_1.jpg,"사계란 해안변을 따라 형성된 깨끗한 모래와 푸른 물이 어우러지는 명사 벽계를 일컫는 말이다. 사계해변은 산방산 바로 아래쪽에 위치한 작고 한적한 해변으로 해수욕은 할 수 없다. 올레길 10코스 구간을 따라 걷다 보면 사계해변에서 산방산과 한라산, 그리고 용머리해안까지 한눈에 담아 볼 수 있다. 사계해변은 그 특유한 한적한 분위기뿐만 아니라, 주변의 유명한 관광지가 많아 이름이 더 널리 알려졌다. 사계해변은 우리나라에서 가장 남쪽에 위치한 해변이기도 하며 간조 때만 볼 수 있는 독특한  화산석과 바위층들이 눈길을 끈다. 이런 바위들에 생긴 독특한 구멍들을 마린 포트홀이라 하는데 마치 외계행성이나 달의 분화구처럼 생겼다고 표현하기도 한다. 이 바위 지형은 화산폭발로 형성된 장소이며 바람과 파도에 의해 만들어진 크고 작은 구멍이 제주를 찾는 관광객들에게 매우 이국적이고 인상적인 곳으로 소문이 나 있다. 낚시꾼들 사이에서는 제주 남서부 연안의 감성돔 낚시터로 손꼽히는 곳으로 사계해변 인근 사계포구에서 어선을 빌려 형제섬으로 출조하는 낚시꾼들이 많다. 인근 마을은 한적한 곳이긴 하나 곳곳에 작은 카페들이 있어 잠시 머물러 가기에도 좋다.",,"<a href=""https://www.visitjeju.net/kr/detail/view?contentsid=CONT_000000000500274#""target=""_blank"" title=""새창 : 비짓제주"">https://www.visitjeju.net/kr</a>",일부구역 동반가능,전 견종 동반 가능,목줄 착용,"- 해수욕장 산책은 가능하지만, 바다 입수는 불가
- 맹견의 경우, 입마개 착용 필수
- 배변봉투 지참 및 배변처리 필수",,상시 개방,연중무휴,가능
1991092,동강시스타 리조트,강원특별자치도 영월군 영월읍 사지막길 160,12,강원특별자치도,37.2177619104,128.5187307595,http://tong.visitkorea.or.kr/cms/resource/76/2750976_image2_1.jpg,"최고의 자연환경을 자랑하는 동강에서도 가장 아름다운 곳에 위치한 탑스텐 리조트 동강시스타는 유러피안 스타일의 콘도미니엄으로 주변과 잘 어울리도록 4~5층으로 이루어져 있다. 치유와 휴식이 있는 사계절 가족 휴양형 생태체험 힐링스파로 동강을 찾는 고객들에게 편안하면서도 건강한 휴식을 제공한다. 스파와 골프, 컨벤션, 웨딩 등 다양한 부대시설을 이용할 수 있다. 주변 관광지로는 동강에서 즐기는 래프팅, 고씨동굴, 별마로 천문대 등의 이색 볼거리와 즐길거리가 있다.",033-905-2000,,일부구역 동반가능,,"입마개 착용,목줄 착용,이동장(켄넬)사용","- 반려견 2마리 제한, 캐리어 지참 필수,  리드줄/입마개 필수, 반려견 예방접종 필수, 침구류 반려견 이용불가, 반려견 동반시 문의 필수, 금액 현장 결제
- 별도 예약 없이 이용하는 경우, 팻객실로 이동 조치되며 불응 시 강제 퇴실 조치됨을 알려 드립니다.
* 반려견 동반 운영 정책은 현지 사정에 따라 변동 될 수 있습니다.","한식당 포레스트, 카페, 편의점, 노래방, 공원 및 체육시설",,,
1223212,동해 논골담길(등대 담화마을),강원특별자치도 동해시 일출로 97 (묵호진동),28,강원특별자치도,37.5522210485,129.1183390829,http://tong.visitkorea.or.kr/cms/resource/65/1220365_image2_1.jpg,논골담길은 1941년 개항된 묵호항의 역사와 마을 사람들 삶의 이야기를 고스란히 간직한 감성 스토리 마을로 동해문화원이 주관한 2010 어르신생활문화전승사업 묵호등대담화마을 ‘논골담길’ 프로젝트를 시작으로 지역 어르신과 예술가들이 참여하여 현재의 모습을 갖추게 되었다. 논골담길은 예쁘고 독특한 카페들이 많아 잠시 쉬었다 산책 중 잠시 쉬어가기에도 좋다.,,"<a href=""http://www.dh.go.kr/tour/"" target=""_blank"" title=""새창 : 동해관광 홈페이지로 이동"">http://www.dh.go.kr/tour/</a>",일부구역 동반가능,전 견종 동반 가능,"입마개 착용,목줄 착용,기타","- 맹견의 경우, 입마개 착용 필수
- 배변봉투 지참 및 배변처리 필수",벽화길,,,
127770,허브나라농원,강원특별자치도 평창군 봉평면 흥정계곡길 225 (봉평면),12,강원특별자치도,37.6390821263,128.341125827,http://tong.visitkorea.or.kr/cms/resource/11/2921411_image2_1.jpg,"1996년에 문을 연 한국 최초의 허브 테마 농원이다. 농원을 일군 부부는 둘의 나이를 합쳐 100세가 되던 해에 평창의 깊은 계곡에 내려와 돌밭을 고르고 허브를 심었다. 990㎡으로 시작했던 농원은 현재 33,000㎡에 이르고, 오늘날 평창의 관광명소이자 한국 허브산업의 발상지로 자리매김했다. 허브나라농원은 허브와 꽃을 재배하는 농지와 허브를 보며 휴식할 수 있는 관광농원을 아우른다. 라벤더, 세이지, 메밀 등 150여 종 허브를 테마별로 나눈 10여 개의 테마정원은 허브에 대한 각각의 이야기를 바탕으로 한다. 색색의 허브와 꽃이 피는 팔레트 가든, 셰익스피어 작품에 언급된 허브로 꾸민 셰익스피어 가든, 꿀이 많아 벌과 나비가 좋아하는 밀원식물을 심은 나비가든 등 저마다 특색이 뚜렷하다. 레스토랑과 카페에서 허브가 들어간 음식을 맛볼 수 있고, 허브체험교실에서 천연비누·향초 등을 만들 수 있다. 한국 유명 가수들이 음악회를 여는 별빛무대, 터키 민속공예품을 전시한 터키 갤러리 같은 문화공간도 눈길을 끈다.",033-335-2902,"<a href=""http://www.herbnara.com""title=""새창:  허브나라농원으로 이동 ""target=""_blank"">http://www.herbnara.com</a>",일부구역 동반가능,중소형견 동반 가능,목줄 착용,"- 맹견의 경우, 입마개 착용 필수
- 배변봉투 지참 및 배변처리 필수",,"[11~4월] 09:00~17:30<br />
[5~10월] 09:00~18:00<br />
※ 최종 입장은 폐장 1시간 전까지",[11월~4월] 매주 화요일<br>[5~10월] 연중무휴,가능 (206대)
2705419,피크닉댕댕,경기도 동두천시 천보산로 344 (탑동동),12,경기도,37.8669910664,127.1085200023,,"피크닉댕댕은 경기도 동두천시에 있는 반려견놀이터이다. 총 700평 운동장을 단독으로 사용할 수 있는 공간이며, 반려견에게 좋은 마사토(흙) 운동장과 여러 개의 언덕이 있어서 운동하기에 아주 적합한 공간입니다. 그늘막 3곳 계곡 옆 원두막이 있어서 사계절 내내 쉴 수 있는 공간이 마련되어 있으며 산속에서 힐링하기 좋은 장소이다. 사람보다는 반려견의 산책, 등산, 재활을 목적으로 만든 공간이다. 

(출처 : 피크닉댕댕 홈페이지)",,"<a href=""https://www.instagram.com/picnicdangdang""target=""_blank"" title=""새창 : 피크닉댕댕 인스타그램으로 이동"">https://www.instagram.com/picnicdangdang</a>",전구역 동반가능,전 견종 동반 가능,,,"목욕시설 드라이룸, 에어탱크",07:30~22:30,연중무휴,가능
3336950,아유 스페이스,경기도 남양주시 화도읍 북한강로1462번길 71,39,경기도,37.6361808024,127.3580233611,http://tong.visitkorea.or.kr/cms/resource/38/3336938_image2_1.JPG,"아유 스페이스 (AYU SPACE) 는 남양주의 북한강을 바로 접하고 있는 3,500평의 보태니컬 가든 문화 공간이다. 자연 속 오감을 통한 웰빙과 치유를 촉진하고자 하는 브랜드 AYU의 신념을 담은 곳이다. 이 공간은 45여년동안 한 재벌가의 여름 별장으로 사용되었던 한옥과 양옥이 위치해 있고, 한국이 낳은 세계적인 건축가 조병수의 설계와 디자인으로 지어진 신관 카페가 있다. 150미터 길이의 북한강 메타세콰이어 산책길을 자랑하는 아유 스페이스의 가든에는 500년된 향나무, 300살 단풍나무 그리고 200살의 은행 나무등 우수한 나무들과 식물들이 있다. 현대적인 한국 정원 “무위자연” 디자인을 자랑하는 가든에는 물의 정원, 소나무길, 단풍나무정, 메타세콰이어 산책길, 은행나무 테라스, 향나무정을 자랑한다. 핸드드립 스페셜티 커피, 천연 발효빵 그리고 이탈리아 밀라노 식 요리를 먹을 수 있으며, 한옥 갤러리에서는 정규적인 미술 전시와 커피 & 아로마 토크를 통한 “아유 문화 체험”을 즐길 수 있다. 건축과 자연의 조화로운 균형과 함께 그 속에서 사람들과 반려동물들이 편안하게 휴식하면서 오랫동안 기념할 수 있는 패일리 힐링 공간이다.",,"<a href=""www.ayuspace.kr""target=""_blank"" title=""새창 : 업체사이트로 이동"">www.ayuspace.kr</a>",,가능,목줄 착용,반려동물가든내/ 배설물 처리를 위한 비닐봉지 등을 구비한 이용객에 한하여 허용,,[평일]<br>- 10:00~20:00<br>[주말]<br>10:00~21:00,연중무휴,가능
1037031,[북악하늘길 스카이웨이] 하늘한마당~하늘마루,서울특별시 성북구 성북동,28,서울특별시,37.569354427,127.0068155826,http://tong.visitkorea.or.kr/cms/resource/09/1568109_image2_1.jpg,"북악하늘길은 서울특별시 성북구에 위치한 북악산 능선과 산자락을 이어서 만든 산책길을 말한다. 이 구간은 1968년 북한 특수부대 소속 김신조 외 30명의 무장공비가 청와대를 습격하기 위해 이용했던 길로 민간인 출입이 금지되었다가 42년 만에 개방되었다. 오랜 시간 사람들의 발길이 닿지 않았던 곳이라 숲이 우거져있고, 자연 생태가 다양하게 살아있다.
북악하늘길은 3개의 산책로와 스카이웨이가 있다. 코스마다 제 각각 다른 풍경과 전망들을 보여주며 매력을 뽐내고, 산책로가 오르락내리락하면서 롤러코스터를 탄 것처럼 아찔한 맛을 낸다. 북악하늘길의 압권은 여러 전망대에서 바라보는 환상적인 조망이다. 전망대에 서면 숲이 열리고 서울의 너른 하늘이 펼쳐진다. 
이 중 북악하늘길 스카이웨이는 하늘한마당 → 북악정 → 다모정 → 숲속마루 → 하늘마루로 이어지는 코스로, 총 3,200m이다.",,,전구역 동반가능,전 견종 동반 가능,목줄 착용,"- 맹견의 경우, 입마개 착용 필수
- 배변봉투 지참 및 배변처리 필수",,,,
129894,제주특별자치도민속자연사박물관,제주특별자치도 제주시 삼성로 40,14,제주특별자치도,33.5064214033,126.5313500889,,"민속자연사박물관은  제주의 대표 박물관으로 화산섬 제주의 형성과정을 비롯하여 자연자원, 제주사람들의 생애와 민속 문화를 종합적으로 관람할 수 있다. 지난 1984년 5월 24일 개관한 이래 실물 자료와 모형·마네킹 등을 활용해 입체적으로 전시함으로써 이국적인 느낌을 주는 제주 문화를 보다 쉽게 이해할 수 있도록 하고 있다. 로비에 설치된 참고래 골격 표본과 제주의 신비로운 실감 영상은 제주의 가치를 한눈에 보여준다. 제주도 형성사, 여러 가지 암석, 한라산의 식물 수직분포도, 곤충, 포유류 등 제주의 형성과정과 여러 자연생태까지도 볼 수 있다. 그리고 제주인의 일생, 생업, 의식주 등을 통해 과거 제주인의 생활을 접할 수도 있다.",,"<a href=""http://www.jeju.go.kr/museum/index.htm"" target=""_blank"" title=""새창 : 제주특별자치도 민속자연사박물관 홈페이지로 이동"">http://www.jeju.go.kr/museum</a>",일부구역 동반가능,전 견종 동반 가능,목줄 착용,"- 박물관 내부는 동반 불가
- 맹견의 경우, 입마개 착용 필수
- 배변봉투 지참 및 배변처리 필수",,09:00~18:00 (입장 마감 17:30),"매주 월요일 (단, 월요일이 공휴일인 경우 그 다음 첫 번째 비공휴일) / 1월 1일 / 설·추석 / 훈증 소독기간",가능
125419,국립 천관산자연휴양림,전라남도 장흥군 관산읍 칠관로 842-1150,12,전라남도,34.5451339297,126.8998851572,http://tong.visitkorea.or.kr/cms/resource/42/2704942_image2_1.jpg,"호남 5대 명산 중의 하나인 천관산은 관산읍과 대덕읍 경계에 있는 723m의 산으로 온 산이 바위로 이루어져 봉우리마다 하늘을 찌를 듯 솟아 있으며, 봄에는 붉게 피는 동백꽃 가을에는 억새가 장관을 이룬다. 특히 정상 부근에 바위들이 비죽비죽 솟아 있는데, 그 모습이 주옥으로 장식된 천자의 면류관 같다 하여 천관산이라 불렀다고 한다. 특히 해안과 그리 멀지 않은 곳으로 산맥을 타고 넘는 해풍과 웅장한 천관산과의 만남은 인간의 힘으로는 빚어낼 수 없는 자연의 힘을 지니고 있다. 산에 오르면 남해안 다도해가 한 폭의 동양화처럼 펼쳐지고, 북으로는 영암의 월출산, 장흥의 제암산, 광주의 무등산이 한눈에 들어오며 날씨가 맑으면 바다 쪽으로 제주도 한라산이 신비스럽게 나타난다. 능선 위로는 기암괴석이 자연 조형물의 전시장 같고, 정상 부근으로 억새밭이 5만여 평 장관을 이룬다. 또한, 위로 천관사가 500m 이내에 있고, 천관산의 등산로가 연계되어 있어 문화유적 답사와 등산에 큰 몫을 하고 있다. 휴양림 내에 관리사, 산막, 주차장, 취사장, 임간 수련장 등이 완벽하게 갖추어져 있으며, 7㎞의 산길도 잘 가꾸어져 사람들의 발길을 멈추게 한다.",,"<a href=""https://www.foresttrip.go.kr/indvz/main.do?hmpgId=0196"" target=""_blank"" title=""국립자연휴양림 사이트로 이동"">https://www.foresttrip.go.kr</a>",,,목줄 착용,반려견(15kg 이하),산책로,"- 숙박 15:00~익일 11:00<br>
- 일일개장 09:00~18:00",매주 화요일,"가능<br>요금 (중, 소형 3,000원)"
128101,붕어섬&황톳길,강원특별자치도 화천군 화천읍 강변로 2-54,12,강원특별자치도,38.1007385507,127.697012129,http://tong.visitkorea.or.kr/cms/resource/41/3484941_image2_1.JPG,"춘천댐 담수로 인하여 생긴섬으로, 섬내 환경보존이 잘되어있고, 축구장(잔디구장), 족구장, 테니스장, 다목적구장, 풋살장 및 수변산책로, 상설무대공연장, 화장실, 급수시설 등 레포츠와 자연휴양을 고루 즐길 수 있도록 조성된 휴양지로서 섬내에 많은 수목이 자연스럽게 밀집되어 있어 드라마,영화 등의 촬영 배경이 되고 있는 명소이다. 붕어섬휴양지는 자연친화적인 요소를 최대한 가미한 사계절 녹색체험휴양지로서 관광객에게 인기가 높다. 붕어섬 주변에는 다량의 민물어종이 서식하고 있으며, 여름철에는 붕어섬 내에 물놀이장을 운영하여 가족여행지로 적합하다. 또한 황톳길도 조성되어 있어 지역 주민의 건강을 증진시키고 관광객에게는 자연 치유관광을 제공하는 역할을 하고 있다.",,"<a href=""http://tour.ihc.go.kr/hb/portal""target=""_blank"" title=""새창: 화천군 문화관광"">http://tour.ihc.go.kr/hb/portal</a>",일부구역 동반가능,전 견종 동반 가능,"입마개 착용,목줄 착용,기타","- 맹견의 경우, 입마개 착용 필수
- 배변봉투 지참 및 배변처리 필수",,상시 이용,연중무휴,있음
2774593,서오지리 연꽃단지,강원특별자치도 화천군 하남면 건넌들길 97,12,강원특별자치도,38.0417001927,127.6542983499,http://tong.visitkorea.or.kr/cms/resource/78/2785678_image2_1.jpg,"서오지리 연꽃단지는 온 가족이 함께 즐길 수 있는 공간이다. 건넌들이라고 불리던 늪지대에 2005년부터 조성하기 시작했으며 수련, 백련, 순채, 가시연, 어리연꽃 등 400여 종에 달하는 연꽃들이 계절에 따라 꽃을 피워 사진작가들과 여행객들에게 인기 있는 관광명소다. 원래 이곳은 쓰레기와 오물이 넘쳐나는 오염지대였으나 주민들이 힘을 합쳐 생태계를 살려 나가기 위해 연을 심기 시작했다고 한다. 덕분에 이곳을 떠났던 물고기들이 돌아와 수중 생태환경도 되살아나고 있다.",,,일부구역 동반가능,전 견종 동반 가능,"입마개 착용,목줄 착용,기타","- 맹견의 경우, 입마개 착용 필수
- 배변봉투 지참 및 배변처리 필수",,상시 개방,연중무휴,가능
1883593,월인당,전라남도 영암군 모정1길 37-11,32,전라남도,34.7777835946,126.6123770221,http://tong.visitkorea.or.kr/cms/resource/73/2574173_image2_1.jpg,"전라남도 영암군 모정행복마을에 자리한 월인당은 사시사철 보름달을 가장 잘 볼 수 있는 곳이다. 대청, 구들장, 누마루, 친환경 황토벽으로 전통 한옥의 멋을 살렸다. 누마루에서 차와 식사를 할 수 있고, 아궁이에서는 고구마를 굽거나 바비큐를 할 수 있다. 다도, 천연염색, 팥칼국수 만들기 체험 등을 진행하고, 넓은 잔디마당에서 공놀이, 배구 등 야외 놀이도 즐기기 좋다. 이색적인 동네 골목길 벽화를 구경하는 재미가 있다.",061-471-7675,,전구역 동반가능,,매너벨트 착용,,,15:00,,가능
2024432,가우도,전라남도 강진군 도암면 월곶로 473 (도암면),12,전라남도,34.5283725869,126.7726522891,,"강진군 도암면 망호(望湖)에 속한 강진만의 8개 섬 가운데 유일한 유인도인 가우도는 강진읍 보은산이 소의 머리에 해당되고 섬의 생김새가 소(牛)의 멍에에 해당된다 하여 ‘가우도’라고 부르게 되었다고 전해진다. 가우도는 사방으로 강진만과 무인도를 조망할 수 있으며 해안경관이 매우 우수하고 섬 내부에는 후박나무, 편백나무 군락지 및 곰솔 등 천혜의 관광 자원이 매우 풍부하다. 자동차가 다니지 않는 출렁다리가 양쪽으로 연결되어 걸어서 섬에 들어갈 수 있으며 섬에 도착하면 산과 바다를 감상하여 걸을 수 있는 2.5㎞의 생태탐방로가 조성되어 있으며, 다양한 어종이 잡히는 복합낚시공원, 섬 정상에 있는 청자타워(높이 25m)에서 출발하여 해상을 나는 체험을 할 수 있는 친환경 레저시설인 집트렉, 바다를 가르는 제트보트 등 다양한 레저 체험을 즐길 수 있다.",,"강진문화관광 <a href=""https://www.gangjin.go.kr/culture/attractions/twelve_scenery/gawoodo"" target=""_blank"" title=""새창 : 강진문화관광 홈페이지로 이동"">https://www.gangjin.go.kr/culture</a>",전구역 동반가능,전 견종 동반 가능,목줄 착용,"- 맹견의 경우, 입마개 착용 필수
- 배변봉투 지참 및 배변처리 필수",,,연중무휴,
2914808,고모호수공원,경기도 포천시 소흘읍 고모리 678-1,12,경기도,37.7940311361,127.1643114573,http://tong.visitkorea.or.kr/cms/resource/73/3458773_image2_1.jpg,"경기도 포천시 고모리 죽엽산(해발 600m) 중심부에 있는 공원이다. 고모저수지 주변에 조성된 호수주변공원으로  고무저수지는 면적 0.18㎢에 저수량 1,300톤 규모이다. 고모는 어떤 사람이 늙은 고모님(한자로 할미 ‘고’)을 모시고 산 밑에 살았다 하여 붙여진 이름이다. 이 할미가 외로이 세상을 떠났는데  할미를 매장한 묘 앞에 있는 마을이라하여 이곳을 고모리라 부르게 되었다고 한다. 저수지 주변으로 2.6㎞ 길이의 고모저수지 둘레길과 광장, 분수대, 쉼터, 운동시설 등을 갖추고 있다. 분수는 4월 중순부터 11월 중순까지 휴일 12:00~17:30에 30분 간격으로 가동한다. 주변에 카페 갤러리, 레스토랑 등이 많아 나들이 겸 산책코스로 많은 사람들이 방문하고 있다.

※ 반려동물 동반 가능 (단, 개목줄 착용, 배설물 처리를 위한 비닐봉지 등을 구비해야 함)",,"<a href=""https://www.pocheon.go.kr/ktour/index.do""target=""_blank"" title=""새창: 포천관광으로 이동"">https://www.pocheon.go.kr/ktour</a>",전구역 동반가능,전 견종 동반 가능,목줄 착용,"- 맹견의 경우, 입마개 착용 필수
- 배변봉투 지참 및 배변처리 필수",,상시 개방,연중무휴,가능
126122,부산 송도해수욕장,부산광역시 서구 송도해변로 100,12,부산광역시,35.0739256715,129.016458847,http://tong.visitkorea.or.kr/cms/resource/86/2504686_image2_1.jpg,"부산 자갈치시장에서 3km 떨어진 곳에 위치하며, 1913년 부산에서 제일 먼저 개장한 해수욕장이다. 2000년부터 5년여간 정비사업을 펼쳐 줄어든 백사장을 확장하고 분수대 등을 설치하며 해변공원이 되었다. 주위에 수산시장과 암남공원 등이 있다. 1913년 부산에서 최초로 개발된 해수욕장 구역으로, 1996년 4월, 군사보호구역에서 개방된 도시 자연공원인 암남공원과 바다낚시로 유명한 두도공원으로 연결된 송도는 울창한 원시림과 자연 그대로 보존된 기암괴석, 그리고 부산의 상징인 갈매기와 멀리 영도를 배경으로 한 조용한 바다정경이 장관인 곳이다.

주변에 다양한 숙박시설과 먹을거리를 갖추고 있으며 구름다리, 산책로, 보트장, 주차장 등 편의시설이 잘 갖추어져 있다. 송도 해안의 암남공원은 해안 생태 공원으로 송도 해안과 부산 남항을 한눈에 담을 수 있는 전망대, 3.8km의 산책로, 도로변 카페, 횟집들이 즐비한 곳이다. 부산시 서구 부민동 3가에는 한국전쟁 중 부산이 임시 수도였을 때 3년 동안 대통령 관저로 사용된 임시수도기념관이 있다. 송도는 이처럼 격변의 역사를 보낸 서구 암남동 장군반도 남단에 자리 잡고 있다.",,"<a href=""https://www.visitbusan.net/kr/index.do?menuCd=DOM_000000201001001000&uc_seq=286&lang_cd=ko"" target=""_blank"" title=""새창: 부산 문화관광 홈페이지로 이동"">http://tour.busan.go.kr</a>",전구역 동반가능,전 견종 동반 가능,목줄 착용,"- 맹견의 경우, 입마개 착용 필수
- 배변봉투 지참 및 배변처리 필수",,06:00~23:00,연중무휴,가능
2609813,파주 율곡습지공원,경기도 파주시 파평면 율곡리 190-1,12,경기도,37.8895442219,126.8135741287,http://tong.visitkorea.or.kr/cms/resource/36/3383136_image2_1.JPG,"경기도 파주에 있는 율곡습지공원은 재해예방시설인 저류지를 마을 주민들이 꽃을 심고 가꾼 곳이다. 봄이면 유채꽃이 피고, 가을이면 코스모스가 피는 아름다운 곳이다. 율곡습지공원은 고향의 정겨운 시골풍경을 떠오르게 하며, 넓은 꽃밭과 습지에 피어있는 연꽃 군락지, 억새, 옛 농기구가 있는 초가집, 높이 솟아 있는 솟대들, 삐뚤빼뚤 재미난 모양의 장승, 물레방아 등이 정감을 자아낸다. 연꽃 군락지에서 시원하게 물을 뿜어내는 분수가 인상적이고, 초가 원두막, 그네 등 곳곳에 쉼터가 있어 쉬어가기 좋다.",,"<a href=""https://ggtour.or.kr/travel-info/tourism-info/725f92ac-746a-11ee-b910-0242ac120002"" target=""_blank"" title=""새창: 경기관광으로 이동"">https://ggtour.or.kr</a>",전구역 동반가능,전 견종 동반 가능,목줄 착용,"- 맹견의 경우, 입마개 착용 필수
- 배변봉투 지참 및 배변처리 필수",,상시 개방,연중무휴,가능
128108,스포원파크,부산광역시 금정구 체육공원로399번길 324,12,부산광역시,35.289161567,129.1070700628,http://tong.visitkorea.or.kr/cms/resource/25/3409925_image2_1.jpg,"스포원파크는 2002년 부산아시안게임을 위해 조성된 금정체육공원을 시에 개방한 시설로, 8만 8천 평의 평지 부지에 경기장 3동(경륜장, 스포츠센터, 테니스장), 야외 체육시설, 교육체험시설, 수변광장과 숲이 있는 종합 레포츠 공원이다. 전체 부지의 1/3이 40만 그루의 녹음인 데다 공원 내 에티켓 준수 시 돗자리, 소형텐트가 허용되고 있다. 또한 다양한 레포츠 시설이 구비되어 있어 취향에 따라 원하는 활동을 즐길 수 있어 휴일 힐링을 위한 최적의 장소로 꼽히고 있다. 

스포츠센터에서는 실내 종목으로 수영, 골프, 피트니스, 배드민턴, 탁구와 키즈랜드, 문화교실을 이용할 수 있다. 주 경기장은 BNK썸 여자농구단의 홈경기장으로 사용되고 있다. 야외체육시설로는 인조잔디 축구장, 풋살장과 국제대회개최 규격의 하드코트 실내‧외 테니스장이 있으며, 공원 외곽을 따라 순환 조깅로‧자전거로 가 조성되어 있어 간단한 산책과 라이딩을 즐길 수 있다. 자전거는 테니스경기장 1층 자전거대여점에서 대여가 가능하다. 또한 청소년을 위한 교육체험시설로 탄생의 신비 성문화센터, 어린이 교통나라, 재난안전체험장의 교육시설뿐만 아니라, 자전거 경주 관람을 즐기는 성인을 위한 경륜장도 마련되어 있다.",,"<a href=""https://www.spo1.or.kr/park/index.do"" target=""_blank"" title=""새창 : 스포원파크 홈페이지로 이동"">https://www.spo1.or.kr/park/index.do</a>",일부구역 동반가능,전 견종 동반 가능,목줄 착용,"- 실내 시설은 동반 불가
- 맹견의 경우, 입마개 착용 필수
- 배변봉투 지참 및 배변처리 필수",,시설 별로 상이,시설 별로 상이,가능
2755543,평창 라벤다팜,강원특별자치도 평창군 진부면 두일길 279-16,12,강원특별자치도,37.6738790026,128.5338629319,http://tong.visitkorea.or.kr/cms/resource/41/3388841_image2_1.JPG,"2009년 8월에 국립농산물품질관리원에서 농장 전체를 유기농인증 받은 곳이다. 평창 라벤더팜은 삼면이 산으로 둘러싸여 있어 청정한 환경을 유지하고 있으며, 고랭지 해발 700m에 위치하여 큰 일교차, 비옥한 토양, 일조량 등의 환경에서 자란 유기농허브와 유기농블루베리는 맛이 뛰어나다. 2015년부터는 체험장을 오픈하여 더 많은 소비자들과 소통을 하기 위해 노력하고 있으며, 중·고등학교 진로체험을 위한 프로그램도 진행하고 있다.",,"<a href=""http://lavenderkorea.com/"" target=""_blank"" title=""새창 : 홈페이지로이동"">http://lavenderkorea.com/</a>",일부구역 동반가능,전 견종 동반 가능,목줄 착용,"- 카페 시설은 동반 불가
- 맹견의 경우, 입마개 착용 필수
- 배변봉투 지참 및 배변처리 필수",,10:00~18:00,연중무휴,가능
2930330,노리개운동장,경기도 용인시 처인구 원양로291번길 103-6 노리개운동장,12,경기도,37.184590308,127.2944586731,http://tong.visitkorea.or.kr/cms/resource/98/3383498_image2_1.jpg,"용인시 처인구 원삼면에 위치한 애견운동장 노리개는 1,400평의 소·중·대형견장으로 분리되어있는 운동장과 소형 / 중대형견장으로 나눠진 수영장이 있으며, 셀프 목욕이 가능한 하이드로바스 및 드라이룸이 준비되어 있고, 식사 해결이 가능하게 운동장 안에 원양식당이 별도로 운영 중이다. 반려인과 반려견이 함께 와서 즐기고 맛보고 힐링할 수 있는 편리하고 편안한 휴식 공간이다.",,"<a href=""https://www.instagram.com/noridog_town/"" target=""_blank"" title=""새창 : 홈페이지로 이동"">www.instagram.com/noridog_town</a>",전구역 동반가능,맹견 제외 전 견종 동반 가능,,배변봉투 지참 및 배변처리 필수,"하이드로바스, 드라이룸, 수영장, 정수기 등",11:00~20:00 (식사 마지막 주문 18:00),매주 화요일,가능
126448,이호테우해변,제주특별자치도 제주시 도리로 (이호일동),12,제주특별자치도,33.4974183784,126.4531570913,http://tong.visitkorea.or.kr/cms/resource/66/3354566_image2_1.jpg,"이호테우해변(이호해수욕장)은 조랑말 등대로 제주도 사진을 찍기 좋은 곳으로 붉은 조랑말과 흰색 조랑말은 극명하게 대조되는 색감이 이국적인 풍경을 선사한다. 또한, 제주 시내에서 가장 가까이 있어 교통이 편리하고, 편의시설도 잘 갖추어져 있다. 백사장의 경사가 완만하여 많은 피서객들이 찾으며 특히 야영하기에 안성맞춤인 소나무 숲이 형성되어 있다. 해수면이 가장 낮아지는 간조에는 끝없이 넓은 백사장과 함께 원담의 모습도 볼 수 있다. 원담은 밀물과 썰물의 차이를 이용해 고기를 잡는 제주의 전통 고기잡이 방식 중 하나로, 이호테우해변(이호해수욕장)에는 그 공간을 복원시켜 놓은 이호 모살원이 있다.",,"<a href=""https://www.visitjeju.net/kr/detail/view?contentsid=CNTS_200000000007344"" target=""_blank"" title=""새창 : 제주 문화관광 사이트로 이동"">http://www.visitjeju.net</a>",일부구역 동반가능,전 견종 동반 가능,목줄 착용,"- 해수욕장 입수는 불가
- 맹견의 경우, 입마개 착용 필수
- 배변봉투 지참 및 배변처리 필수",,상시 개방,연중무휴,가능
2612869,이순신광장,전라남도 여수시 중앙로 74 (중앙동),12,전라남도,34.7399013049,127.7357348686,http://tong.visitkorea.or.kr/cms/resource/07/3351107_image2_1.jpg,"여수시 중앙동에 있는 이순신광장은 임진왜란을 승리로 이끈 이순신 장군에 대한 자료와 당시 의병에 대한 소개 등 역사적인 현장을 보고 느낄 수 있는 많은 볼거리가 있는 곳이다. 광장은 이순신 장군이 작전 계획을 세우고 군령을 내린 진남관 등 주변 유적지와 연계한 역사 문화 관광벨트의 시발점으로, 매년 5월 우리나라에서 가장 오래된 호국문화축제인 거북선 축제가 열린다. 이곳에서 가장 눈길을 끄는 구조물은 원형에 가깝게 재현한 거북선이다. 단순히 외형만 만들어 놓은 것이 아니고 내부에서도 관람할 수 있도록 설계했다. 거북선 내부로 들어가면 수군들의 역동적인 모습과 임진왜란 당시의 생생한 장면을 느낄 수 있으며 간단한 체험도 해볼 수 있다. 왜란에서 활약한 거북선은 세 척으로 전라좌수영, 방답진, 순천부 선소에서 한 척씩 건조했으며, 거북선이 있는 위치는 바로 전라좌수영 선소가 있던 곳이다. 이순신 광장의 한쪽 편에는 이순신 장군의 일대기와 임진왜란의 과정 등을 담은 벽화가 있다.",,"<a href=""https://www.yeosu.go.kr/tour/travel/info_each_area?mode=view&idx=257"" target=""_blank"" title=""새창: 여수관광문화 "">http://www.yeosu.go.kr/tour</a>",전구역 동반가능,전 견종 동반 가능,목줄 착용,"- 맹견의 경우, 입마개 착용 필수
- 배변봉투 지참 및 배변처리 필수",,상시 개방,연중무휴,가능
753306,동피랑마을,경상남도 통영시 동피랑1길 6-18 (동호동),12,경상남도,34.8453461228,128.4276467571,,"‘동피랑’이라는 이름은 ‘동쪽’과 ‘비랑’이라는 말이 합쳐져서 생겼다. ‘비랑’은 ‘비탈’의 통영 사투리인데 그 앞에 ‘동쪽’을 나타내는 말 중 ‘동’만 떼어 붙인 것으로 그래서 사람들은 ‘동피랑’이라고 부르게 된 것이다. 푸른 통영 21 추진 협의회는 2007년 10월 전국적으로 동피랑길에 그림 그릴 사람들을 모았다. 그 사람들이 마을 담과 벽 길 등에 온통 그림을 그렸고 바닷가 언덕 마을이 그림으로 다시 태어난 것이다. 동피랑 골목길은 그 갈래가 수십 개다. 그 모든 골목에 그림이 있고 하늘과 맞닿은 마을, 그곳에 그려진 그림은 마을을 동화나라로 만들기에 충분하다. 또 마을에서 내려다보는 강구안 바다 풍경도 볼만하다.",,"<a href=""https://www.utour.go.kr/01198/01215/01886.web?amode=view&idx=1702&"" target=""_blank"" title=""새창: 통영시 문화관광 홈페이지로 이동"">http://www.utour.go.kr/main.web</a>",전구역 동반가능,전 견종 동반 가능,목줄 착용,"- 맹견의 경우, 입마개 착용 필수
- 배변봉투 지참 및 배변처리 필수",,상시 개방,연중무휴,가능
2514467,십리벚꽃길,경상남도 하동군 화개면 화개로 142,12,경상남도,35.2000061238,127.6304656321,http://tong.visitkorea.or.kr/cms/resource/32/3351932_image2_1.jpg,"화개에서 쌍계사에 이르는 십리벚꽃길은 흐드러진 벚꽃을 감상하기 위해 많은 이들이 찾는 하동의 명소이다. 
이 길을 사랑하는 청춘 남녀가 두 손을 꼭 잡고 걸으면 백년해로한다고 하여 ‘혼례길’이라고도 한다. 데크구간에는 고보조명이 설치되어 있어 색다른 재미를 더하고 벚꽃과 하동 야생차밭이 만나면 누가 찍어도 인생 샷을 건질 수 있다.",,"<a href=""http://www.hadong.go.kr/02640/02649/02758.web?amode=view&idx=1877"" target=""_blank"" title=""새창: 하동문화관광 홈페이지로 이동"">http://www.hadong.go.kr</a>",전구역 동반가능,전 견종 동반 가능,목줄 착용,"- 맹견의 경우, 입마개 착용 필수
- 배변봉투 지참 및 배변처리 필수",,상시 개방,연중무휴,
2407331,백사장항,충청남도 태안군 안면읍 창기리,12,충청남도,36.585647798,126.3155106953,http://tong.visitkorea.or.kr/cms/resource/61/3340561_image2_1.jpg,"안면읍 창기리에 있는 어항으로 넓게 펼쳐져 있는 포구 주변으로 횟집들이 바다를 둘러싸듯이 자리 잡고 있으며, 포구 옆으로는 백사장해수욕장이 있다. 포구 앞으로는 소규모의 어선들이 줄줄이 매달려 있어 해안마을의 정겨운 풍경을 볼 수 있다. 주로 우럭, 노래미, 농어, 대하 등의 어종이 잡히며 그중 가장 유명한 것이 대하이다. 해마다 9월 말~11월 초에 대하축제가 열리는데, 전국 각지에서 이곳 대하를 맛보기 위하여 관광객들이 많이 찾아온다.",,"<a href=""https://www.taean.go.kr/prog/tursmCn/tour/sub02_04_12/view.do?cntno=54"" target=""_blank"" title=""새창 : 태안군 문화관광으로 이동"">https://www.taean.go.kr</a>",일부구역 동반가능,전 견종 동반 가능,목줄 착용,"- 해수욕장은 동반 불가
- 맹견의 경우, 입마개 착용 필수
- 배변봉투 지참 및 배변처리 필수",,상시 개방,연중무휴,가능
2930674,진주휴게소반려견놀이터,경상남도 진주시 남해고속도로 194 진주휴게소,12,경상남도,35.1597332034,128.1220068512,http://tong.visitkorea.or.kr/cms/resource/20/3349420_image2_1.jpg,"진주휴게소반려견놀이터는 남해고속도로 부산 방향에 있는 진주 휴게소에 있는 반려견 놀이터다. 상시개장구역 이외에 소형견, 대형견이 입장할 수 있는 공간이 나누어져 있으며 산책로도 있어 함께 산책하기에도 좋다. 놀이기구도 있어 반려견들이 뛰어놀기에 안성맞춤인 공간이다.",,,전구역 동반가능,전 견종 동반 가능,목줄 착용,"- 입퇴실시 목줄 필수
- 중소형견 및 대형견은 체고 40cm를 기준으로 구분",,10:00~18:00,매주 월요일,가능
2664196,운여해변,충청남도 태안군 고남면 장삼포로 535-57,12,충청남도,36.4335770925,126.355949906,http://tong.visitkorea.or.kr/cms/resource/42/3339342_image2_1.jpg,"운여(구름 雲 돌이름 礖)는  ‘앞바다가 넓게 트여 파도가 높고, 바위에 부딪히는 파도가 만들어내는 포말이 장대하여 마치 구름과 같다’하여 붙여진 이름이다. 운여에서 여란 썰물 때는 바닷물 위에 드러나고 밀물 때는 바다에 잠기는 바위를 말한다. 안면도 서쪽의 샛별해수욕장과 장삼포해수욕장 사이에 위치해 있는 운여해변은 해안사구와 독살 등 자연 그대로 남아 있는 자연풍경이 아름다운 해변이다. 운여해변의 아름다운 풍경이 요즘 새로운 촬영지로 각광을 받고 있으며 캠핑장 또한 인기 있는 곳이다. 운여해변은 아름다운 낙조풍경을 볼 수 있는 곳으로 유명하다. 특히 운여해변 남쪽에 소나무를 심어 놓은 방파제가 있는데 이 방파제가 거센 파도로 한쪽 끝이 끊기면서  밀물 때면 바닷물이 방파제 안쪽에 호수처럼 모여 솔숲 방파제가 마치 섬처럼 떠오른다.",,"<a href=""https://tour.chungnam.go.kr/prog/trsrcn/kor/sub02_01_01/view.do?trsrcnNo=1175"" target=""_blank"" title=""새창 : 충남 문화관광 홈페이지로 이동"">https://tour.chungnam.go.kr/</a>",전구역 동반가능,전 견종 동반 가능,목줄 착용,"- 맹견의 경우, 입마개 착용 필수
- 배변봉투 지참 및 배변처리 필수",,상시 개방,연중무휴,가능
2589349,서울식물원,서울특별시 강서구 마곡동로 161 (마곡동),12,서울특별시,37.5692236076,126.8360144928,http://tong.visitkorea.or.kr/cms/resource/60/2658460_image2_1.jpg,"서울식물원은 세계 12개 도시 식물과 식물 문화를 소개하고 도시의 생태감수성을 높이기 위해 서울에 남은 마지막 개발지 마곡에 조성되었다. 식물원과 공원을 결합한 이른바 ‘보타닉 공원’으로서 면적은 축구장 70개 크기에 달한다. 멸종 위기 야생식물 서식지를 확대하고 번식이 어려운 종의 증식 연구, 품종 개발 등 식물의 육성이라는 식물연구보전기관 본연의 역할은 물론, 도시 정원문화 확산의 교두보이자 평생교육기관의 역할을 수행한다. 또, 비움, 연결, 생태, 감수성을 기본 개념으로 하는 ‘정원 도시, 서울’과 연계하여 식물문화교류의 장으로 특별한 경험과 휴식을 선사하고, 매력적인 녹색명소로 자리매김하고 있다. 
서울식물원은 크게 4개, 열린숲, 호수원, 습지원, 주제원의 구역으로 나누어져 있으며, 각각의 구역마다 고유의 특성을 갖추고 있어 식물원 속에서도 4가지의 색깔을 느낄 수 있다. 특히 주제원 내에 위치한 전시온실은 세계 유일의 오목한 접시 모양의 온실로 열대와 지중해에 위치한 12개 도시 자생식물이 전시되어 각 기후대의 특색 있는 식물, 식물문화를 경험할 수 있다.",,"<a href=""http://botanicpark.seoul.go.kr/"" target=""_blank"" title=""새창: 서울식물원 홈페이지로 이동"">http://botanicpark.seoul.go.kr/</a>",일부구역 동반가능,전 견종 동반 가능,목줄 착용,"- 실내 및 온실주제원은 동반 불가
- 맹견의 경우, 입마개 착용 필수
- 배변봉투 지참 및 배변처리 필수",,"[주제원(온실, 주제정원)]<br>
- 평시(3월~10월) 09:30~18:00 (입장마감 17:00)<br>
- 동절기(11월~2월) 09:30~17:00 (입장마감 16:00)","[주제원(온실, 주제정원)] 매주 월요일<br>[열린숲 / 호수원 / 습지원] 연중무휴<br>※ 기타 휴관일은 서울식물원 홈페이지 참조",가능 (184대)
127311,갈음이해수욕장,충청남도 태안군 근흥면 정죽리 산 147-46,12,충청남도,36.6957489937,126.1520087212,http://tong.visitkorea.or.kr/cms/resource/10/3340710_image2_1.jpg,"갈음이해수욕장은 천혜의 자연을 보존하고 있는 곳이다. 1970년도 후반에 군사지역으로 지정되어 민간인 출입이 통제되었다가 1990년대 중반에 군사보호지역으로부터 해제됨으로써 비로소 일반인 출입이 가능해졌다. 해변의 모래가 아주 곱고 희며, 천연의 사구가 발달되어 있어 어린이들의 생태학습에도 도움이 될 뿐만 아니라 울창한 자연 송림이 가까이 있어 야영하기 좋아 가족단위의 피서지로 적당하다. 특히, 이곳은 <찬란한 여명>, <용의 눈물>, <여인천하>, <번지 점프를 하다> 등 드라마 및 영화의 촬영지로도 알려져 있다.",,"<a href=""https://www.taean.go.kr/prog/tursmCn/tour/sub02_03/view.do?cntno=15&contentTypeCode=TC002"" target=""_blank"" title=""새창 : 태안군 문화관광 홈페이지로 이동"">https://www.taean.go.kr</a>",전구역 동반가능,전 견종 동반 가능,목줄 착용,"- 맹견의 경우, 입마개 착용 필수
- 배변봉투 지참 및 배변처리 필수",,상시 개방,연중무휴,가능
3469452,럭셔리 G 모텔,인천광역시 미추홀구 토금북로18번길 11 (용현동),32,인천광역시,37.4543445307,126.6362692579,,럭셔리 지 모텔의 위치는 시티투어를 하기 편리한 관광명소에 있습니다. 럭셔리 지 모텔 예약은 인천 여행을 더욱 편안하게 만들어 드립니다.,032-886-2393,https://gmotel2.modoo.at,일부구역 동반가능,,,,,12:00,,가능
3469451,러블리펫108 애견펜션,인천광역시 옹진군 영흥면 선재로 76-27,32,인천광역시,37.2365290775,126.5309181873,,러블리펫108 애견펜션은 천만 애견인 시대의 흐름과 요구에 맞는 최상의 서비스 제공을 위하여다방면에서 최고의 관리를 하고 있습니다.,010-6350-5535,http://lovely-pet108.co.kr,일부구역 동반가능,,,,,15:00,,가능
3469414,땅끝남도의향기,전라남도 해남군 북평면 동촌길 42-27,32,전라남도,34.4397470131,126.6408826574,,야외수영장 시설이 구비되어 있습니다 족구&배드민턴장이 설치되어 있습니다 자전거대여 가능합니다,061-535-3133,http://www.haenamstar.co.kr/,일부구역 동반가능,반려견,,,,15:00,,가능
3469412,김냇과,광주광역시 동구 구성로204번길 13 (대인동),32,광주광역시,35.1528213947,126.9158187571,,"광주광역시 동구에 위치한 감성숙소입니다.
객실마다 주방과 욕실이 있어 편안하고 쾌적하게 여행을 즐기실수 있습니다.
지하와 1층은 갤러리와 카페가 있어 문화를 즐길수 있는 복합문화공간입니다",0503-5052-1952,https://place-site.yanolja.com/places/1000108679,일부구역 동반가능,,,,,15:00,,가능
3469422,그레이70호텔,경상남도 거제시 사등면 성포로 319,32,경상남도,34.9180260651,128.5370991949,,"-전 객실 바다 전망
-무인텔 (1객실 1주차(2주차가능), 여유공용주차 공간 6대
-전객실 비데 및 샤워욕실 구비
-전 객실 무료와이파이 및 최신영화(성인채널포함) 이용가능
-청결한 침구 완비(호텔식 침구관리 서비스)
-고급 목욕어메니티 전부 무료제공
(샴푸.린스.바디워시,폼클렌징,헤어젤,헤어스프레이,일회용빗,여성청결제등등외 성인용품)
-고급가운, 헤어드라이기, 커피, 녹차 커피포트, 미니냉장고
-고급 비품제공(정품 생수3,음료3, 과자, 캔디, 캐러멜 제공)",0503-5050-5165,https://m.place.naver.com/accommodation/1933480337/,일부구역 동반가능,,,,,18:00,,가능
125469,명성산,경기도 포천시 이동면 도평리,12,경기도,38.0956743687,127.3504217471,,"가을철이면 억새산행 대상지로 유명한 산이다. 서울에서 동북으로 84㎞, 운천에서 약 7㎞ 거리에 위치한 명성산(922.6m)은 산자락에 산정호수를 끼고 있어 등산과 호수의 정취를 만끽할 수 있다. 태봉국을 세운 궁예의 애환이 호수 뒤편에 병풍처럼 펼쳐진 웅장한 명성산에 숨겨져 내려온 전설이 있는다. 망국의 슬픔을 통곡하자 산도 따라 울었다고 하는 설과  왕건의 신하에게 주인을 잃은 신하와 말이  산이  울릴 정도로 울었다 하여 울음산으로 불리다 울 ‘명’ 자 소리 ‘성’ 자를 써서 명성산으로 불린다는 전설이 있다.

언제부터인가 산능선 너머 억새꽃이 장관을 이루는 것이 산행을 한 사람들에게 전해졌다. 이에 1997년부터는 9월 말~10월 초에 산정호수 명성산 억새꽃 축제가 개최되기 시작했다. 본격적으로 산정호수 관광지와 연계하여 등산로를 개발하면서 전문 산악인과 초보자 및 남녀노소 모두가 선호하는 등산 코스로 각광받고 있다. 정상에서의 전망은 북쪽으로 오성산, 동북쪽으로 상해봉과 대성산, 백암산이, 동쪽으로 광덕산, 동남쪽으로 백운산과 국망봉이 보인다",,"<a href=""https://www.pocheon.go.kr/ktour/viewTnTursmResrceWeb.do?key=7366&resrceNo=223&sa2=CT011001"" target=""_blank"" title=""새창 : 포천문화관광 홈페이지로 이동"">https://www.pocheon.go.kr</a>",전구역 동반가능,전 견종 동반 가능,목줄 착용,"- 맹견의 경우, 입마개 착용 필수
- 배변봉투 지참 및 배변처리 필수",,상시 개방,연중무휴,가능
125782,고석정국민관광지,강원특별자치도 철원군 동송읍 태봉로 1825,12,강원특별자치도,38.1860265295,127.2869221163,http://tong.visitkorea.or.kr/cms/resource/12/3331512_image2_1.jpg,"고석정(孤石亭)은 철원 9경 중 하나이며 철원 제일의 명승지이다. 한탄강 한복판에 치솟은 10여 미터 높이의 기암 양쪽 사이로 옥같이 맑은 물이 휘돌아 흐른다. 신라 진평왕 때 한탄강 중류에 10평 정도의 2층 누각을 건립하여 고석정이라 명명했다고 하며 이 정자와 고석바위 주변의 계곡을 통틀어 고석정이라 한다. 지방기념물로 지정된 고석정은 신라 때 진평왕이, 고려 때는 충숙왕이 찾아와 노닐던 곳이라고 한다. 고석정이 더욱 유명해진 까닭은 조선시대 명종 때 임꺽정(林巨正)의 배경지로 알려지면서부터이다.

철원은 신생대 제4기 홍적세에 현무암 분출로 이루어진 용암대지로서 북북동에서 남남서 방향으로 한탄강이 흐르면서 침식 활동을 통해 곳곳에 화강암의 주상절리(柱狀節理)와 수직 절벽을 이루었다. 추가령 구조대의 중심에 위치하여 후에 경원선의 통과지가 되기도 한 철원은 임꺽정 생애 중에도 칩거하기 좋은 장소였는지 고석정 건너편에 돌벽을 높이 쌓고 산성 본거지로 삼았다 한다. 당시 함경도 지방으로부터 이곳을 통과하여 조정에 상납할 조공물을 탈취하여 빈민을 구제하는 등 부패한 사회 계급에 항거하였다. 누각은 6.25 동란 때 소실되었는데, 1971년 지방 유지들의 도움으로 10평의 2층 누각 형식의 정자가 다시 건립되었으나, 96년 수해로 유실되었고 1997년 재건축하였다.

현재도 강 중앙에 위치한 20미터 높이의 거대한 기암봉에는 임꺽정이 은신하였다는 자연 석실이 있고 건너편에는 석성이 남아 있다. 이곳은 풍치가 수려하여 철원 9경의 하나로서 연중 관광객이 끊이지 않는 국민관광지이다. 이곳에서 상류로 약 2km 지점에 직탕폭포와 하류 약 2km 지점에 순담이 위치해 있으며 넓은 잔디광장과 다목적 운동장 등이 시설되어 있어 사시사철 어느 때나 관광객이 즐겨 찾고 있다.",,"<a href=""https://www.cwg.go.kr/tour/selectTourCntntsWebView.do?tourNo=382&pageUnit=9&pageIndex=1&searchCnd=all&key=568&ctgry=49&sortTy=RECOMEND"" target=""_blank"" title=""새창 : 철원군 문화관관으로 이동"">https://www.cwg.go.kr/tour/</a>",전구역 동반가능,전 견종 동반 가능,입마개 착용,"- 맹견 및 10kg 이상 대형견의 경우, 입마개 착용 필수
- 배변봉투 지참 및 배변처리 필수",,상시 개방,연중무휴,가능
2593258,섬이정원,경상남도 남해군 남면 남면로 1534-110,12,경상남도,34.7523270827,127.8605847505,http://tong.visitkorea.or.kr/cms/resource/51/3304451_image2_1.jpg,섬이정원은 보물섬 남해에 한려해상공원의 아름다운 바다가 내려다보이는 유럽식 정원이다. 이곳은 다랑논의 오래된 돌담과 연못 그리고 생울타리에 다양한 초본과 억새들로 연출한 정형적이고 자연스러운 모습이다. 궁궐이 담과 문으로 독립적이면서 서로 연결되어 공간이 만들어지듯이 다랑논의 높낮이를 이용하여 9개의 작은 정원들이 방의 개념으로 분할돼 각 방마다 개성 있는 모습을 하고 있고 때로는 서로 어울려 다른 정경을 보여준다.,,"<a href=""http://www.seomigarden.com/"" target=""_blank"" title=""새창: 섬이정원 홈페이지로 이동"">http://www.seomigarden.com/</a>",일부구역 동반가능,9kg 이하 동반 가능,목줄 착용,"- 맹견의 경우, 입마개 착용 필수
- 배변봉투 지참 및 배변처리 필수",,09:00~18:00,연중무휴,가능
2652577,담양 메타프로방스,전라남도 담양군 담양읍 깊은실길 2-17,12,전라남도,35.3226453273,127.001826311,http://tong.visitkorea.or.kr/cms/resource/23/3340923_image2_1.jpg,"메타 프로방스는 연간 약 500만 명의 관광객이 방문하는 전라남도 담양에 조성되어 있는 관광단지로 대한민국에서 가장 아름다운 가로수길로 선정된 담양 메타세쿼이아 길 바로 옆에 위치해 있으며 휴양지로 유명한 프랑스의 도시 프로방스를 그대로 옮겨놓은 듯한 감성을 가지고 있다. 메타 프로방스는 개인 관광객 뿐만 아니라 가족 및 동호회 단위의 관광객들을 위한 패션 거리, 디자인 공방과 체험관, 상업 공간, 그리고 연회장 등 문화와 예술, 비즈니스가 공존하는 열린 공간으로 이루어져 있으며, 다양하고 차별화된 양질의 서비스를 통하여 찾아주시는 모든 분들께 특별한 추억과 새로운 경험을 드릴 수 있도록 노력하고 있다.",,"<a href=""http://metaprovence.co.kr/""target=""_blank"" title=""새창: 메타프로방스"">http://metaprovence.co.kr/</a>",일부구역 동반가능,전 견종 동반 가능,목줄 착용,"- 실내 매장의 경우, 정책이 상이하므로 개별 문의 필요
- 맹견의 경우, 입마개 착용 필수
- 배변봉투 지참 및 배변처리 필수",,,,가능
3097770,사직 빛의 숲,광주광역시 남구 사직길 49 (사동),12,광주광역시,35.1419253355,126.9118638245,http://tong.visitkorea.or.kr/cms/resource/33/3097733_image2_1.jpg,"사직 빛의 숲은 광주의 역사와 미디어라는 주제로 사직공원의 동물원 옛터, 사직단, 숲 산책로, 전망타워 등 사직단의 역사적 소재를 활용한 테마파크형 미디어아트 공원이다. 사직단에서 나라의 안녕과 번영, 그리고 풍요를 기원하는 사람들의 수많은 소망이 모여 밤하늘의 별이 되고 은하수가 되어 사직공원으로 내려와 빛의 숲을 완성한다는 스토리로 구성했다. 조명과 영상, 음악이 함께 어우러진 융복합형 콘텐츠를 구축하고, 시민들의 동작에 반응하는 인터랙티브 아트를 통해 다양한 체험과 볼거리를 제공한다.",,,전구역 동반가능,전 견종 동반 가능,목줄 착용,"- 맹견의 경우, 입마개 착용 필수
- 배변봉투 지참 및 배변처리 필수",,"동절기(11월~3월) 18:30~22:30<br>
하절기(4월~10월) 19:30~23:00<br>
※ 전망타워 라이트쇼는 21:40까지 운영",연중무휴,가능 (사직공원 내 주차장)
128778,강원 경찰충혼탑,강원특별자치도 춘천시 서면 신매리 68-4,12,강원특별자치도,37.9167408445,127.7130161606,http://tong.visitkorea.or.kr/cms/resource/36/3381636_image2_1.JPG,"강원 경찰충혼탑은 강원도 춘천시 서면 신매리에 있다. 충혼탑 앞으로는 북한강이 유유히 흐르고 있으며 충혼탑 옆에는 수백 년은 됨직한 초대 대통령 이승만 하사목 느티나무가 서 있다. 이 충혼탑은 6·25 전쟁 당시 전사하거나 공무수행 중에 순직한 강원 경찰의 넋을 추모하고 숭고한 희생정신을 후세에 전하기 위해 마련한 것으로 춘천 봉의산에 처음 세워졌다. 그 뒤, 2000년 1월 강원지방경찰청에서 건립하여 현재의 위치에 전사자 525위, 순직자 161위 총 686위를 봉안하였다.
충혼탑은 경찰의 상징인 참수리가 창공을 힘차게 날아오르는 모습을 형상화한 조형물로 경찰의 위용을 잘 드러내고 있다. 해마다 신년하례와 6월 6일 현충일에는 순직 경찰관에 대한 넋을 기리며 추모 제례를 올리고 있다.",,"<a href=""https://www.ex-police.or.kr/data/heros.php?ptype=view&idx=22890&page=5&code=heros"" target=""_blank"" title=""새창: 대한민국재향경우회 홈페이지로 이동"">http://www.ex-police.or.kr</a>",전구역 동반가능,전 견종 동반 가능,목줄 착용,"- 맹견의 경우, 입마개 착용 필수
- 배변봉투 지참 및 배변처리 필수",,상시 개방,연중무휴,가능
128787,춘천봉의산성,강원특별자치도 춘천시 소양정길42번길 24 (소양로1가),12,강원특별자치도,37.8921412746,127.7315485378,http://tong.visitkorea.or.kr/cms/resource/42/3381642_image2_1.JPG,"봉의산성은 강원특별자치도 기념물로 춘천의 진산인 봉의산 능선 가파른 지형을 이용해 쌓은 고대산성이다. 춘천은 사방이 산지로 둘러싸인 분지형 지역인데 봉의산에 오르면 동·서·남·북 4면을 모두 조망할 수 있어 전략적·지리적 요충지로 이곳에 봉의산성을 축성한 것으로 보인다. 봉의산성의 축성 시기는 정확하지 않아 이견이 많은데 고려시대에 축성됐다는 설과 그 이전인 신라시대에 만들어졌다는 설이 대표적이다.
성 내부에는 우물터가 남아 있고 3개의 건물터와 신라 토기 조각과 명문 기와를 비롯한 신라말 고려 초기의 기와 조각을 찾아볼 수 있어 봉의산성은 삼국시대에 축성되어 고려, 조선에 이르기까지 활용되었던 것으로 여겨진다.
봉의산성에서는 여러 차례 전쟁의 항전 흔적이 남아있는데, 〈고려사절요〉에 의하면 거란족의 침입으로 안찰사 노주한이 이곳에서 전사하였고, 〈고려사〉에는 몽골족의 4차 침입 때 춘천 주민들이 산성에 들어가 항거하였다는 기록이 남아있다. 몽골의 침입과 임진왜란, 한국전쟁 등 국가의 전란이 있을 때마다 봉의산성은 중요 격전장이 되었고, 수많은 사람의 희생이 있었던 안타까운 역사의 현장이기도 하다.",,"내곁에 춘천 <a href=""https://www.chuncheon.go.kr/tour/"" target=""_blank"" title=""새창 : 내곁에 춘천 홈페이지로 이동"">https://www.chuncheon.go.kr/tour/</a><br>국가유산청 <a href=""https://www.heritage.go.kr/heri/cul/culSelectDetail.do?ccbaCpno=2333200260000&pageNo=1_1_1_1&sngl=Y"" target=""_blank"" title=""국가유산청 사이트로 이동"">https://www.heritage.go.kr/</a>",전구역 동반가능,전 견종 동반 가능,목줄 착용,"- 맹견의 경우, 입마개 착용 필수
- 배변봉투 지참 및 배변처리 필수",,상시 개방,연중무휴,가능
129400,김녕성세기해변 (김녕해수욕장),제주특별자치도 제주시 구좌읍 구좌해안로 237,12,제주특별자치도,33.5566778337,126.7596485488,http://tong.visitkorea.or.kr/cms/resource/91/3480191_image2_1.jpg,"하늘에서 바라본 모습이 한문 평(平) 자를 이룬 모양을 하고 있어 김녕이라고 불리는, 김녕마을에 있는 해수욕장이다. 거대한 너럭바위 용암 위에 모래가 쌓여 만들어졌으며, 성세기는 외세의 침략을 막기 위한 작은 성이라는 뜻이 담겨 있다.
하얀 모래에 부서지는 파도들이 시원한 소리를 내고, 코발트빛 바다 풍경이 제주 자연의 아름다움을 새삼 느끼게 해주는 곳이다.
해변가를 걷다 보면 제주의 바람으로 돌아가는 김녕풍력발전기들을 관찰할 수 있다. 인근에는 갓돔과 노래미돔이 잘 잡히는 갯바위 낚시터가 낚시꾼들에게 인기 명소이며, 용천동굴, 당처물동굴, 만장굴 등 다양한 굴이 근처에 위치해 있어 여름에 시원하게 피서를 즐길 수 있다.
김녕해수욕장은 특이한 지형으로 인해 지질트레일도 조성이 되어 있는데, 지질트레일은 유네스코 세계지질공원을 활용해 각 지역의 지질자원과 마을의 역사 및 문화와 어울려진 도보길이다.",,"<a href=""https://www.visitjeju.net/u/5Xx"" target=""_blank"" title=""새창 : 제주 문화관광 사이트로 이동"">http://www.visitjeju.net/</a>",일부구역 동반가능,전 견종 동반 가능,목줄 착용,"- 맹견의 경우, 입마개 착용 필수
- 배변봉투 지참 및 배변처리 필수",,10:00~19:00,연중무휴,가능
2661814,만인산 자연휴양림,대전광역시 동구 산내로 106,12,대전광역시,36.2022976798,127.4547630291,http://tong.visitkorea.or.kr/cms/resource/87/3350787_image2_1.jpg,"조선시대에는 산세가 수려하여 태조대왕과 왕자의 태를 모시기도 했던 만인산, 이곳에 만인산 자연휴양림이 위치해 있다. 만인산자연휴양림은 1997년에 개장하여 활엽수가 울창한 산림을 이루고 있는 도시근교 휴양림으로 도시민들의 쾌적한 휴식처 역할을 한다. 만인산 푸른 학습원 인근에 위치한 자연휴양림 내에는 학습농장과 자연관찰로, 만인루각, 만인산 휴게소 등의 시설이 있다. 또 유형문화재 131호인 이태조태실도 볼 수 있다.",,"<a href=""https://www.maninforest.or.kr/kor/index.do"" target=""_blank"" title=""새창 : 만인산 자연휴양림 홈페이지로 이동"">https://www.maninforest.or.kr/</a>",일부구역 동반가능,전 견종 동반 가능,목줄 착용,"- 휴양관(숙소)은 동반 불가
- 맹견의 경우, 입마개 착용 필수
- 배변봉투 지참 및 배변처리 필수",,숙박 15:00~익일 11:00,"매월 둘째 주, 넷째 주 화요일",가능<br>요금 (무료)
129659,어비계곡,경기도 가평군 설악면 어비산길99번길 9-10,12,경기도,37.6002624822,127.495092496,http://tong.visitkorea.or.kr/cms/resource/79/3381879_image2_1.JPG,"용문산과 유명산 사이에 숨은 듯 있는 어비산 자락을 감싸고도는 시원한 계곡이 바로 어비계곡이다. 지금은 개울 같은 계곡에 불과하지만 예전에는 물고기가 날아다니는 것처럼 보일 정도로 뛰어난 계곡이었다고 한다. 그래서 이름도 어비[魚飛]다. 수심이 적당하고 너른 바위를 따라 더 깊이 올라갈 수 있으며 상류에는 사람이 발길이 적어 자연 그대로의 계곡을 마주할 수 있다. 비가 온 후에는 계곡물이 불어날 수 있으니 주의해야 한다. 경기도 청정계곡 일환으로 잘 정비된 이곳은 예전엔 계곡을 따라 테이블을 놓고 사유지처럼 식당들이 사용하던 것을 깨끗이 정비하여 계곡을 찾는 누구나 이용할 수 있게 하였다. 계곡을 따라 데크길이 설치되어 있고 성수기에는 데크다리와 계곡 중앙에서 분수처럼 물이 쏟아지기도 하며 야간 경관 조명이 설치되어 밤에는 색다른 풍경을 볼 수 있다. 성수기만 틀어준다는 분수는 겨울에는 가평 빙벽계곡으로도 유명하다.  근처에 식당이나 펜션, 캠핑장 등이 있어서 식사나 휴식을 취하기에도 좋다.",,"<a href=""https://www.gptour.go.kr/tour/tour_view.jsp?menu=tour&submenu=main&paramidx=TL0000076"" target=""_blank"" title=""새창 : 가평 문화관광 페이지로 이동"">https://www.gptour.go.kr/tour</a>",일부구역 동반가능,,,"동반가능(단, 개목줄 착용, 배설물 처리를 위한 비닐봉지 등을 구비한 이용객에 한하여 허용)",,상시 개방,연중무휴,불가능
2638571,추암 출렁다리,강원특별자치도 동해시 촛대바위길 28 (추암동),12,강원특별자치도,37.4770166205,129.1589405415,http://tong.visitkorea.or.kr/cms/resource/46/3345046_image2_1.jpg,"일출로 유명한 추암 촛대바위가 있는 추암해변에 2019년 6월 새로이 신설된 72m 길이의 해상 출렁다리로 국내에서는 유일하게 바다 위에 지어진 출렁다리다. 추암의 절경을 배경으로 멋진 사진을 찍을 수 있는 곳이다. 다리 위에서 바라보는 항구와 해수욕장, 갯바위들의 풍경을 한눈에 담을 수 있다. 악천후(강우, 강설, 강풍 등) 시 입장이 통제될 수 있다.",,"<a href=""https://www.dh.go.kr/tour/selectTourCntntsWebView.do?key=1620&ctgryNo=4&tourNo=69""target=""_blank"" title=""새창: 동해 문화관광"">http://www.dh.go.kr/tour/</a>",전구역 동반가능,전 견종 동반 가능,"목줄 착용,이동장(켄넬)사용","- 맹견의 경우, 입마개 착용 필수
- 배변봉투 지참 및 배변처리 필수",,"- 하절기 06:00~22:00<br>
- 동절기 06:00~20:00","연중무휴<br>※ 악천후(강우, 강설, 강풍 등)시 입장 통제",가능
2615225,고석정 (한탄강 유네스코 세계지질공원),강원특별자치도 철원군 동송읍 태봉로 1825,12,강원특별자치도,38.1860265295,127.2869221163,http://tong.visitkorea.or.kr/cms/resource/67/3351667_image2_1.jpg,"고석(孤石)은 철원군 동송읍 장흥리 일대의 한탄강 협곡 내에서 관찰되는 높이 약 15m의 화강암 바위다. 주변에는 고석정(孤石停)이라는 누각이 위치하고 있어 일대의 협곡을 총칭하여 고석정이라는 지명으로 부르기도 한다. 일대는 현무암 용암대지 형성 이전의 지형과 함께 현무암질 용암이 기반암 위로 흘러 용암대지를 형성한 사실을 확인할 수 있는 중요한 지질·지형 학습장으로 높은 가치를 지니고 있다. 고석은 철원 땅이 용암으로 덮이기 이전에 있던 기반암으로 약 1억 1천만 년 전(백악기 중기)에 지하에서 형성된 화강암이다. 이는 오랜 기간의 작용에 의하여 지표에 드러난 이후 약 54만 년 전에서부터 약 12만 년 전 사이에 일어난 화산활동에 의하여 현무암 용암류에 뒤덮였다가 한탄강에 의해 침식작용이 일어나 새로운 물길을 형성하는 과정에서 지표에 다시 드러나게 된 것이다.

(출처 : 한탄강지질공원)",033-450-4810,"<a href=""http://www.hantangeopark.kr/bbs/content.php?co_id=sight_01_04""target=""_blank""title=""새창 : 한탄강 지질공원"">http://www.hantangeopark.kr/</a>",전구역 동반가능,전 견종 동반 가능,목줄 착용,"- 맹견의 경우, 입마개 착용 필수
- 배변봉투 지참 및 배변처리 필수",,상시 개방,연중무휴,가능
2948051,산양큰엉곶,제주특별자치도 제주시 한경면 청수리 청수리 956-6,12,제주특별자치도,33.29072971,126.2503099104,,"산양큰엉곶은 곶자왈 지대로서 제주 4대 곶자왈중 한경-안덕 곶자왈에 속해 있으며 평지가 아닌 숲을 뜻하고 크게 달구지길과 숲길로 나누어져 있다. 달구지길은 남녀노소뿐만 아니라 휠체어 및 유모차로도 탐방이 가능하며 동화 속 숲 속의 작은 마을을 구현하여 마녀의 집, 공주의 집, 난쟁이의 집, 숲 속의 기찻길, 새 둥지와 같은 포토존이 많이 있으며 소와 말이 달구지를 끌고 가는 제주의 옛 모습을 볼 수 있다. 숲길 탐방로는 곶자왈의 원시림을 깊이 즐길 수 있으며 총 3.5km의 길로 다양한 식생과 독특한 생태계가 형성되어 있다. 
3.5km에 달하는 생태숲길은 마치 동화나라로 초대받은 기분이 든다. 박공지붕의 통나무집, 조릿대로 엮은 집채만 한 새 둥지, 다람쥐 바퀴 모양의 그네, 곶자왈 속 작은 기찻길 등 자연과 하나 된 포토존에 눈을 뗄 수 없다. 달구지길은 나무로 둘러싸인 숲길을 유모차와 휠체어도 다닐 수 있는 무장애 길이다. 걷다가 만나는 소달구지와 말달구지는 산양큰엉곶만의 매력이다. 책에서만 만나던 황소와 제주 조랑말을 직접 눈앞에서 볼 수 있음에 아이들은 반가워한다. 소달구지와 말달구지는 직접 탑승하고 체험할 수 있으며 먹이 주기와 꽃 팔지 만들기, 키즈 가드닝, 식물 옮겨심기 등 체험학습도 다양하게 진행 중이다. 숲길 탐방로는 원시림을 깊이 즐기고 싶은 올레객에게 안성맞춤이다. 한 사람씩 걸을 수 있는 호젓한 숲길은 자연 친화적으로 정비되어 있어 오롯이 자연을 느끼며 감성적 그리움에 빠져들기 좋다. 계절마다 다른 식물과 꽃들이 각각의 향기로 코끝을 자극하는 곳이다. 화산 활동으로 인한 다양한 식생과 독특한 생태계는 제주에서만 볼 수 있는 풍경이다. 숯을 생산했던 숯가마터와 4.3 당시 마을 사람들이 피신했던 궤(굴)도 볼 수 있어 제주의 아픔까지 느낄 수 있는 숲길이다.",,"<a href=""https://www.instagram.com/sanyang_keunkot/""target=""_blank"" title=""새창 : 업체인스타그램 이동"">https://www.instagram.com/sanyang_keunkot/</a>",전구역 동반가능,전 견종 동반 가능,목줄 착용,"- 맹견의 경우, 입마개 착용 필수
- 배변봉투 지참 및 배변처리 필수",,09:30~18:00 (입장마감 17:00),연중무휴,가능<br>요금 (무료)
2930371,춘천시 반려견놀이터 같이놀개,강원특별자치도 춘천시 영서로 3282,12,강원특별자치도,37.9416101578,127.7122821547,http://tong.visitkorea.or.kr/cms/resource/12/3382612_image2_1.JPG,"춘천시 반려견놀이터 같이놀개는 사람과 동물이 공존하는 행복한 세상을 만들기 위해 설립된 춘천시 동물보호센터 내에 있는 반려견 전용 놀이터이다. 1층에는 유기견을 수용하는 보호동, 유기동물 전용 동물병원, 보호 중인 동물의 분양상담을 위한 입양카페가 있고 2층에는 교육실과 사무실로 이루어져 있으며, 외부에는 반려견 놀이터가 조성되어 있다.

(출처 : 춘천시 동물보호센터 홈페이지)",,"<a href=""https://aps.chuncheon.go.kr/main"" target=""_blank"" title=""새창 : 춘천시 동물보호센터 홈페이지로 이동"">aps.chuncheon.go.kr</a>",,"동물등록을 완료한 반려견, 
예방접종 4차 이상 완료한 반려견,
맹견 X",자유이용,"중·소형견(체고 40cm이하), 대형견(체고 40cm초과) 가능","펜스,안전문,운동장,놀이기구,놀이터 내 잔디밭, 배변봉투함, 음수전",10:00~18:00,매주 월요일 / 우천 시 / 설·추석 당일,가능
2709524,삼목선착장,인천광역시 중구 영종해안북로847번길 55 (운서동),12,인천광역시,37.4985639507,126.4532403015,http://tong.visitkorea.or.kr/cms/resource/34/3381734_image2_1.jpg,"삼목선착장은 인천 중구의 영종도와 과거 삼목도였던 곳에 위치한 부두이다. 
인천국제공항 건설을 위해 영종도와 용유도 사이에 방조제가 건설되자 웅진군 북도면의 섬들 사이를 연결하는 배편 운항이 어렵게 되면서, 주민들의 교통 편의와 물자 운송을 위해 선착장이 만들어지게 되었다.",,"<a href=""http://www.sejonghaeun.com/fare/""target=""_blank"" title=""삼목선착장"">http://www.sejonghaeun.com/fare/</a>",전구역 동반가능,전 견종 동반 가능,목줄 착용,"- 승선 시 보호자가 안고 탑승하는 것을 권장
- 맹견의 경우, 입마개 착용 필수
- 배변봉투 지참 및 배변처리 필수",,홈페이지 참조,,가능
1938398,수암골 벽화마을,충청북도 청주시 상당구 수암로 58,12,충청북도,36.6472835628,127.4943001085,http://tong.visitkorea.or.kr/cms/resource/98/3353798_image2_1.jpg,충북 청주시 상당구 수암로 일대에 자리한 수암골은 청주를 찾는 여행자들이 꼭 들르는 최고의 명소가 됐다. 한국전쟁 후 피난민들이 정착하면서 형성된 달동네로 한때 초라하고 적막한 모습이었으나 2007년에 진행된 공공미술 프로젝트와 함께 달라지기 시작했다. 곳곳에 앙증맞고 화사한 벽화가 그려지면서 동네는 활기를 되찾았다. 이후 드라마 촬영지로 알려지면서 수암골을 찾아드는 여행자들이 점점 늘었다. 우암산 자락에 위치해 청주 시내를 한눈에 내다볼 수 있다는 점도 매력적이다. 저녁노을이 질 무렵 내려다보는 풍광이 아름답다. 드라마 세트장을 활용한 음식점과 전망 좋은 카페가 자리하였다.,,"<a href=""https://www.cheongju.go.kr/ktour/selectClturCntnts2019View.do?key=20328&clturCntntsNo=2080&clturCode=12&pageUnit=8"" target=""_blank"" title=""새창: 청주시 문화관광 홈페이지로 이동"">http://www.cheongju.go.kr</a>",일부구역 동반가능,전 견종 동반 가능,목줄 착용,"- 주거 지역으로 주민들에게 피해가 되는 행동(짖음, 물림사고 등) 주의 필요
- 시설 입장의 경우 개별 문의 필요
- 맹견의 경우, 입마개 착용 필수
- 배변봉투 지참 및 배변처리 필수",,"상시 개방<br>
※ 주거 지역이니 21:00 이후는 방문 자제",연중무휴,가능
3049858,맨하탄호텔,경상남도 남해군 남해읍 화전로 60-3,32,경상남도,34.8367460007,127.8946990482,,"경상남도 남해군 남해읍 번화가에 위치한 맨하탄 호텔은 남해 공용터미털과 가깝고 전통시장, 편의점, 맛집 등도 바로 주변에 있어 편리하게 여행할 수 있다. 주차 공간이 넓어 주차가 편리하다. 객실은 온실과 침실로 구성되어 있고 공간이 넓어 쾌적하게 묵을 수 있으며, 일부 객실에는 욕조가 있어 하루의 피로를 풀기에도 좋다. 인근에 독일마을, 다랭이마을, 금산보리암, 상주해수욕장, 골프장 등이 있다.","055-864-1002, 055-864-1003, 010-5567-1700",,,불가,,,,16:00,,가능
3044585,바다내음펜션,강원특별자치도 평창군 봉평면 흥정계곡길 410,32,강원특별자치도,37.6438730481,128.3311210307,http://tong.visitkorea.or.kr/cms/resource/30/3054030_image2_1.jpg,"바다내음펜션은 해발 750m 평창 봉평면 흥정 계곡에 위치한 작은 리조트로, 사계절 내내 맑은 공기와 푸르른 산과 계곡, 단풍과 설경을 즐길 수 있다. 특히 바로 앞에 흥정계곡이 있어 여름에 물놀이를 하기에 좋다. 객실 타입별로 단층과 복층으로 나뉘고 테라스바비큐가 가능하기도 하다. 애견동반펜션으로도 입소문이 나 반려견 손님들이 많이 찾는다. 탁트인 넓은 마당에서 아이들이나 애견이 뛰어놀며 좋은 추억을 만들 수 있다.",010-5176-1613,<a href=“http://badanaeeum.co.kr/“ target=“_blank” title=“새창 : 공식홈페이지로 이동”>http://badanaeeum.co.kr/</a>,일부구역 동반가능,반려동물 동반 가능,"목줄 착용,매너벨트 착용",,대형 운동장,15:00,,가능
1957433,예양서원,전라남도 장흥군 장흥읍 예양4길 15-7,12,전라남도,34.6764330935,126.8998875114,http://tong.visitkorea.or.kr/cms/resource/45/3381145_image2_1.JPG,"예양서원은 장흥군에 있는 이색을 추모하기 위해 창건한 서원이다. 1620년 이색의 학문과 덕행을 추모하기 위해 창건하여 위패를 모셨다. 1668년에 신잠과 김광원을 추가 배향하고 1681년에 남효온, 1683년에 유호인을 추가 배향하여 선현 배향과 지방 교육의 일익을 담당하였다. 이후 1970년 지방 유림에 의해 복원되어 오늘에 이르고 있다. 
경내의 건물로는 3칸의 사우, 4칸의 강당, 4칸의 제숙사 등이 있다. 사우의 중앙에는 이색의 위패가 봉안되어 있고 좌측에는 남효온과 신잠, 우측에는 김광원과 유호인의 위패가 봉안되어 있다. 강당은 중앙의 마루와 양쪽 협실로 되어 있으며, 원내의 여러 행사와 회합장소로 사용된다. 제숙사는 향례 때 제관들이 거처하는 곳으로 매년 9월 9일에 향사를 지내고 있다.",,,전구역 동반가능,전 견종 동반 가능,목줄 착용,"- 맹견의 경우, 입마개 착용 필수
- 배변봉투 지참 및 배변처리 필수",,상시 개방,연중무휴,가능
1624311,명량해협 울돌목,전라남도 진도군 군내면 녹진리,12,전라남도,34.5717433976,126.3053145953,http://tong.visitkorea.or.kr/cms/resource/89/1609489_image2_1.jpg,"울돌목은 이충무공의 3대 해전 중의 하나인 명량대첩지로 잘 알려진 서해의 길목으로, 해남과 진도 간의 좁은 해협을 이루며 바다의 폭은 한강 너비 정도의 294m 내외이다. 물길이 암초에 부딪혀 튕겨 나오는 소리가 매우 커 바다가 우는 것 같다고 하여 울돌목이라고도 불린다. 물살이 빠르고 거품물이 용솟음쳐 배가 운항하기 힘든 곳이다. 바다라기보다는 홍수진 강물로 보이며 물길이 소용돌이쳤다가 솟아오르면서 세차게 흘러내려 그 소리가 해협을 뒤흔든다. 이는 해협의 폭이 좁은 데다가 해구가 깊은 절벽을 이루고 있어 흐르는 물살이 이에 부딪쳤다가 솟아오르기 때문이다. 이런 지형적 환경을 이용하여 정유재란 당시 명량해전에서 이순신장군은 13척의 배를 가지고 130여 척으로 공격해 오는 왜군을 상대로 대승을 거두었다. 울돌목 해변가에는 데크길과 수변공원이 조성되어 있고 울돌목 스카이워크를 설치하여 바다 위를 걸으며 울돌목의 바닷물살과 소용돌이를 발밑으로 실감할 수 있다.",,,전구역 동반가능,전 견종 동반 가능,"목줄 착용,이동장(켄넬)사용","- 건물 내부 입장 시 이동장(켄넬) 사용 필수 
- 맹견의 경우, 입마개 착용 필수
- 배변봉투 지참 및 배변처리 필수",,상시 개방,연중무휴,가능
2652444,단장 이팝꽃 터널길,경상남도 밀양시 단장면,12,경상남도,35.485566801,128.9312688684,http://tong.visitkorea.or.kr/cms/resource/81/3374781_image2_1.JPG,"밀양시 단장면 이팝꽃 터널길은 밀양 평리산 대추정보화 마을을 거쳐 밀양댐 생태공원으로 가는 길로, 단장면 범도리 범도교에서 밀양댐 생태공원 간 약 4㎞에 이르는 코스이다. 매년 5월이면 이팝나무 가로수가 꽃이 피어 장관을 이루는 곳으로 개화 시기를 맞춰서 가면 멋진 이팝꽃 터널을 만날 수 있다. 이팝꽃 터널길을 올라가면 밀양댐을 만날 수 있으며, 밀양댐 전망대 등 댐 주변도 관광명소 중 하나이다.",,,일부구역 동반가능,,,,,상시 개방,연중무휴,가능
1624477,장암정,전라남도 영암군 영암읍 무덕정길 67,12,전라남도,34.8058907299,126.7308742237,http://tong.visitkorea.or.kr/cms/resource/85/3382085_image2_1.JPG,"장암정은 장암 대동계에서 현종 9년(1668)에 동약의 모임 장소로 지은 정자이다. 마을 유생들이 모여 향약을 읽으며 잔치를 하던 향음주례, 백일장, 회갑연 등과 나라의 행사가 있을 때 쓰이던 곳이라고 한다. 동약이란 조선시대 시골 마을에서 마을 사람들 스스로 만들어 놓은 규칙으로, 좋은 일은 서로 권유하고 잘못은 서로 바로 잡아주며, 어려운 일이 있으면 서로 도와주는 것을 목적으로 한다. 지금 있는 정자는 영조 36년(1760), 정조 12년(1788), 순조 19년(1819)에 각각 고쳐지었으며, 고종 17년(1880)에 전체적으로 보수 공사를 하였고, 1976년에 일부를 수리했다. 정자는 앞면 4칸, 옆면 3칸 규모이며 지붕은 옆면에서 볼 때 여덟 팔(八)자 모양인 팔작지붕으로 꾸몄다. 앞쪽에 마루를 깔아 개방된 구조이며 뒤쪽 중앙으로 마루방 2칸을 두었다. 장암정은 건축적으로 큰 특징은 없으나, 동약의 집회소로 남아 있는 건물이 드물고, 조선 후기 호남지방의 시골 생활사를 반영하는 기록들을 보관하고 있어 역사 자료로 가치가 크다.",,"<a href=""https://www.yeongam.go.kr/home/tour/spectacle/spectacle_03/show/73?page=1"" target=""_blank"" title=""새창 : 영암군 문화관광 홈페이지로 이동"">https://www.yeongam.go.kr/home/tour</a>",전구역 동반가능,전 견종 동반 가능,목줄 착용,"- 맹견의 경우, 입마개 착용 필수
- 배변봉투 지참 및 배변처리 필수",,상시 개방,연중무휴,가능
2637753,평창 육백마지기,강원특별자치도 평창군 미탄면 청옥산길 583-76,12,강원특별자치도,37.4034182262,128.5151311058,http://tong.visitkorea.or.kr/cms/resource/30/3331630_image2_1.jpg,"평창 미탄면에 위치한 청옥산 육백마지기는 ‘볍씨 육백 말을 뿌릴 수 있을 정도로 넓은 평원’이라 하여 붙여진 지명이다. 축구장 여섯 개 정도를 합쳐 놓은 넓은 초원으로 이미 많은 사람들에게는 평창 여행의 명소로 손꼽히고 있다. 
오늘날 육백마지기는 자동차로 쉽게 오를 수 있는 산 정상이자 자연 친화적 관광명소로 떠올랐다. 산길을 따라 올라가다 보면 능선을 따라 풍력발전기가 보이기 시작한다. 탁 트인 하늘 아래 대형 풍력발전기가 돌아가는 모습이 마치 그림 같은 풍경을 연출한다. 
육백마지기의 가장 아름다운 시기는 6월에서 7월이다. 일명 ‘계란프라이꽃’이라 불리는 샤스타데이지가 만개하여 넓은 초원을 뒤덮어 더욱 아름답다. 아담한 성의 모양 조형물, 산 능선을 배경으로 사진을 찍을 수 있는 무지개 의자 등 곳곳에 포토존이 자리한다.",,"<a href=""https://tour.pc.go.kr/Home/H20000/H20200/placeDetail?place_no=231&viewType=gallery&curationGroup=1&page=1&pageSize=12&search_column=1&search_keyword=%EC%9C%A1%EB%B0%B1%EB%A7%88%EC%A7%80%EA%B8%B0&order_column=1&place_type=12"" target=""_blank"" title=""새창 : 평창군 문화관광으로 이동"">https://tour.pc.go.kr/Home/</a>",전구역 동반가능,전 견종 동반 가능,목줄 착용,"- 맹견의 경우, 입마개 착용 필수
- 배변봉투 지참 및 배변처리 필수",,상시 개방,연중무휴,가능
126132,대구앞산공원,대구광역시 남구 앞산순환로 574-87,12,대구광역시,35.8290189503,128.5890560428,http://tong.visitkorea.or.kr/cms/resource/43/3338343_image2_1.jpg,"대구시 남구에는 해발 660m의 앞산이 솟아있다. 앞산은 좌우로 산성산(653m), 대덕산(546m)을 거느리고 있다. 이들 세 산 줄기의 북쪽 계곡에 조성된 공원이 앞산공원이다. 1970년부터 공원으로 개발해 왔고 1981년부터 다시 10년 계획으로 개발되었다. 대구시에서 가장 큰 도시자연공원으로 508만 평에 이른다. 정상 부근까지 총연장 790m의 케이블카가 운행되며, 산기슭에는 궁도장, 승마장, 수영장이 있고, 시조작가 이호우 시비와 1979년에 지어진 낙동강 승전기념관도 있다. 큰골 대덕동산은 조경시설이 훌륭하여 가족 단위 나들이 및 청춘남녀의 데이트 코스로 각광받고 있다.

대구앞산공원에는 대구 시민들의 여가공간이라는 이름에 걸맞게 다양한 산책로가 있다. 기본적으로는 대구앞산공원을 시작으로 앞산과 연계된 산책로와 대구앞산공원에서 산성산으로 이어지는 산책로, 그리고 대덕산과 연계된 산책로가 있다. 이렇게 다양한 산책로는 각각 2km에서 4km에 이르기 때문에 취향과 체력에 따라 산책로를 선택할 수 있다는 것이 가장 큰 장점이다. 케이블카를 타고 앞산전망대에 에 올라가면 눈앞에 펼쳐지는 대구 경치를 볼 수 있다.",,"대구 문화관광 <a href=""https://www.daegu.go.kr/env/index.do?menu_id=00000935"" target=""_blank"" title="" 사이트로 이동"">https://www.daegu.go.kr</a>",전구역 동반가능,전 견종 동반 가능,목줄 착용,"- 맹견의 경우, 입마개 착용 필수
- 배변봉투 지참 및 배변처리 필수",,"하절기 10:00~19:00<br>
동절기 10:00~18:00",연중무휴,가능<br>요금 (무료)
2755474,난정리 전망대,인천광역시 강화군 교동면 난정리 729,12,인천광역시,37.7762804449,126.2294947954,http://tong.visitkorea.or.kr/cms/resource/67/3387867_image2_1.JPG,"난정리 전망대는 강화 교동도 서쪽에서 북한을 조망할 수 있는 소규모 팔각정이다. 전망대는 2층으로 구성되어 있고, 2층에 망원경 2대가 마련되어 있다. 전망대에서 북한까지는 직선거리 약 5.5km로 망원경을 사용하여 북한 황해도 해남리 일대를 조망할 수 있다. 망원경은 무료이다. 전망대 앞으로 위치한 난정리 저수지는 상당히 크게 펼쳐져 있는데 주변 풍경과 더불어 운치를 자아낸다. 인근에는 해바라기마을정원이 위치하여 함께 관광하기 좋다.",,"<a href=""https://itour.incheon.go.kr/ssst/ssst/detail.do?cotId=APD21112609141897650"" target=""_blank"" title=""새창 : 홈페이지로 이동"">https://itour.incheon.go.kr/</a>",전구역 동반가능,전 견종 동반 가능,목줄 착용,"- 맹견의 경우, 입마개 착용 필수
- 배변봉투 지참 및 배변처리 필수",,상시 개방,연중무휴,가능<br>요금 (무료)
2704119,반곡지,경상북도 경산시 남산면 반곡리,12,경상북도,35.7805145683,128.8066632546,http://tong.visitkorea.or.kr/cms/resource/96/3368496_image2_1.jpg,"경산시에 위치한 반곡지는 1903년에 만든 농업용 저수지이다.  이곳은 ‘사진 찍기 좋은 녹색명소’로 문화체육관광부가 선정, ‘우리 마을 향토자원 Best 30선’으로 안전행정부가 선정, 드라마 <아랑사또전> <대왕의 꿈>, 영화 <허삼관> 등을 촬영지로 유명하기도 하다. 
수백 년 된 왕버들 20여 거루가 줄지어 선 150m가량의 나무터널 흙길을 걷다 보면 한적한 농촌마을의 정취와 삶의 여유를 느낄 수 있다. 사진 애호가뿐만 아니라 많은 관광객이 찾고 있으며, 매년 복사꽃 필 무렵에 최고의 절정을 이룬다.",,"<a href=""https://www.gbgs.go.kr/open_content/tour/page.do?sortKwd=&srchKwd=&listType=&mnu_uid=5712&con_uid=235&cmd=2&pageNo=1"" target=""_blank"" title=""새창 : 경산시 문화관광으로 이동"">https://www.gbgs.go.kr/tour/</a>",전구역 동반가능,전 견종 동반 가능,목줄 착용,"- 맹견의 경우, 입마개 착용 필수
- 배변봉투 지참 및 배변처리 필수",,상시 개방,연중무휴,
917626,서산 유기방가옥,충청남도 서산시 운산면 이문안길 72-10 (운산면),12,충청남도,36.8247774413,126.5732782649,http://tong.visitkorea.or.kr/cms/resource/37/2648837_image2_1.jpg,"1900년대 초에 건립되었으며, 면적은 4,770㎡이다. 일제 강점기의 가옥이며, 향토사적, 건축학적으로 귀중한 자료로 평가되어 2005년 10월 31일 충청남도 민속문화유산으로 지정되었다. 유기방 가옥은 송림이 우거진 낮은 야산을 배경으로 남향하여 자리하고 있다. 북으로 ㅡ자형의 안채와 서측의 행랑채, 동측에는 안채와의 사잇담과 근래에 지은 주택이 안마당을 형성하고 있다. 원래 안채 앞에 중문채가 있던 것을 1988년에 헐어내고 현재와 같이 누각형 대문채를 건립하였다.",,"<a href=""http://xn--o39am5bv7vomeopa05vdxb.gajagaja.co.kr/#none"" target=""_blank"" title=""새창 : 서산 유기방가옥 홈페이지로 이동"">http://유기방가옥.gajagaja.co.kr/</a>",전구역 동반가능,전 견종 동반 가능,목줄 착용,"- 맹견의 경우, 입마개 착용 필수
- 배변봉투 지참 및 배변처리 필수",,08:00~17:00,연중무휴,가능
2723688,간월재,울산광역시 울주군 상북면 간월산길 614,12,울산광역시,35.5482424218,129.0453821487,http://tong.visitkorea.or.kr/cms/resource/20/3365120_image2_1.jpg,"간월재는 ‘영남 알프스’로 알려진 신불산과 간월산 능선이 만나는 자리로 가을철 억새 군락지로 유명한 곳이다. 간월산은 울주군 상북면 이천리와 등억리 사이에 있어 주말이면 부산, 경남, 울산 산악인들이 즐겨 찾는 곳이다. 선선하게 불어오는 바람을 느끼며  간월재의 이국적인 풍경을 바라보면 지치고 힘들 일상을 잊게 만들어준다. 간월재에 오르는 방법 중 가장 쉬운 코스는 ‘사슴농장코스’로 평탄한 길이 6km가량 이어져 등산에 익숙하지 않은 초보자도 부담 없이 간월재까지 갈 수 있다.",,"<a href=""https://tour.ulsan.go.kr/kor/unit/attrctn/view.ulsan?mId=001002001000000000&unqId=2""target=""_blank"" title=""새창 : 간월재"">https://tour.ulsan.go.kr</a>",전구역 동반가능,전 견종 동반 가능,목줄 착용,"- 맹견의 경우, 입마개 착용 필수
- 배변봉투 지참 및 배변처리 필수",,상시 개방,연중무휴,가능<br>요금 (무료)
2654766,계룡 입암저수지,충청남도 계룡시 두마면 입암리,12,충청남도,36.2417451867,127.2543159801,http://tong.visitkorea.or.kr/cms/resource/12/2675812_image2_1.jpg,"원래 낚시터로 활용되었던 입암저수지에 벤치, 정자 등 휴식공간이 생기며 수변공원으로 다시 태어났다. 저수지를 끼고 걸을 수 있는 둘레길은 965m로 길지 않아 잔잔히 흐르는 물결에 맞춰 걷을 수 있다. 왼쪽으로는 대둔산 오른쪽으로는 계룡산이 보이고, 무엇보다 물에 반영된 메타세콰이아 풍경에 출사지로 유명하다.

(출처 : 계룡시 문화관광 홈페이지)",,"<a href=""https://gyeryong.go.kr/tour/html/sub02/0206.html""target=""_blank"" title=""새창: 계룡시 문화관광"">gyeryong.go.kr/tour</a>",전구역 동반가능,전 견종 동반 가능,목줄 착용,"- 맹견의 경우, 입마개 착용 필수
- 배변봉투 지참 및 배변처리 필수",,상시 개방,연중무휴,
2736857,메타세콰이어길,충청남도 공주시 의당면 청룡리 905-1,12,충청남도,36.4931476363,127.135214323,http://tong.visitkorea.or.kr/cms/resource/77/2737177_image2_1.jpg,"의당면 청룡리 정안천 생태공원 일원에 조성된 메타세콰이어길은 2011년 조성됐다. 이후 많은 관광객이 방문하면서 공주 녹색 관광 명소로 자리 잡았다. 500m 구간에 심은 192그루의 메타세콰이어가 선사하는 풍경은 사계절 내내 방문객들의 사랑을 받는다. 정안천 생태공원은 시민들이 정성으로 조성한 공원으로, 인근의 금강신관공원과 금강쌍신공원이 연결되어 있다.",,"<a href=""https://tour.chungnam.go.kr/prog/trsrcn/kor/sub02_01_01/view.do?trsrcnNo=220"" target=""_blank"" title=""새창 :  문화관광 홈페이지로 이동"">https://tour.chungnam.go.kr/</a>",전구역 동반가능,전 견종 동반 가능,목줄 착용,"- 맹견의 경우, 입마개 착용 필수
- 배변봉투 지참 및 배변처리 필수",,상시 개방,연중무휴,가능 (소형 50대)
2930667,봉화재 반려견 놀이터,울산광역시 동구 봉수로 27-53,12,울산광역시,35.4928916546,129.4133460299,http://tong.visitkorea.or.kr/cms/resource/38/3341838_image2_1.jpg,"봉화재 반려견 놀이터는 울산 동구에 위치한 곳으로 무료로 이용할 수 있는 반려견 놀이터이다. 놀이터 입구에 넓은 주차장이 있어 자차를 이용하기 편리하다. 놀이터 내부는 마음껏 신나게 뛰어다닐 수 있는 넓은 운동장과 장난감, 장애물 등 어질리티를 즐길 수 있도록 조성되어 있다. 대형견과 중소형 견사가 따로 분리되어 있어 안전하게 시간을 보낼 수 있다. 또한 반려인을 위한 쉼터를 비롯해 간단하게 마실 음료 자판기와 커피 자판기가 비치되어 있다. 이곳은 비가 올 때는 운영하지 않고 동물등록을 마친 반려견만 입장이 가능하다.",052-209-3515,,전구역 동반가능,맹견 제외 동물등록 완료한 전 견종 동반 가능,"입마개 착용,목줄 착용",배변봉투 지참 및 배변처리 필수,"구름다리, 도그워크, 허들, 식수대",09:00~18:00 (휴게시간 12:00~13:00),"매주 월요일, 화요일 / 우천 시",가능<br>요금 (무료)
129663,안면암(태안),충청남도 태안군 안면읍 여수해길 198-160,12,충청남도,36.5593685043,126.3749754565,,"안면암은 대한불교조계종 금산사의 말사다. 사찰의 역사는 오래되지 않았으나 태안을 방문한 여행자들이 거의 들렀다 가는 필수 탐방 코스다. 그 이유는 사찰 앞쪽으로 펼쳐진 바다 풍광을 보면 바로 알 수 있다. 안면암 앞에서 부표 위에 목재를 덧대어 만든 다리 위를 흔들흔들 아슬아슬하게 걸어 여우 섬까지 가게 된다. 물이 빠지면 부교를 건너는 묘미는 덜해도 갯벌에 사는 다양한 생물을 관찰하는 재미를 느낄 수 있다. 바다에서 바라보는 안면암의 풍광은 또 다르다.
여우섬을 천천히 돌아본 뒤 뭍으로 돌아오며 만나는 안면암은 이국적인 모습을 보여준다. 3층으로 지어진 안면암의 건축도 독특하다. 마치 단양 구인사를 보는 듯 계단으로 이어진 법당이 극락보전, 비로전, 나한전으로 연결된다. 법당 앞에 서서 바다 풍광을 바라보는 것도 특별하다. 삼성각과 용왕각도 함께 자리하고 있다. 무량수전과 신중단의 돌탱화를 비롯해 다양한 탱화도 볼 수 있다. 법당을 둘러싸고 있는 야외공간에는 다양한 크기의 불상과 불탑들이 있어 눈길을 끈다.",,,전구역 동반가능,전 견종 동반 가능,목줄 착용,"- 맹견의 경우, 입마개 착용 필수
- 배변봉투 지참 및 배변처리 필수",,상시 개방,연중무휴,가능
2661435,낙강물길공원,경상북도 안동시 상아동 423 (상아동),12,경상북도,36.5879083232,128.7709711823,http://tong.visitkorea.or.kr/cms/resource/04/3364104_image2_1.jpg,"안동댐 수력발전소 입구 좌측에 위치한 낙강물길공원은 주변 수자원 환경과 어울리는 숲길과 정원을 조성하여 탐방객들에게 편안한 휴식과 힐링공간을 제공을 목적으로 조성되었다.
작은 연못을 끼고 메타세쿼이아와 전나무가 자라고, 연못 위의 돌다리, 오솔길이 어우러져 이국적인 풍경을 자아내고 있어 한국의 지베르니라고 불린다. 나무 아래 곳곳의 벤치가 있어 안동시민은 물론 여행객들로 사랑받는 휴식처이며, 곳곳에 숨어있는 포토존에서 사진을 찍으면 마치 모네가 된 듯한 환상을 가져다준다. 또한 안동댐가지 에두른 산책로와 월영공원까지 이어지는 수변데크가 있어 평상시 산책코스로도 안성맞춤이다.",,"<a href=""http://tour.gb.go.kr/travel/cultureView.do?idx=16615""target=""_blank"" title=""새창 : 경북나드리 홈페이지로 이동"">http://tour.gb.go.kr/</a>",일부구역 동반가능,전 견종 동반 가능,목줄 착용,"- 맹견의 경우, 입마개 착용 필수
- 배변봉투 지참 및 배변처리 필수",,상시 개방,연중무휴,가능
1845517,원마운트 스노우파크,경기도 고양시 일산서구 한류월드로 300 (대화동),28,경기도,37.6646082788,126.7545414686,http://tong.visitkorea.or.kr/cms/resource/26/3079526_image2_1.jpg,"일산서구 한류월드 및 킨텍스 지원 부지 내에 위치한 원마운트는 지하 2층, 지상 9층 연면적 16만 1천602㎡ 규모의 3개 건물로 조성된 수도권 북서부 지역 최대 규모의 복합 문화 공간이다. 원마운트는 지상 최고의 놀이터를 모토로 쇼핑몰, 스노우파크, 워터파크, 멤버십 전용 럭셔리 스포츠 클럽 등의 문화 공간을 비롯, 각종 공연 및 이벤트, 파티 등 연중 끊이지 않는 즐길 거리를 제공하고 있다.

* 스노우파크
원마운트 스노우파크는 국내 최초로 겨울을 주제로 한 실내형 테마파크로서 눈과 얼음 위에서 다양한 엔터테인먼트를 한 번에 즐길 수 있는 공간이다. 북유럽의 산타마을 콘셉트로 디자인된 부조물과 이색썰매, 동물썰매 등의 101가지의 펀(Fun) 아이템을 즐길 수 있는 아이스 레이크, 7개의 테마 동굴을 지나며 때로는 아찔하게 때로는 몽환적으로 이색적인 체험을 할 수 있는 아이스로드, 1년 내내 영하의 온도에서 하얗게 흩날리는 눈을 맞으며 눈썰매를 탈 수 있는 스노우힐 등으로 구성된다. 얼음으로 만든 동화마을에서 오로라쇼와 아이스쇼를 볼 수 있는 세계 최초의 테마 공간으로, 내국인뿐 아니라 외국인들에게도 매력적인 관광지가 될 것으로 보인다.",,"<a href=""https://onemount.co.kr/ko/"" target=""_blank"" title=""새창 : 원마운트 홈페이지로 이동"">http://www.onemount.co.kr</a>",전구역 동반가능,,,,,,,
2357431,산동리 남근석,전북특별자치도 순창군 팔덕면 팔왕길 77,12,전북특별자치도,35.3838871112,127.0891225791,http://tong.visitkorea.or.kr/cms/resource/11/3364811_image2_1.JPG,"전라북도 순창군 팔덕면 산동리 남근석은 남자 성기 모양으로 자연암석이나 암석을 조각하여 세운 것으로 복을 받거나 다산 풍농, 풍어를 기원하는 민간신앙의 대상이 되고 있다. 산동리마을 앞 당산나무 부근에 자리한 이 남근석은 화강암으로 정교하게 조각되었다.생김새는 건장한 남성의 성기가 충분히 발기되어 있는 모양으로 아랫부분에 연꽃무늬가 조각되어 있는 점이 독특하다.500여년전 여장사가 2기의 남근석을 치마에 싸가지고 오다가 무거워서 1기는 창덕리에 버리고 1기는 이곳에 세웠다는 이야기가 전해진다. 언제 세운 것인지는 정확히 알 수 없으나 다른 남근석에 비해 매우 섬세하게 조각되어 주목되는 작품이다.

(출처 : 순창군 문화관광 홈페이지)",,"<a title=""새창: 순창군 문화관광 홈페이지로 이동"" href=""https://www.sunchang.go.kr/tour/board/view.sunchang?menuCd=DOM_000000402003002000&boardId=BBS_0000006&dataSid=72"" target=""_blank"">www.sunchang.go.kr/tour</a>",전구역 동반가능,전 견종 동반 가능,목줄 착용,"- 맹견의 경우, 입마개 착용 필수
- 배변봉투 지참 및 배변처리 필수",,상시 개방,연중무휴,
2357437,향가유원지,전북특별자치도 순창군 풍산면 향가로 575,12,전북특별자치도,35.3390994961,127.1918785205,http://tong.visitkorea.or.kr/cms/resource/01/3366201_image2_1.JPG,"향가리 유원지는 경치가 아름다워 예로부터 시인 묵객과 기생을 대동한 한량들이 뱃놀이를 즐겼던 곳이다. 맑은 강물이 유유히 흐르는 섬진강을 따라 나즈막한 산이 연이어지고 강변에는 약 2㎞의 넓은 백사장이 펼쳐지며, 기암과 노송을 비롯한 갖가지 수목이 어우러져 있다. 강폭은 약 100m이다. 향가리 유원지는 경관이 수려할 뿐 아니라 낚시터로도 유명한 곳으로 특히 가을철에는 씨알이 굵은 돌붕어가 많이 잡힌다고 한다. 유원지의 강물 속에 박혀 있는 8개의 철도교각은 일제 강점기에 순창과 남원을 연결하는 철도를 가설하려다 중단된 흔적이다. 이 다리를 자전거길로 활용하면서 다리 중간에 특수강화유리로 된 스카이워크 구간을 조성했다. 유원지 근처에는 철분 등의 미네랄이 다량 함유된 대가 약수터가 있다.

(출처 : 순창군 문화관광 홈페이지)",,"<a title=""새창: 순창 문화관광 홈페이지로 이동"" href=""https://www.sunchang.go.kr/tour/index.sunchang?menuCd=DOM_000000401001004000"" target=""_blank"">http://tour.sunchang.go.kr</a>",전구역 동반가능,전 견종 동반 가능,목줄 착용,"- 맹견의 경우, 입마개 착용 필수
- 배변봉투 지참 및 배변처리 필수",,상시 개방,연중무휴,
987810,해운대 동백섬,부산광역시 해운대구 동백로 67 (우동) 일대,12,부산광역시,35.153991438,129.1521809693,http://tong.visitkorea.or.kr/cms/resource/47/3350847_image2_1.jpg,"동백섬은 오랜 세월 퇴적작용으로 육지와 연결되었지만 아직도 동백섬이라고 부르고 있어 옛날 지형을 연상시켜 주고 있다. 일찍이 최치원 선생을 비롯한 많은 시인 묵객들은 바다와 숲이 어우러진 이곳의 절경을 찾아 노닐고 그 감흥을 읊어 후세에 전하고 있다. 동백섬을 둘러 산책로가 조성되어 시민들의 발길이 끊이지 않고 있으며 최치원의 해운대 각자, 동상, 시비를 비롯해서 황옥공주 전설의 주인공 인어상과 누리마루 APEC하우스 등 과거와 현재에 걸친 인적이 곳곳에 배어 있다. 또한, 동백섬에서 보는 부산의 전경은 인상적인데 건너편 미포 쪽 해안끝선과 달맞이 언덕, 바다와 하늘을 가로지르는 광안대교, 부산바다의 상징 오륙도 등이 한눈에 들어온다. 이름 그대로 예전에 말발굽에 차일 정도로 동백꽃이 지천으로 피고 지던 곳에는 지금도 변함없이 겨울에서 봄 사이에 꽃망울을 맺고 빨간 꽃이 통으로 떨어져 운치를 더하고 있다.",,"<a href=""https://www.haeundae.go.kr/tour/index.do"" target=""_blank"" title=""새창: 해운대구 문화관광 홈페이지로 이동"">https://www.haeundae.go.kr/tour/</a>",일부구역 동반가능,전 견종 동반 가능,목줄 착용,"- 맹견의 경우, 입마개 착용 필수
- 배변봉투 지참 및 배변처리 필수",,상시 개방,연중무휴,가능<br>요금 (무료)
2638475,노들섬,서울특별시 용산구 양녕로 445 (이촌동),12,서울특별시,37.5177178854,126.9580520415,,"노들섬은 한강대교 중간에 위치한 타원형 모양의 땅으로 ‘백로가 놀던 돌’이라는 뜻의 ‘노돌’에서 이름이 유래한 것으로 알려져 있다. 2012년 한강에서 휴식과 만남의 공간으로 사람들을 이어주던 문화 공간으로 복원하기 위한 고민이 시작되었고, 2019년 9월 노들섬은 ‘음악을 매개로 한 복합문화기지’를 모토로, 자연과 쉼, 문화가 있는 공간으로 재탄생하였다.",02-749-4500,"<a href=""https://nodeul.org/"" target=""_blank"" title=""새창 : 노들섬 공식 홈페이지로 이동"">https://nodeul.org/</a>",전구역 동반가능,전 견종 동반 가능,목줄 착용,"- 맹견의 경우, 입마개 착용 필수
- 배변봉투 지참 및 배변처리 필수",,"[하절기(3월~10월)]<br>
- 화요일~금요일 10:00~21:00<br>
- 주말 및 공휴일 10:00~22:00<br>
[동절기(11월~2월)]<br>
- 화요일~일요일 10:00~20:00<br>
[야외공간] 상시 개방<br>
※ 개별시설마다 운영시간이 상이함",매주 월요일 / 1월 1일 / 설·추석,가능(일반차량 90대 / 대형 버스 1대 / 장애인차량 8대)
126078,광안리해수욕장,부산광역시 수영구 광안해변로 219 (광안동),12,부산광역시,35.1538130576,129.1185477876,http://tong.visitkorea.or.kr/cms/resource/45/3311245_image2_1.jpg,"광안리해수욕장은 부산 수영구에 위치한 아름다운 해변이다. 맑고 푸른 바다와 고운 모래가 특징으로, 여름철에는 많은 관광객들이 찾는 명소이다. 특히 광안대교와 바다가 어우러지는 경치가 아름다워 야경 명소로도 유명하다. 해수욕 외에도 다양한 해양 스포츠를 즐길 수 있으며, 인근에는 카페와 레스토랑들이 있어 맛있는 음식을 즐기며 여유로운 시간을 보낼 수 있다. 또한, 도심과 가까워 접근성이 뛰어나 부산을 방문하는 여행객들에게 꼭 추천할 만한 장소이다. 다양한 즐길 거리와 편리한 교통 덕분에 가족, 친구, 연인 모두에게 적합한 관광지이다.",,"<a href=""http://www.suyeong.go.kr/tour/index.suyeong?menuCd=DOM_000001102001001000&link=success&cpath=%2Ftour"" target=""_blank"" title=""새창 : 부산 수영구 문화관광으로 이동"">http://www.suyeong.go.kr</a>",일부구역 동반가능,전 견종 동반 가능,목줄 착용,"- 맹견의 경우, 입마개 착용 필수
- 배변봉투 지참 및 배변처리 필수",,상시 개방,연중무휴,가능<br>요금 (10분 당 300원)
3352037,금오산해물탕찜,경상북도 구미시 백산로 91 (송정동) 송정동 36-1,39,경상북도,36.1208618914,128.3435196002,,"금오산해물탕찜은 2008년 1월 5일 개업하여 1, 2층 실내 총 147평 규모로 약 150여 명의 손님을 동시 수용 가능하며 16년 간 각종 신선한 해물과 제철 재료로 밑반찬을 만들어 메뉴를 제공하고 있다.
또한 ‘더불어 잘 살기’를 추구하여 사회봉사 및 기부를 정기적으로 행하며 자원봉사자 카드를 소지하거나 연로하신 부모님을 모시고 오는 손님에게 소정의 할인 혜택도 부여하고 있다.",,,전구역 동반가능,,,,,11:00~21:30,설·추석 연휴,가능
250419,광심정,경상남도 함안군 칠북면 봉촌2길 277 (칠북면),12,경상남도,35.3765694462,128.5585266977,http://tong.visitkorea.or.kr/cms/resource/71/2484471_image2_1.jpg,"광심정(廣心亭)은 조선 선조 2년(1569) 영산군 길곡리에 칩거하고 있던 용성송씨(龍城宋氏) 문중에서 젊은 사람들이 수학을 목적으로 건립한 정자(亭子)이다. 조선 현종 5년(1664)에 성리학자인 송지일(宋知逸) 선생이 선비들과 더불어 학문을 연구하기 위해 자신의 호를 따라서 광심정으로 편액(扁額)하였으며, 낙동강변의 절벽 위에 자리 잡고 있다. 임진왜란(1592) 때 파손되어 여러 번 고쳐지었다. 건물은 앞면 · 옆면 2칸 규모이며 지붕은 옆면에서 볼 때 여덟 팔자 모양인 팔작지붕이다. 앞쪽은 마루로 꾸몄고, 뒤쪽에는 방을 두었다.",,"함안 문화관광 <a href=""https://www.haman.go.kr/01834/01860/01904.web"" target=""_blank"" title=""새창: 함안 문화관광 홈페이지로 이동"" >https://www.haman.go.kr/tour.web</a><br />국가유산청 <a href=""https://www.heritage.go.kr/heri/cul/culSelectDetail.do?ccbaCpno=3413802170000&pageNo=1_1_1_1&sngl=Y"" target=""_blank"" title=""새창: 문화유산청 홈페이지로 이동"" >https://www.heritage.go.kr</a>",전구역 동반가능,전 견종 동반 가능,목줄 착용,"- 맹견의 경우, 입마개 착용 필수
- 배변봉투 지참 및 배변처리 필수",,,,
2930680,PTP 애견테마파크,전북특별자치도 익산시 진북로 294-18,12,전북특별자치도,36.03113166,127.0112599577,http://tong.visitkorea.or.kr/cms/resource/61/3369461_image2_1.JPG,"2017년 5월에 개장하여 전북 최대 규모의 분위기 있는 PTP 애견테마파크이다. 미륵산 자락의 아름다운 뷰를 배경으로 하고 있다. 중형견, 소형견이 맘껏 뛰어놀 수 있는 실내외 400평의 공간과 무료로 이용할 수 있는 수영장 등에서 반려견과 함께 행복한 시간을 보낼 수 있다. 셀프 목욕시설도 완비되어 있어 반려견의 청결을 유지할 수 있고, 펜스 밖 잔디밭에서의 산책도 가능하니 반려견에게 안성맞춤의 공간이다. 다른 반려견과 마주치는 장소이니만큼, 펫 티켓을 지키며 장소를 이용해야 한다.",063-853-8888,"<a href=""https://www.instagram.com/iksan.petcafe/"" target=""_blank"" title=""새창 : PTP 애견테마파크 인스타그램으로 이동"">https://www.instagram.com/iksan.petcafe/</a>",전구역 동반가능,"강아지만 가능
입질이나 공격성이 있는 강아지만 출입 제한
예방접종 4차 이상 필수
대형견 가능(25kg 이상)","자유이용,목줄 착용","강아지 입장료 5,000원
사람은 1인 1음료 주문","안전문, 펜스, 전용 샤워시설, 드라이룸, 애견수영장(무료 이용 가능)",10:30~19:30,연중무휴,가능
2718743,브루웍스,전라남도 순천시 역전길 61 (조곡동),39,전라남도,34.9472989378,127.498411503,http://tong.visitkorea.or.kr/cms/resource/14/3444514_image2_1.jpg,KTX순천역 근처에 위치한 ‘브루웍스’는 곡물 창고였던 곳을 복합문화공간으로 재해석한 곳으로 과거 재료의 복원 및 재활용을 통해 공간을 재구성했다. 재생건축을 기반으로 세월의 흐름이 멈춰있는 공간에 인더스트리얼과 스팀펑크한 디자인을 연출했다. 카카오와 원두를 가공해서 프리미엄 빈투바 초콜릿을 만들고 커피를 판매하고 다양한 문화행사를 기획 전시 공연을 하고 있다.,,"인스타그램 <a href=""https://www.instagram.com/brewworks_space"" target=""_blank"" title=""새창 : 브루웍스 인스타그램으로 이동"">https://www.instagram.com/brewworks_space</a><br>홈페이지 <a href=""http://brewworks.kr/""title=""새창: 브루웍스""target=""_blank"">http://brewworks.kr</a>",일부구역 동반가능,이동장(켄넬)에 들어가는 전 견종 동반 가능,이동장(켄넬)사용,"- 반려견의 몸체가 땅에 닿으면 동반 불가
- 배변봉투 지참 및 배변처리 필수",,10:00~22:00 <br>※ 명절당일은 13시 오픈,연중무휴,가능
2398942,순천게스트하우스느림,전라남도 순천시 강변로 669 순천게스트하우스느림,32,전라남도,34.9465934133,127.4956284317,http://tong.visitkorea.or.kr/cms/resource/77/2691877_image2_1.jpg,"순천 남부시장 근처에 위치한 순천게스트하우스느림은 젊은 여행객에게 인기가 많다. 객실은 도미토리와 싱글베드, 더블베드가 있는 룸으로 나뉜다. 1층 로비에는 추천도서와 테이블이, 지하 카페테리아에는 조식 공간, 간단한 취사가 가능한 주방, 책이 가득한 책장, 보드게임장, 음악시설 등이 있다. 치맥파티 등 수시로 이벤트가 열리고 여수야경투어를 떠나기도 한다. 순천관광지 입장 할인 쿠폰도 챙겨준다.",010-9229-8917,http://nreem.co.kr,,,,"지정 객실, 1마리",,16:00,,가능
2811449,AT비지니스호텔,경상남도 창원시 성산구 용지로 102 개나리종합상가,32,경상남도,35.2245192728,128.6783758898,http://tong.visitkorea.or.kr/cms/resource/07/2808507_image2_1.png,"AT비지니스호텔은 경남 창원시청에서 도보 10분 거리에 있는 비즈니스호텔이다. 공용 컴퓨터와 프린터를 무료로 쓸 수 있는 비즈니스존, 공용 스타일러, 장기 출장객을 위한 세탁실을 갖춰 출장자의 편의성을 높였다. 객실은 총 26개로 다양한 타입이 구비되어 있고, 깔끔한 디자인이 돋보인다. 넷플릭스와 유튜브를 무료로 보며 긴장을 풀고 달콤한 휴식을 취할 수 있다.",055-266-3600,"<a href=""http://www.athotel.kr"" target=""_blank"" title=""새창 : AT비지니스호텔 홈페이지로 이동"">http://www.athotel.kr</a>",,안내견만 가능,,,,12:00,,가능
2804347,스테이 앤드 스튜디오 여여재,충청남도 태안군 몽대로 448,32,충청남도,36.6766143894,126.2741703813,http://tong.visitkorea.or.kr/cms/resource/41/2803441_image2_1.jpg,"스테이 앤드 스튜디오 여여재는 태안 몽산포항에서 1km 거리에 있는 붉은 벽돌의 복층 펜션이다. 객실은 5개로 바다 전망에 복층 구조 객실과 애견 동반 객실로 구성된다. 객실 테라스에서 고요하게 밀려오는 바다를 감상하며 안락하게 쉴 수 있고, 일부 객실은 넓은 발코니가 딸려 있어 글램핑도 가능하다. 도보 10분 거리에 몽산포 해수욕장이 있어 산책하며 일몰을 감상하기에 좋고, 바비큐장에서 바비큐를 즐겨도 좋다.",010-3223-1183,"<a href=""http://yeoyeojae.com/default/"" target=""_blank"" title=""새창 : 스테이 앤드 스튜디오 여여재 홈페이지로 이동"">http://yeoyeojae.com/default/</a>",일부구역 동반가능,5kg 이내 소형견,,"1마리 당 1박 20,000원-소독 및 청소비용",,15:00,,가능
2804371,호텔케니여수,전라남도 여수시 충무로 54-2 (충무동),32,전라남도,34.7413177426,127.731665744,http://tong.visitkorea.or.kr/cms/resource/29/2803529_image2_1.jpg,"전남 여수에 위치한 호텔케니여수는 엑스포역에서 차량 5분, 이순신 광장에서 도보 5분 거리에 있어 접근성이 좋은 숙소다. 합리적인 가격으로 가성비가 좋고 객실에서 시티/오션 전망을 감상할 수 있다. 18층 알프키친에서 조식을 먹을 수 있고, 19층 루프탑에서는 여수 시내 풍경 및 밤바다 야경을 즐길 수 있다. 이곳은 특히 해마다 개최되는 불꽃축제 명당으로 인기가 좋다. 인근에 케이블카, 해양공원 등 주요 관광지가 있다.",061-924-5000,"<a href=""http://www.hotelkennyyeosu.co.kr/""target=""_blank"" title=""새창 : 홈페이지로 이동"">http://www.hotelkennyyeosu.co.kr/</a>",,"1년 이내 예방접종 확인서 지참, 객실당 10kg 이하","반려동물 유모차 탑승,이동장(켄넬)사용","레스토랑 입장 불가, 맹견 동반 불가",,15:00,,가능
2740726,반디빌리지,경기도 가평군 묵안로 287,32,경기도,37.6451630576,127.5077289331,http://tong.visitkorea.or.kr/cms/resource/92/2811492_image2_1.jpg,"가평군 설악면 반딧불마을에 자리한 반디빌리지는 애견 전용 풀빌라펜션이다. 객실은 총 6개의 독채 복층 구조로, 1층에는 넓은 거실과 주방, 식당이 위치하고, 2층에는 침대가 있다. 거실 한쪽에는 반려견 전용 스파와 드라이룸이 마련되어 있고, 배변 패드, 매너 벨트, 애견 전용 수건을 무료로 제공한다. 애견 전용 비상 구급약품도 구비되어 있다. 야외에는 반려견 전용놀이터인 잔디마당이 있다. 카페 반디에서 웰컴 드링크와 조식서비스가 제공된다.",010-3937-5599,"<a href=""http://bandivillage.com""target=""_blank"" title=""새창 : 홈페이지로 이동"">http://bandivillage.com</a>",,"소형견 전용 펜션으로 40cm 이하, 12kg 미만의 소형견, (몸무게 초과 시 문의, 대형견 불가).",자유이용,소형견(10kg미만)까지 가능,"펜스, 안전문, 샤워실, 수영장, 운동장, 산책로, 드라이룸, 펫카페, 놀이기구",15:00,,가능
2708659,라마다프라자 바이윈덤 여수,전라남도 여수시 돌산읍 강남로 11,32,전라남도,34.7170457484,127.74829824,http://tong.visitkorea.or.kr/cms/resource/05/2709005_image2_1.jpg,"라마다프라자 바이윈덤 여수는 전라남도 여수시 돌산읍에 위치한 대형 호텔이다. 앞으로는 한려해상국립공원이, 옆으로는 돌산근린공원이 자리한다. 글램핑룸, 키즈룸을 비롯해 다양한 타입의 객실을 운영하고 있다. 객실마다 오션뷰, 돌산대교뷰, 마운틴뷰로 나뉜다. 부대시설로는 로비 카페와 조식이 가능한 양식당, 여수 최고 높이의 옥상에서 출발하는 집트랙, 수영장 등이 있다. 동절기에는 5층 미온수 인피니티풀을 운영한다.",061-642-0000,"<a href=""http://www.ramadaplazadolsanyeosu.com/"" target=""_blank"" title=""새창 : 라마다프라자 바이윈덤 여수 홈페이지로 이동"">http://www.ramadaplazadolsanyeosu.com/</a>",,안내견,,,,15:00,,가능
2528107,샤니모텔,전북특별자치도 부안군 동중3길 18,32,전북특별자치도,35.728414192,126.7351424447,http://tong.visitkorea.or.kr/cms/resource/98/2992998_image2_1.jpg,"샤니모텔은 전라북도 부안군 버스터미널에서 도보 5분 거리에 위치해 접근성이 좋다. 모든 객실은 깔끔하고 넉넉한 구조로 이루어져 있다. 장애인 주차구역, 출입구 경사로, 점자블록 등 지체장애인과 시각장애인을 위한 편의시설을 잘 갖추어놓았고, 안내견의 동반이 가능하다. 5월 마실길 축제 기간에 여행객이 많이 찾는다.",063-584-9935,,,안내견,,,,17:00,,가능<br>요금(무료)
2468936,옛날에금잔디,인천광역시 강화군 내가면 강화서로225번길 18-1,32,인천광역시,37.7161235947,126.3892095829,http://tong.visitkorea.or.kr/cms/resource/23/2451823_image2_1.jpg,"강화도에 자리한 옛날에금잔디는 황토벽, 서깨래, 대들보, 대청마루가 조화를 이루는 80여 년 된 전통한옥이다. 마당과 정원에는 소나무를 비롯한 다양한 나무와 꽃이 있고, 아궁이와 가마솥, 우물까지 있어 정겨움을 더해준다. 객실은 안채와 사랑채 2개로, 전체 공간을 빌려 야외 결혼식이나 돌잔치 등을 하기에도 좋다. 음향장비와 대형천막, 바비큐 시설도 갖췄는데, 그릴, 숯, 가마솥 사용은 유료다. 반려동물 동반도 가능하다.",010-6216-5598,"<a href=""https://www.golden-grass.com""target=""_blank"" title=""새창 : 홈페이지로 이동"">https://www.golden-grass.com</a>",전구역 동반가능,15kg미만 반려견,매너벨트 착용,,,15:00,,가능
2858975,빵공장라뜰리에김가,강원특별자치도 원주시 행구로 314,39,강원특별자치도,37.3429736571,127.9906967891,http://tong.visitkorea.or.kr/cms/resource/66/2858966_image2_1.jpg,"빵공장라뜰리에김가는 빵 맛집으로 유명한 곳이지만, 식물원 같은 정원 꾸밈새로도 유명하다. 나무에 가려져 건물조차 잘 보이지 않을 정도로 카페 주변 정원은 나무와 꽃이 가득한 깊은 숲 휴양림 같은 느낌이다. 정원에 있는 테이블에서는 안쪽으로는 아기자기한 카페 정원과 밖으로 치악산을 조망할 수 있다. 빵은 부담 없이 가볍게 먹기 좋은 빵부터 식사 대용 빵까지 종류도 다양하고, 메이플 시럽과 얼그레이, 크림, 에스프레소 샷이 어우러진 시그니처라떼가 대표 음료로 인기가 높다. 이외 디카페인 음료와 차 종류도 다양하게 맛볼 수 있다.",,"<a href=""https://www.instagram.com/latelierkimga_official/""target=""_blank"" title=""새창 : 빵공장라뜰리에김가 사이트로 이동"">https://www.instagram.com/latelierkimga_official/</a>",일부구역 동반가능,,,,,매일 10:00~22:.00 (빵뷔페:11:00~13:30),연중무휴,가능
623279,옛날초당순두부,강원특별자치도 강릉시 운정길 141,39,강원특별자치도,37.7868034346,128.8928076584,http://tong.visitkorea.or.kr/cms/resource/12/2376212_image2_1.jpg,"동해안의 바닷물로 응고시켜 만든 강릉의 전통 초당순두부 요리 전문점이다.
대표메뉴는 초당순두부·두부전골이며, 이 외에 초당두부, 문어무침, 제육볶음, 순두부 등 다양한 식사 메뉴가 준비되어 있다. 오전 일찍 영업을 시작하여 아침식사를 하기에도 좋다. 반려견 동반도 가능하며, 주차 시설이 완비되어 있다.",033-641-9582,,일부구역 동반가능,,"목줄 착용,이동장(켄넬)사용","반려견 동반 시 리드줄 필수입니다. 식당 내부에서는 가방, 켄넬 안에 넣어주세요.
*반려견 동반 운영 정책은 현지 사정에 따라 변동 될 수 있습니다.",,07:00~21:00,연중무휴,가능
2911111,반가쿠,경기도 성남시 수정구 위례순환로4길 14 1층,39,경기도,37.469104738,127.1490082635,http://tong.visitkorea.or.kr/cms/resource/05/2911105_image2_1.jpg,"경기도 성남시 위례신도시 카페거리에 있는 디저트 카페이다. 반가쿠는 일본말로 만학(나이가 들어 뒤늦게 공부함)이라는 뜻이다. 카페 사장님의 늦은 나이에 커피를 배우기 시작하여 붙인 이름이다. 위례 수변공원 뷰에 일본풍의 느낌으로 분위기 좋은 카페이다. 나무로 된 의자와 테이블, 야외 산책로, 수변공원 뷰가 좋은 야외 테라스 등을 꾸며 놓았다. 내부 인테리어는 예쁜 식물과 함께 자연스러운 우드톤으로 되어 있다. 좌식 등받이 의자를 높이 올려놓아 일본식 인테리어 감성을 만들어 냈다. 아기자기한 인테리어에 공간이 탁 트여서 답답해 보이지 않는 시원한 느낌이다. 음료와 다양한 브런치 메뉴, 크루아상으로 만든 샌드위치 메뉴, 모나카 등 일본 과자나 간식거리 등을 판매한다. 음료는 주문하면 자리로 가져다준다.",,,,2023.02.07 반려동물 여행정보 필드 수정_정보전체삭제,,,,09:00~22:00 (라스트오더 21:30),연중무휴,가능<br>요금 (무료)
2674960,유림공원,대전광역시 유성구 어은로 27,12,대전광역시,36.3607306283,127.3577063021,http://tong.visitkorea.or.kr/cms/resource/57/2674957_image2_1.jpg,"유림공원은 대전 유성구청 근처 갑천변에 위치한 공원이다. 한밭대로나 온천동로를 통해 접근할 수 있으며, 고속도로는 호남고속도로 지선 유성 IC가 가깝다. 대중교통은 대전도시철도 1호선 월평역을 이용할 수 있다. 인근에는 유성온천, 궁동로데오거리, 충남대학교 대덕캠퍼스 등이 있다. 봄의 벚꽃과 가을의 국화꽃 등이 유명하며 가을에 국화축제가 열린다. 산책과 나들이, 소풍을 즐길 수 있는 곳으로, 한반도를 닮은 작은 정원인 반도지에서는 예쁜 물레방아와 연꽃, 시원한 그늘이 있는 정자도 볼 수 있다. 야외무대도 설치되어 있어 각종 공연, 행사가 열리기도 한다. ‘유림’은 계룡건설 창업주 이인구의 호로서, 계룡건설이 이곳을 공원화한 것을 기념하여 붙은 이름이다.",,"<a href=""https://www.yuseong.go.kr/prog/trrsrt/TRSE_01/tour/sub02_01/view.do"" target=""_blank"" title=""새창 : 홈페이지로 이동"">https://www.yuseong.go.kr</a>",일부구역 동반가능,전 견종 동반 가능,목줄 착용,"- 맹견의 경우, 입마개 착용 필수
- 배변봉투 지참 및 배변처리 필수",,상시 개방,연중무휴,가능
2738106,삼막애견공원,경기도 안양시 만안구 석수동 18,12,경기도,37.4289968598,126.9148779134,http://tong.visitkorea.or.kr/cms/resource/63/2768263_image2_1.jpg,"사람 살기 좋은 곳은 반려견도 살기 좋다. 전국 최대 규모의 반려동물 놀이터가 안양 석수동에 있다는 것은 그런 까닭으로 일견 당연하게 느껴진다. 반려견과 견주들이 산책과 휴식을 위해 필요한 모든 것이 구비된 이곳은 겨울에도, 밤에도 연일 문전성시를 이루는 중이다. 대형견, 중소형견의 놀이 공간이 분리되어 있으며 부대시설까지 ‘완벽’하다. 운동장 입구에서 강아지의 키를 잰 후 40cm 이하는 중, 소형견 운동장으로, 40cm 이상은 대형견 운동장으로 나누어 입장한다. 반려견이 맘껏 뛰놀 수 있는 운동장과 다양한 시설물이 설치되어 있다. 반려견뿐만 아니라 견주를 위한 벤치와 테이블들도 많이 배치되어 있다. 동물 등록된 반려견만 입장 가능하며, 대형견종 중 관리자가 위험 우려가 있다고 판단되는 강아지와 싸운 이력이 있는 강아지는 입마개를 착용해야 한다.",,,전구역 동반가능,동물 등록된 전 견종 동반 가능,목줄 착용,"- 관리자가 위험 우려가 있다고 판단하거나 싸운 이력이 있는 대형견은 입마개 필수
- 대형견과 중소형견 이용 공간 분리 
- 물 이외 음식물 반입 금지(강아지 간식도 불가)",,"하절기 (5월~10월) 10:00~21:00<br>
동절기 (11월~4월) 10:00~19:00","매주 월요일, 공휴일",가능 (65대)
2751835,상현레스피아,경기도 용인시 수지구 광교마을로 128 (상현동),12,경기도,37.2948875354,127.0773974612,http://tong.visitkorea.or.kr/cms/resource/30/2751830_image2_1.jpg,"용인시 수지구 상현동 하수처리장을 지하로 배치하고 상부에 축구장과 풋살장, 족구장 등 다양한 체육시설을 만들었다.  체육시설은 누구나 이용할 수 있고 단체로 행사 등을 진행하는 경우 용인시 관계 연락처를 통해 허가를 받아야 한다. 통계상 국내 네 명 가운데 한 명꼴로 반려동물을 키우는 시대에 발맞추어 반려견을 위한 놀이터를 갖춘 공원이다. 안전을 위해 중소형견과 대형견 입장 구역 문이 별도로 마련되어 있다.",,,전구역 동반가능,맹견 제외 전 견종 동반 가능,목줄 착용,배변봉투 지참 및 배변처리 필수,펜스,"24시간, 반려견 놀이터 10:00~19:00","체육공원 없음 /반려견 놀이터 매주 월요일,추석,설 휴무","관리건물 뒤편, 이벤트 광장  두 군데 운영"
2738810,오아시스글램핑,경상북도 경주시 새골길 85-17 (구정동),28,경상북도,35.7910171741,129.3054136674,http://tong.visitkorea.or.kr/cms/resource/22/2739322_image2_1.jpg,"경주 오아시스펜션&글램핑은 경북 경주시 구정동 청량감 가득한 숲속에 터를 잡았다. 마치 요새와 같은 느낌이다. 캠핑장에는 글램핑 13개 동과 카라반 2대의 시설이 마련되어 있다. 객실 내부에는 침대, 에어컨, 냉장고, 전자레인지, 테이블, 난방기구, 전기포트 등이 비치되어 있다. 캠핑장 근처에 토함산, 석굴암, 불국사, 보문관광단지 등 경주의 보석 같은 관광지가 많아 관광하기에도 좋다.",,"펜션 <a href=""http://www.oasispen.kr/"" target=""_blank"" title=""새창 : 오아시스애견펜션 사이트로 이동"">http://www.oasispen.kr/<br>글램핑장 <a href=""http://www.oasisglamping.com/"" target=""_blank"" title=""새창 : 오아시스글램핑 사이트로 이동"">http://www.oasisglamping.com/</a>",일부구역 동반가능,7kg 이하 최대 3마리 동반 가능,목줄 착용,"- 맹견의 경우, 입마개 착용 필수
- 배변봉투 지참 및 배변처리 필수",,,,
3446220,원리73,경상북도 청도군 청도읍 새마을로 904 원리73,39,경상북도,35.6174043928,128.7628577469,http://tong.visitkorea.or.kr/cms/resource/99/3446099_image2_1.JPG,"원리73은 경상북도 청도군 청도읍 새마을로 904에 위치한 베이커리 카페이다. 
이곳은 청도천 인근에 자리잡고 있어, 전 좌석에서 강을 바라보며 커피를 즐길 수 있는 것이 특징이다. 
대표 메뉴로는 소금빵, 퀸아망, 뺑오쇼콜라, 크로아상 등이 있으며, 특히 원리라떼와 반시슈페너가 인기 있다. 
또한, 반려동물과 함께 방문할 수 있어 가족 나들이 장소로도 적합하다. 
원리73은 프랑스 출신의 파티시에가 만든 다양한 베이커리와 브런치를 제공하며, 낙동강의 아름다운 전망을 감상할 수 있는 곳으로 알려져 있다.",,,일부구역 동반가능,반려동물 동반 가능,,,,"월, 수~금 11:00~19:00/ 화 11:00~18:00/ 토,일 11:00~20:00 (라스트오더 마감 1시간 전)",연중무휴,무료 주차 가능
3443072,더스크커피랩,경기도 안산시 상록구 성안길 76 (사동) 1층,39,경기도,37.3014297252,126.8375273982,http://tong.visitkorea.or.kr/cms/resource/52/3442852_image2_1.jpg,"더스크 커피랩은 한양대학교 에리카 캠퍼스 근처에 위치한 커피 전문점으로, 
독특하고 다크한 분위기의 인테리어가 돋보입니다. 항상 좋은 원두와 재료를 사용하여 최상의 커피와 서비스를 제공하며, 학생들 사이에서도 인기가 많다. 브루잉 커피와 에스프레소를 포함한 다양한 커피 메뉴와 함께 디저트 종류도 풍부하다. 또한, 원두와 티 제품을 판매하여 고객들에게 더 넓은 선택지를 제공한다. 독특한 공간과 우수한 품질로 커피 
애호가들에게 사랑받는 카페이다.",,,전구역 동반가능,,,,,11:00-23:00 (22:30 라스트오더),연중무휴,
2697881,콩쥐팥쥐 관광 한옥리조트,전북특별자치도 완주군 이서면 신지앵곡길 237-10,32,전북특별자치도,35.8036857071,127.031652974,,"콩쥐팥쥐 관광 한옥리조트는 전남 완주군 앵곡마을에 위치해 있는 한국적인 정취를 잘 드러내고 있는 리조트이다. 만남과 모임의 공간으로 활용하기 좋은 카페 공간도 제공한다. 더불어 한복체험, 카트체험 등 사계절별로 다양한 테마가 준비되어 있다.",,"<a href=""http://www.kongis.kr/""target=""_blank"">http://www.kongis.kr/</a>",,맹인 안내견,,,,15:00,,가능
3458416,용산공원 부분개방부지,서울특별시 용산구 서빙고로 238 (서빙고동),12,서울특별시,37.5200070821,126.9900629507,http://tong.visitkorea.or.kr/cms/resource/53/3458353_image2_1.jpg,"용산공원 부분개방부지는 서울특별시 용산구에 위치한 용산공원의 일부분으로, 공원 조성 작업 중 일부 지역이 부분적으로 개방된 공간이다. 이 부지는 용산공원이 완공되기 전까지 시민들이 일정 부분 공원을 이용할 수 있도록 개방한 구역으로, 자연을 즐기고 여가 활동을 할 수 있는 공간을 제공한다.
용산공원 부분개방부지는 용산기지의 일부 구역이었다. 용산기지는 과거에 미군기지로 사용되었던 지역으로, 미국 군대가 주둔하면서 군사적 목적으로 사용되던 부지였다. 이곳은 1880년대부터 미군 기지로 사용되었으며, 2004년 미군이 서울을 떠나면서 부지 반환이 시작되었고, 이후 서울시는 이 지역을 공원으로 개발하는 계획을 수립했다.
용산공원은 약 3.5㎢ 크기로 조성될 예정인 서울의 대형 공원으로, 부분개방부지는 이 공원 조성 중 일부 구역이 시민들에게 개방된 지역이다. 과거 미군기지로 사용되었던 부지는 군사 시설, 주거지, 그리고 군용 도로 등으로 이루어져 있었고, 반환 후에는 공원과 함께 문화시설, 휴식 공간, 체육 시설 등이 마련될 예정이다.",,"https://yongsanparkstory.kr/index.html , https://parkyongsan.kr/front/index.do",전구역 동반가능,,,,,"화~금 09:00~17:30, 토일 09:00~21:00 (운영시간 1시간 전 입장마감)",매주 월요일,
1883135,안동고택 이상루,경상북도 안동시 서후면 풍산태사로 3193-6 (서후면),32,경상북도,36.634748453,128.6784947054,http://tong.visitkorea.or.kr/cms/resource/94/2993094_image2_1.jpg,"경북 안동 천등산 자락에 위치한 250년의 역사를 간직한 안동고택 이상루는 안동 김씨의 시조인 김선평의 단소를 지키고 문중회의를 하는 곳이다. 이상루는 다락집 형태의 2층 목조누각으로 무게있는 위엄을 자랑하고, 태장재사에서는 숙박을 한다. 겨울에는 황토방 아궁이에 불을 때고 여름에는 텐트나 모기장을 치고 이상루에서 잘 수 있어 색다른 경험을 할 수 있다. 다도, 매듭공예, 탈춤, 천연염색, 한지공예 체험 및 효 교육 등 다양한 프로그램이 있고, 조식으로 각종 약선식과 양반식 밥상을 경험할 수 있다. 안동하회마을과 도산서원의 중간지점에 있어 주변 관광도 편리하다.",010-3522-1542,https://goandong.modoo.at,일부구역 동반가능,반려견,,,,16:00,,가능
2706485,오류헌,경상북도 안동시 임하면 기르마제길 18-15,32,경상북도,36.5195151591,128.8668396641,http://tong.visitkorea.or.kr/cms/resource/29/2706129_image2_1.jpg,"경북 안동 임하호 인근에 자리한 오류헌은 400여 년 된 조선시대 고택으로, 국가민속문화재다. 문살과 마루 등이 조선시대 사대부 가옥의 아름다움을 잘 드러내고, 사랑채와 대문채는 웅장하면서도 섬세하고 우아하다. 숙박이 가능한 별채는 2칸짜리 방과 대청마루, 욕실 겸 화장실로 구성되어 있다. 취사는 불가하고 조식으로 한식을 무료 제공하며, 바비큐도 가능하다. 인근에 임하호 아쿠아수상레저와 만휴정, 하회마을 등이 있다.",054-822-2704,https://www.instagram.com/oryuheon.andong,전구역 동반가능,,,,,16:00,,가능
1990092,고성 최필간고택,경상남도 고성군 하일면 학동돌담길 55 (하일면),32,경상남도,34.9505829528,128.1936699642,http://tong.visitkorea.or.kr/cms/resource/12/2574712_image2_1.jpg,"최필간 고택은 고성 학동마을 돌담길에 위치한 200여년의 역사를 품은 경남 문화재로, 다른 한옥에 비해 담장이 높고 웅장한 전통 사대부가의 한옥이다. 현재 전주 최씨 가문이 11대째 이어가며 지키고 있다. 고택은 대문간채, 안채, 안사랑채, 사랑채, 고방채 등으로 구성되어 있고, 중문을 경계로 남녀 공간을 구별해 놓았다. 세월의 흔적을 담은 돌담 사이로 이어지는 언덕길을 거닐며 직접 운치를 느껴보는 것을 추천한다.",010-3824-4274,http://cafe.naver.com/maesaoldhouse,전구역 동반가능,맹인 안내견,,,,15:00,,가능
3438041,유선재,경기도 양평군 양동면 장만대길 89-11 유선재,32,경기도,37.4905124838,127.7092929219,,"100년된 고택, 전통한옥 ‘유선재’입니다.
170평 고택 전체를 한가족이 사용할 수 있도록 하루에 한 가족만 예약을 받습니다.
‘유선재’는 전통 한옥의 감성과 동시에 생활공간은 리모델링으로 호텔의 정갈함이 있습니다.
고즈넉하고 평화로운 양평의 어느 한 마을 안에서 아무런 방해 없이 한옥 독채에서의 추억을 만들어가시길 바랍니다.",0507-1344-4366,https://yooseonjae.modoo.at/,전구역 동반가능,시각 장애인 안내견,,,,15:00,,가능
3438560,잔원유림 풀빌라,경기도 양평군 단월면 섬이길 216,32,경기도,37.6252835176,127.5884305134,,"빌라 뒷 편으로는 작은 산이 숲을 이루고 있고, 정면으로는 봉미산 봉우리를 볼 수 있습니다.
마당으로는 해가 오래도록 머물고 있으며 탁 트인 시야를 통해 사계절을 온전히 느낄 수 있습니다. 도심을 벗어나 고요한 공간입니다. 이곳에 오실 모든 분들께서도 편안함과 함께 여유로움을 느껴보시길 온 마음으로 바라봅니다. 어지럽고 고단한 일상에 평화가 필요할 때 타인의 시선이 차단된 공간에서 나만의 평화로움, 우리만의 여유로움을 온전히 경험해보셨으면 좋겠습니다.",0507-1458-8487,https://blog.naver.com/janwonurim,일부구역 동반가능,7kg 미만 소형견,매너벨트 착용,침구류 및 수건 함께 사용 불가,,15:00,,가능
3438559,Stay Vibe,서울특별시 종로구 평창1길 7-4 (평창동) 2층,32,서울특별시,37.6052328134,126.9635768407,,"한국의 부촌 중의 한 곳인 평창동에 위치한 ‘스테이 바이브’는 북한산에 둘러쌓여 맑은 공기와 새소리를 들으며 이 곳이 서울 한가운데가 맞는지 착각할 만큼의 조용한 동네에 위치하고 있습니다.
아트 갤러리가 많고 북한산 둘레길과 백사실 계곡까지 서울 도심 내에서 수많은 경험을 할 수 있는 동네에 위치하고 있으며, 최대 8인까지 수용 가능한 단독 주택의 2층이라 대가족 모임, 동창 모임으로 추억만들기로도 적합한 곳입니다.",0507-1414-2388,,전구역 동반가능,시각 장애인 안내견,,,,15:00,,가능
3438052,중정독채,전라남도 나주시 금성관길 43-4 (산정동),32,전라남도,35.0346869107,126.7150505552,,"스테이중정은 나주 곰탕거리 시내에 위치해 아늑함과 편리함을 제공해 드리는 한옥스테이입니다
한옥을 현대적으로 재해석한 스테이중정만의 감성적인 분위기에서 힐링해보세요",010-6551-0393,http://stayjungjeong.com/,전구역 동반가능,7kg 이하 반려동물,,,,16:00,,가능
3438590,중정별채,전라남도 나주시 노안면 금안한옥길 43,32,전라남도,35.0769399852,126.6857548797,,"나주 전통 한옥만으로 이루어진 금안 한옥 마을에 위치한 나주 한옥 ‘스테이 중정 별채’입니다.
전통 한옥 스타일을 현대적 감각으로 재해석한 공간으로 고풍스러움과 감성이 어우러진 특별한 체험을 제안합니다.
고유한 한국 전통 문화와 건축양식이 조화롭게 어우러진 객실은 휴식과 여유를 동시에 선사합니다.
아름다운 자연과 어우러진 한옥은 편안하고 안락한 여행을 찾는 사람에게 최적의 선택입니다.",010-9887-6244,http://jungjeong.net/,전구역 동반가능,7kg 이하 반려동물,,,,15:00,,가능
3438591,구례 문 한옥 게스트 하우스,전라남도 구례군 광의면 은행정1길 27-5,32,전라남도,35.2440369728,127.4536328486,,"지리산을 병풍삼은 산에서 품어져 나오는 맑은 공기 가득한 시골 마을에 있는 한옥입니다,
한옥을 독채로 사용하며 도란도란 불멍을 때리며 바비큐를 할 수 있습니다. 마당의 대문을 닫으면 오롯이 나만이 사용 할 수 있는 공간에서 무쇠 난로에 장작을 지펴가며 정답게 커피 한 잔 나누시고, 반려견이 있으신 경우 마당에 자유롭게 뛰어 놀 수 있는 추억을 선물 해주세요. 지리산을 뒷배경으로 조용하고 정다운 시골 마을을 만끽해보세요.",0507-1401-9983,https://moonguest.creatorlink.net/,전구역 동반가능,소형견,,,,15:00,,가능
3438431,사월 한옥,서울특별시 성북구 성북로 76-11 (성북동),32,서울특별시,37.5939097842,127.0000238388,,"성북동은 서울의 예스러움을 간직한 고즈넉하고 정겨운 동네입니다. 그 정다운 골목길에 자리한 ‘사월한옥’은 100년의 시간을 간직한 공간입니다.
일상의 소란스러움을 걷어 낸 고요하고 간결한 공간에서 내면의 피로를 씻어내는 충분한 시간을 향유하기 바랍니다. 바쁘게 흘러가는 일상에 작은 쉼표가 되어드리겠습니다.",0504-0904-2789,,전구역 동반가능,시각 장애인 안내견,,,,17:00,,가능
3438659,그루브하우스,서울특별시 동대문구 서울시립대로25길 10 (전농동) B101호,32,서울특별시,37.5827620188,127.0522138438,,"우리의 집은 시간이 새겨진 이야기가 가득한 공간입니다.
투룸 모두 객실 내 에어컨이 설치되어 있어 무더운 여름에도 시원하게 보낼 수 있습니다.
버려지는 곳 없이, 외관의 아름다움을 최대한 살리며 내부는 세련되게 리모델링하여 도심 속 작은 예술의 향연을 꿈꾸어 왔습니다. ""공간은 특별하지만, 깨끗하게!"" 신념으로 운영합니다. 이 공간에서 특별한 추억을 만들어보세요.",010-7656-3228,https://www.wehome.me/rooms/2021356,전구역 동반가능,시각 장애인 안내견,목줄 착용,,,16:00,,가능
3438160,통인 1939,서울특별시 종로구 자하문로 33-7 (통인동),32,서울특별시,37.5790276599,126.970979686,,"‘통인1939’는 1939년 지어진 한옥으로, 호스트가 어린시절을 보낸 공간이기도합니다. 
오랜시간이 담긴 ㄷ자 형 한옥으로 도심에서 찾아보기 힘든 큰 중정이 있습니다. 
한적한 주택가에서 남향의 한옥으로 드리우는 햇살 아래 평온한 한옥 스테이를 경험하실 수 있습니다.",0507-1348-3282,https://tongin1939.modoo.at/,전구역 동반가능,털날림 많은 종은 불가,,,,15:00,,가능
3444369,파라안 안강,경상북도 경주시 안강읍 안강중앙로 32,39,경상북도,35.9956976892,129.2038500522,http://tong.visitkorea.or.kr/cms/resource/35/3444135_image2_1.JPG,"안강 파라안 카페는 다양한 음료와 베이커리 메뉴를 즐길 수 있는 편안한 공간으로, 모든 손님들에게 특별한 경험을 제공합니다. 층별로 차별화된 공간 구성과 세심한 배려가 돋보이며, 애견 동반 고객과 가족 단위 손님들도 안심하고 방문할 수 있는 환경을 갖추고 있습니다.",,,전구역 동반가능,,목줄 착용,,,10:00-22:00 (21:30 라스트오더),연중무휴,
3443259,티크닉 앨리웨이 광교점,"경기도 수원시 영통구 광교호수공원로 80 (원천동, 광교아이파크) 광교아이파크 판매지동 2층 242호",39,경기도,37.2745173664,127.0603134717,http://tong.visitkorea.or.kr/cms/resource/10/3442910_image2_1.jpeg,"티크닉 앨리웨이 광교점은 광교호수공원 맞은편에 위치한 티 전문 카페로, 넓고 쾌적한 공간에서 계절마다 변화하는 호수뷰를 감상하며 차와 디저트를 즐길 수 있는 힐링 공간입니다. 전세계 다원의 질 좋은 찻잎을 블렌딩한 티와 정성으로 만든 디저트가 대표적이며, 크림티세트와 에프터눈티세트가 인기 메뉴입니다. 차를 즐기는 문화와 휴식의 가치를 전하며, 소중한 사람과 최고의 티타임을 보낼 수 있도록 따뜻한 경험을 제공합니다.",,,전구역 동반가능,,,,,11:00-21:00 (20:30 라스트오더),설날 추석 당일 휴무,
3443019,팜바라기 cafe,충청북도 괴산군 괴산읍 자연식품길 31 (스트리트몰) 팜바라기 카페,39,충청북도,36.8401729407,127.82379293,http://tong.visitkorea.or.kr/cms/resource/26/3442826_image2_1.jpg,"팜바라기 Cafe는 충북 괴산에 위치한 넓은 자연 친화형 카페로, 가족 단위 방문객과 반려동물 동반 이용객들에게 특히 인기 있는 공간입니다. 
애견 동반이 가능하며, 아이들이 안전하게 뛰어놀 수 있는 넓은 야외 공간을 제공합니다. 푸른 자연 경관과 여유로운 분위기가 어우러져 힐링과 휴식을 즐기기에 적합합니다. 
다양한 음료와 디저트를 제공하며, 따뜻한 서비스와 감성적인 인테리어가 매력적인 곳입니다.",,,전구역 동반가능,,목줄 착용,,,09:00-19:00,"매주 화요일, 수요일 정기휴무",
2604347,한옥호텔 오동재,전라남도 여수시 박람회길 99 (덕충동),32,전라남도,34.7585521582,127.7452196757,,"한옥호텔 오동재는 전남 여수 덕충동에 위치하며, 한옥의 느낌을 그대로 살린 세련된 감각과 디자인으로 만들어진 한옥호텔이다. 2012년 여수 세계 박람회와 함께 방문객들에게 소중한 추억과 휴식처를 제공한다.",,http://www.jnto.co.kr/,전구역 동반가능,,,,애견용 계단,15:00,,가능
2946228,익선동 한옥거리,서울시 종로구 익선동,12,,37.5737675037,126.9901419773,http://tong.visitkorea.or.kr/cms/resource/22/2947522_image2_1.jpg,"'플레이 서울' NCT 편
'플레이 서울'에서 NCT의 제노와 천러가 익선동 한옥거리에서 SNS 감성 핫 플레이스 투어를 선보였다. 골목과 한옥이 어우러진 익선동에서 감성 식당 포토존, 운세 알아보기, 독특한 체험으로 익선동 여행의 재미를 전달했다. 오래된 숙박업소를 개조한 카페로 층마다 분위기가 달라 재미있는 공간인 '호텔 세느장'과 플라워 디퓨저를 만들어 선물하면 좋은 향수 공방 '아씨방앗간'에 들려보자.",,,일부구역 동반가능,전 견종 동반 가능,목줄 착용,"- 각 가게 개별 정책 문의 필요
- 맹견의 경우, 입마개 착용 필수
- 배변봉투 지참 및 배변처리 필수",,,,
2357441,가인 김병로 생가터,전북특별자치도 순창군 복흥면 하리길 160,12,전북특별자치도,35.4505693165,126.9774224423,http://tong.visitkorea.or.kr/cms/resource/82/3364482_image2_1.JPG,"조선 중기의 도학자 하서 김인후 선생의 15대손인 가인 김병로 선생의 생가로 이곳에서 태어나 유년시절을 지냈으며, 1948년 대한민국 초대 대법원장을 지낸 법조인이자 정치가로서 우리나라 사법부 역사상 법조 3성[聖]으로 한국 근현대사에 큰 획을 그은 인물로 법조인들로부터 가장 추앙받고 있다. 가인 생가는 당초 안채, 사랑채, 문간채로 이루어 졌으나, 6.25 한국전쟁때 소실되어 옛모습을 찾아 볼 수 없었으나, 순창군에서 후손들의 고증을 거쳐 안채와 문간채를 2014년 5월에 복원을 완료하여 오늘에 이르고 있다.

(출처 : 순창군 문화관광 홈페이지)",,"<a title=""새창: 순창 문화관광 홈페이지로 이동"" href=""https://www.sunchang.go.kr/tour/board/view.sunchang?menuCd=DOM_000000402001000000&boardId=BBS_0000005&dataSid=50"" target=""_blank"">http://tour.sunchang.go.kr</a>",전구역 동반가능,전 견종 동반 가능,목줄 착용,"- 맹견의 경우, 입마개 착용 필수
- 배변봉투 지참 및 배변처리 필수",,상시개방,연중무휴,불가능
3102079,한옥에서 하루를,경기도 파주시 문산읍 방촌로1294번길 47,32,경기도,37.8403822302,126.7542726294,,"경기 파주시에 위치한 한옥에서 하루를은 160년의 웃음과 추억을 오래된 한옥에 그대로 보존시켜 고즈넉하고 안락한 외할머니댁을 연상케 하는 고택이다. 절구통, 두부를 만드는 기구, 오래된 장독대와 우물, 농기구들이 있어 옛 정취를 느낄 수 있다. 온돌방 2개 침대방 1개와 함께 현대식으로 설비된 주방과 화장실은 편안한 휴식을 제공한다. 바베큐와 불멍, 만화그리기, 양갱만들기, 모스액자 만들기 등 여러가지 체험도 즐길 수 있다.",031-906-3939,"<a href=""http://hanok1294.modoo.at"" target=""_blank"" title=""한옥에서 하루를(으)로 이동"">http://hanok1294.modoo.at/</a>",,불가,,,,15:00,,가능
3102031,소산당,전라남도 구례군 토지면 운조루길 35-17,32,전라남도,35.2066505326,127.5118592361,,"전라남도 구례 운조루 한옥마을 가장 안쪽에 위치한 소산당은 누마루가 있는 멋진 독채 한옥 민박이다. 건물 뒤쪽에 지리산과 나무들이 자리잡고 있고, 지대 또한 살짝 높아 공기가 맑고 시원하다. 내부는 거실, 주방, 방3개, 화장실로 구성되어 있고, 거실에 있는 난로가 옛 추억을 불러오며 따뜻함을 더해준다. 누마루 앉아 바라보는 맑은 하늘과 드넓게 펼쳐진 산 풍경이 일품이다, 지리산 치유의 숲을 산책하며 마음 재충전을 할 수 있다.",010-3671-8252,,,"가능(소형견, 고양이)",목줄 착용,,,14:00,,가능
3102210,선음재,서울특별시 종로구 북촌로 94-14 (가회동) 선음재,32,서울특별시,37.5850966614,126.9856309563,,"서울 북촌에 자리한 선음재는 1934년에 지어진 한옥을 리모델링하여 제26회 서울시 건축상을 수상한 한옥이다. 호스트가 거주하다가 최근 재오픈하였다. 선음재는 4개의 침실, 안채대청, TV룸과 다락방, 앞마당의 누마루, 사랑채 대청과 누마루, 그리고 후원으로 구성되어 있다. 모든 공간은 황토와 한지 벽지로 되어 있고, 편안한 숙면을 위해 템퍼 침대와 토퍼를 제공한다. 와룡공원 전망대에서 서울 야경을 보거나 서울 성곽을 따라 저녁 산책을 해보기를 추천한다.",010-2882-1090,"<a href=""https://seoneumjae.modoo.at
https://www.airbnb.co.kr/rooms/7393535"" target=""_blank"" title=""선음재(으)로 이동"">https://seoneumjae.modoo.at
https://www.airbnb.co.kr/rooms/7393535/</a>",,불가,,,,15:00,,가능
3102095,보라보라,서울특별시 용산구 이태원로26길 25-12 (이태원동),32,서울특별시,37.5333861525,126.9939205548,,"보라보라는 이태원역 바로 옆에 있는 단층 주택으로, 한국의 전통 감성과 이태원의 모던하고 힙한 느낌을 겸비하여 외국인들이 선호하는 독채하우스다. 방 3개, 욕실 2개, 작은 마당과 옥상이 있고, 모든 침구와 매트리스, 타올은 특급호텔용으로 제공한다.  거실에는 빔프로젝트와 스피커가 있어 좋은 사운드로 영화를 감상할 수 있고, 부엌에서 요리를 해 마당 테이블에 앉아 식사도 할 수 있다. 호스트가 영어, 일본어, 중국어를 구사할 수 있다.",010-5703-5703,"<a href=""https://www.airbnb.com/h/borabora"" target=""_blank"" title=""보라보라(으)로 이동"">https://www.airbnb.com/h/borabora/</a>",,"가능(강아지, 고양이)",,,,16:00,,불가
3102200,오래된 숲(송산),전라남도 장흥군 장흥읍 송산길 59,32,전라남도,34.6530355573,126.8901667154,,"전라남도 장흥 송산길에 위치한 오래된숲(송산)은 120년 된 한옥 고택으로, 부지 1천평에 5동으로 구성되어 있다. 안채와 사랑채를 한옥스테이로 활용하고 있고, 창고를 수리해서 책방과 서재로 사용하고 있다. 안채는 웅장함을, 사랑채는 아기자기함을 선보인다. 네 동의 가운데 마당을 두고 펼쳐져 있다. 마당은 150평 크기의 장방형으로, 이곳에서 간단한 운동과 놀이, 티타임을 하여 즐거운 추억을 쌓을 수 있다.",010-5239-1592,"<a href=""https://www.airbnb.co.kr/rooms/908163791025218549"" target=""_blank"" title=""오래된 숲(송산)(으)로 이동"">https://www.airbnb.co.kr/rooms/908163791025218549/</a>",전구역 동반가능,,"목줄 착용,매너벨트 착용",,,14:00,,가능
2695730,효자스테이,서울특별시 종로구 효자로7길 7-5 (통의동),32,서울특별시,37.5787999537,126.9734877974,,"효자 스테이는 경복궁 인근 주택가에 조용히 자리하고 있는 한옥이다. 아침에는 환한 햇살이 중정에 내리쬐고, 비가 오는 날이면 가만히 빗소리를 듣기 좋은 집이다.",,"<a href=""https://www.airbnb.co.kr/rooms/41903571?_set_bev_on_new_domain=1599542562_YjQ3ZjNmMDBmMjFh&source_impression_id=p3_1600039958_KbwbPUzaKAI8XEPT&guests=1&adults=1""_blank"">https://www.airbnb.co.kr/rooms/41903571?_set_bev_on_new_domain=1599542562_YjQ3ZjNmMDBmMjFh&source_impression_id=p3_1600039958_KbwbPUzaKAI8XEPT&guests=1&adu",전구역 동반가능,훈련된 소형견,,,,15:00,,가능
2671726,헤이리풀빌라 워라벨 호스텔,경기도 파주시 탄현면 샘철길 38-12,32,경기도,37.789498108,126.6887356312,,벽난로가있는 낭만적인 펜션,,"<a href=""https://poolvillaheyri.com""target=""_blank"">https://poolvillaheyri.com</a>",전구역 동반가능,10kg 이하 반려견,,,,15:00,,가능
2570099,해오름관광펜션,경상북도 울릉군 울릉읍 도동1길 35-10,32,경상북도,37.4831429411,130.9064432767,http://tong.visitkorea.or.kr/cms/resource/25/2568025_image2_1.jpg,환상의 섬 한국의 갈라파고스 울릉도 도동중심지에서 바비큐를 즐길 수 있는 유일한 관광펜션 해오름 관광 펜션이다.,054-791-7737,"<a href=""http://xn--hq1bk3ijzm.xn--3e0b707e/""target=""_blank"">http://xn--hq1bk3ijzm.xn--3e0b707e/<a/>",,소형견,,,,15:00,,공용주차장 이용
2626708,해성파크텔,제주특별자치도 서귀포시 천제연로 158-4 (중문동),32,제주특별자치도,33.2523116402,126.4213570284,,"비즈니스 및 레저 여행 모두를 충족시킬 수 있는 해성 파크텔은 도시에서 가장 유명한 지역 중 하나인 중문에 있다. 도심에서 단 거리에 있어 쉽게 이동할 수 있으며, 공항까지는 보통 분 정도 소요된다. 도시의 필수 관광 명소에 손쉽게 접근할 수 있는 편리한 위치를 자랑한다. 최고의 시설과 서비스 제공을 통해 투숙객이 편안함을 느끼도록 최선의 노력을 다하고 있다. 투숙객 편의와 편안함을 위해 숙소에서 Wi-Fi (무료/전 객실), 편의점, 일일 청소 서비스, 택시 서비스, 여행 가방 보관 등을 제공하고 있다. 최고 수준의 편의와 편안함이 갖춰져 있다.

일부 객실에서 거울, 금연 객실, 에어컨, 난방, 암막 커튼 등을 제공하고 있고 투숙 기간에 다양한 여가 시설 등을 이용할 수 있다. 제주도에서의 양질의 숙박을 위해 다양한 시설/서비스를 제공하고 있다.",,"<a href=""http://www.hsparktel.com/"">http://www.hsparktel.com/</a>",일부구역 동반가능,소형견 1마리,,,,15:00,,가능
2544734,한채당 한옥체험관,충청남도 태안군 소원면 송의로 695-9,32,충청남도,36.8300475341,126.1612654683,http://tong.visitkorea.or.kr/cms/resource/12/2680312_image2_1.JPG,"한채당 한옥체험관은 충남 태안군 의향해수욕장이 내려다보이는 산기슭에 위치한 독채 한옥 스테이다. 돌담과 넓은 개별 마당이 있어 완벽한 독립성을 보장한다. 각 객실마다 주방, 거실, 화장실이 있다. 한옥 앞마당에서 서해의 명품 낙조를 감상할 수 있고, 숯불 바비큐, 투호와 윷 등 전통놀이를 즐길 수 있다. 한복체험, 문패만들기 및 한옥 조립 교구체험 등도 있다. 도보로 해수욕장을 이용할 수 있고, 애견 동반도 가능하다.",010-4498-8808,http://hancorp.co.kr,전구역 동반가능,,"입마개 착용,목줄 착용,매너벨트 착용",,,16:00,,가능
2607675,학은재,전라남도 목포시 유동로 51 (중앙동3가),32,전라남도,34.7864010293,126.3802361926,,"국내와 해외에서 근무하며 다양한 사람들을 만나고 많은 곳을 여행했던 사장님이 퇴직 후 목포가 좋아 별장으로 사용하던 한옥을 개방하였다. 50년이라는 흔적을 간직한 한옥 속의 작은 정원에는 동백과 오죽, 팔손이, 장미 등이 자라고 있으며 주변에는 유달산, 성옥 기념관, 목포역, 여객선 터미널 등이 걸어서 10분 이내에 있다.",010-9448-4398,"<a href=""https://hanokguest.ceos.kr/""target=""_blank"">https://hanokguest.ceos.kr/<a/>",전구역 동반가능,10kg미만 소형견,"목줄 착용,매너벨트 착용",,,15:00,,가능
2663616,캔버스 블랙,부산광역시 해운대구 해운대해변로197번길 14 (우동),32,부산광역시,35.1594102909,129.1530057486,,"해운대 캔버스게스트하우스는 더베이 101과 가까운 위치에 있다. 주변에 해운대가 있어 물놀이에 적합하며, 캔버스스테이 이용고객들은 반려동물동반 여행이 가능하다. 스테이 이용 고객들은 루프탑 이용이 가능하다. 호스텔은 캡슐호텔의 형태로 여행객들이 이용하기에 적합하다.",,"<a href=""https://canvashostel.modoo.at/""target=""_blank"">https://canvashostel.modoo.at/</a>",전구역 동반가능,,"목줄 착용,반려동물 유모차 탑승,이동장(켄넬)사용",,,15:00,,가능
2622984,캔버스,부산광역시 해운대구 해운대해변로197번길 13 (우동),32,부산광역시,35.1592353048,129.1526891145,,"해운대 캔버스게스트하우스는 더베이 101과 가까운 위치에 있다. 주변에 해수욕장이 있어 물놀이에 적합하며, 캔버스스테이 이용고객들은 반려동물동반 여행이 가능하다. 스테이 이용 고객들은 루프탑 이용이 가능하다. 호스텔은 캡슐호텔과 도미토리 형태로 여행객들이 이용하기에 적합하다.",010-2665-2183,"<a href=""https://canvashostel.modoo.at"">https://canvashostel.modoo.at</a>",전구역 동반가능,,"목줄 착용,반려동물 유모차 탑승,이동장(켄넬)사용",,,15:00,,가능
2575836,북촌 게스트하우스,서울특별시 종로구 북촌로 20-17 (재동),32,서울특별시,37.5786279695,126.9856811352,http://tong.visitkorea.or.kr/cms/resource/42/2575642_image2_1.PNG,2004년에 오픈한 북촌 게스트하우스는 자그마한 미니 한옥으로 편안한 잠자리를 즐길 수 있으며 한식으로 아침 식사를 먹을 수 있다.,,"<a href=""https://bukchon72.modoo.at/""target=""_blank"">https://bukchon72.modoo.at/</a>",전구역 동반가능,,매너벨트 착용,,,15:00,,불가
2570728,주식회사 더 오래뜰(게스트하우스 오래뜰),전라남도 목포시 북교길 27 (북교동),32,전라남도,34.7943501009,126.3782306228,http://tong.visitkorea.or.kr/cms/resource/13/2568913_image2_1.jpg,"오래뜰은 목포역에서 도보 10분 거리에 위치해있다. 가족, 여성전용 게스트하우스이며, 본채는 여성전용으로 운영된다. 본채에 한해 추가요금 지불시 반려동물 동반이 가능하다. 오전 8:30-9:30까지 한식 조식을 제공한다.",010-4136-1137,"<a href=""https://booking.naver.com/booking/3/bizes/190853""target=""_blank"">https://booking.naver.com/booking/3/bizes/190853<a/>",전구역 동반가능,반려견,,,,15:00,,가능
2621735,자연담은(자연담은펜션),전라남도 여수시 돌산읍 돌산로 3086,32,전라남도,34.6984230861,127.7629057701,,자연담은은 여수 바다가 보이는 펜션으로 펜션 바로 앞에 바다가 있다.,010-3628-6337,"<a href=""http://www.xn--jk1b037a32acj.kr/"" target=""_blank"" title=""새창 : 자연담은펜션 홈페이지로이동"">http://자연담은펜션.kr/</a>",전구역 동반가능,10kg미만 소형견,매너벨트 착용,,,15:00,,가능
2699354,은혜당,경상북도 영덕군 축산면 상원길 109-24,32,경상북도,36.5076045038,129.4007483452,,"은혜당은 ㄱ,ㄴ이 합쳐진 ㅁ자형인 전통한옥인 고택을 레노베이션하여 현대적 감각과 편의성을 살려 불편함이 없는 한옥으로 만들어 운영하고 있다.",,"<a href=""https://blog.naver.com/parkdoojin85""_blank"">https://blog.naver.com/parkdoojin85</a>",전구역 동반가능,소란하거나 사납지 않은 10KG 이하 반려견,,,,14:00,,가능
2699326,월출산 청풍명월,전라남도 영암군 군서면 월암길 116-29,32,전라남도,34.7698768483,126.6545568287,,"월출산 청풍명월 한옥 독채 펜션은 한국의 전통과 문화가 깃들어 있는 영암에서, 많은 사람들에게 한옥의 멋과 전통문화를 알리려는 목적에서 계획하게 되었다.",,"<a href=""https://wolchulmoon.modoo.at/""_blank"">https://wolchulmoon.modoo.at/</a>",전구역 동반가능,전화문의,,,,15:00,,가능
2699563,옐로우라이트하우스,부산광역시 수영구 광안해변로370번길 9-32 (민락동),32,부산광역시,35.1567852389,129.1343130018,,개요없음,,"<a href=""https://www.instagram.com/gongja_pingpong/?hl=ko""_blank"">https://www.instagram.com/gongja_pingpong/?hl=ko</a>",전구역 동반가능,배변훈련 된 반려동물,,,,15:00,,가능
2620236,예다움,경상남도 산청군 단성면 지리산대로 2901-6,32,경상남도,35.2737087577,127.936778438,,"남사예담촌은 한국에서 가장 아름다운 마을 1호로 지정된 마을이다. 주차는 남사예담촌의 공영주차장을 이용하면 된다. 예담이란 '옛 담'이란 뜻이며, 남사예담촌의 담장들은 2006년 국가등록문화재로 지정되었다. 숙소 주변 볼거리로는 나무 아래를 통과하면 백년해로한다는 회화나무, 이 씨 고가, 사양정사, 최 씨 고가, 사수천의 거북바위와 용소 바위가 있다. 예다움은 사양정사 골목에 있다. 편백나무와 황토로 지어진 신축 한옥이다. 개별욕실과 에어컨 세면용품, 드라이기, 수건, 바비큐 시설과 간단한 조식이 준비되어 있다.",,"<a href=""https://yedaumguesthouse.modoo.at""target=""_blank"">https://yedaumguesthouse.modoo.at</a>",전구역 동반가능,전화문의,,,,15:00,,가능
2699322,양지 뜰 펜션(무주양지뜰펜션),전북특별자치도 무주군 설천면 보안길 90,32,전북특별자치도,35.9073646256,127.7681903294,,무주의 수려한 자연환경과 사시사철 축제와 반딧불의 고장에 위치한 양지뜰펜션은 고객님께 최상의 서비스를 제공해 드리기 위해 항상 최선을 다한다.,,"<a href=""www.무주양지뜰펜션.com""_blank"">www.무주양지뜰펜션.com</a>",전구역 동반가능,소형견,목줄 착용,,,15:00,,가능
2626972,아르노펜션,경기도 가평군 설악면 유명로 2108,32,경기도,37.6949258467,127.4600929288,,"청정 계곡과 환상적인 스파의 만남! 아르노 펜션에서는 봄이면 불어오는 강바람을 따라 따뜻한 봄 내음이 느끼고, 여름이면 계곡에서 시원한 물놀이는 물론 스릴 만점 수상 레저를 즐길 수 있다. 가을이면 유명산에 울긋불긋 아름답게 핀 단풍을 감상하며 등산을 즐겨보자. 겨울에는 하얗게 눈 덮인 풍경에 잠시 추억 속으로 빠져 볼 수 있다. 계절마다 자연이 주는 아름다움을 감상하며 소중한 사람과 여행지에서 즐거운 한때를 누릴 수 있다.",,"<a href=""http://arnokids.com/""_blank"">http://arnokids.com/</a>",전구역 동반가능,10KG 이하 반려견,매너벨트 착용,,애견전용운동장,15:00,,가능
2579802,수성그린비,경상남도 고성군 삼산면 자란만로 2128,32,경상남도,34.9424818379,128.236185907,,"수성그린비는 경남 고성의 맑은 공기와 깨끗한 바다, 갯벌을 접하고 있는 천혜의 자연 테마로 이루어진 경남 최상의 관광농원이다. 수성그린비는 휴식을 위한 설비들을 갖췄을 뿐만 아니라, 독채형 펜션 시설이 마련되어 있으며, 방문객들의 편의를 위해 야외에 별도의 취사장, 샤워시설도 비치되어 있다. 알프스사과와, 토마토, 딸기를 채취할 수 있는 체험장이 마련되어있고, 농원 앞 갯벌에서는 조개 채취도 체험해볼 수 있다. 아이들을 위한 스카이퐁퐁, 미끄럼틀, 분수형 야외풀장과 사륜바이크, 제트스키, 바나나보트, 보트투어까지 가능한 그야말로 다양한 체험활동과 해양 레포츠를 동시에 즐길 수 있는 국내 유일의 버라이어티 관광농원이다.

(정보제공자: 고성군청)",055-673-0666,"<a href=""http://ssgreenbi.com/""target=""_blank"" title=""수성그린비 홈페이지로 이동"">http://ssgreenbi.com/</a>",전구역 동반가능,,,,,15:00,,가능(공영주차장 40대)
2696312,소담스테이,서울특별시 마포구 마포대로14길 12-17 (공덕동),32,서울특별시,37.5480393261,126.9559902624,,"소담스테이는 서울시에서 인증한 클린존(방역안심시설)으로 정기적으로 방역을 실시하고 있다. 공덕동 소담길 인근 주택가에 조용히 자리하고 있는 한옥인 소담스테이는 아침에는 환한 햇살이 마당에 내리쬐고, 비가 오는 날이ㅁs 가만히 빗소리를 듣기 좋은 집이다.",,,전구역 동반가능,훈련된 소형견,,,,16:00,,가능
2701396,서남산한옥,경상북도 경주시 내남면 포석로 435-12,32,경상북도,35.7808636366,129.2045588973,,첨성대에서 15분거리에 있는 신상 2층한옥 펜션으로 경주국립공원 남산앞에 있다. 각각의 객실마다 특색있고 감각적인 컨셉으로 꾸며놓았다.,,"<a href=""http://www.wnamsan.com/default/""_blank"">http://www.wnamsan.com/default/</a>",전구역 동반가능,10kg 미만,"목줄 착용,매너벨트 착용",,,15:00,,가능
2700223,블루오션펜션,인천광역시 중구 영종진광장로 52 (중산동),32,인천광역시,37.496246984,126.5789899894,,블루오션 펜션은 속에서도 자약도가 바로 앞에 보이는 아름다운 바다를 즐길 수 있는 펜션이다.,,"<a href=""http://blueoceanpension.com""_blank"">http://blueoceanpension.com</a>",전구역 동반가능,8KG 미만 반려견,"입마개 착용,목줄 착용",,,15:00,,가능(35대)
2572858,바다정원펜션,경상남도 사천시 서포면 토끼로 245-41,32,경상남도,34.9898550844,127.9662193887,http://tong.visitkorea.or.kr/cms/resource/96/2571696_image2_1.jpg,경남 사천에 위치한 바다정원펜션은 에메랄드빛바다 갯벌체험과 낚시가 가능하다. 전 객실이 바다 뷰로 넓은 정원과 바비큐장도 준비되어 있다.,010-2852-5674,"<a href=""http://seagardenpension.com/""target=""_blank"">http://seagardenpension.com/</a>",전구역 동반가능,중/소형견 10kg 미만만 입실 가능,"목줄 착용,매너벨트 착용",,,15:00,,가능
1871362,문화공간 양사재,전북특별자치도 전주시 완산구 오목대길 40 양사재,32,전북특별자치도,35.813145084,127.1541362693,http://tong.visitkorea.or.kr/cms/resource/41/2999041_image2_1.jpg,문화공간 양사재는 전주 교동 풍남동의 한옥마을에 위치해있다. 향교의 부속건물로써 조선시대 선비들이 공부를 한 장소이다. 대문을 열고 들어가면 앞뜰의 한가로움을 느낄 수 있다. 구들방 아궁이로 불을 지펴 볼 수 있고 아름다운 밤의 전경이 특징인 한옥이다.,063-282-4959,"<a href=""http://yangsajae.kr"" target=""_blank"" title=""새창: 문화공간 양사재 홈페이지로 이동"">http://yangsajae.kr</a>",전구역 동반가능,,,,,15:00,,가능(유료)
2621853,돈내코힐 리조트,제주특별자치도 서귀포시 돈내코로 180 (상효동),32,제주특별자치도,33.3029335392,126.5785144865,,"돈내코 힐리조트는 중문 관광단지를 포함하여 아름다운 제주의 여러 명소들과의 접근성이 매우 좋은 교통의 요지에 위치하고 있으며, 용천수인 돈내코 계곡과 300m 거리에 있어 산책과 물놀이에 최적의 입지이다.

편의시설, 의료시설들과 5분 거리 내에 위치하며, 산록도로 주변 8개 골프장이 10분 거리에 위치해 있다.",010-7277-1439,"<a href=""http://www.donnaekohill.com/""target=""_blank"">http://www.donnaekohill.com/",전구역 동반가능,훈련된 5KG 이하 반려견,목줄 착용,,,15:00,,가능
2692190,더 포레 관광펜션,경상북도 청도군 각남면 구곡1길 66-32,32,경상북도,35.6373698403,128.6681627264,,"힐링 공간의 최적의 장소 더 포레는 배산임수의 명당으로 앞에는 저수지, 뒤쪽의 산과 과수원은 힐링하기에 최적의 환경을 갖추고 있다. 맑고 상쾌한 물과 공기의 더 포레에서 지친 마음의 힐링이 가능하다. 더 포레는 1층, 2층, 3층이 통합적이면서도 불니되어 있어 모두 독립된 공간으로 가족이 함께 즐겁게 놀고 각자 휴식할 수 있으며, 1층부터 3층 내부 계단으로 이동이 가능하다.",,"<a href=""http://the-foret.co.kr/""_blank"">http://the-foret.co.kr/</a>",전구역 동반가능,15kg 이하 반려견,목줄 착용,,애견 히노끼탕,15:00,,가능
2575832,눈꽃여행,전북특별자치도 무주군 설천면 내배방길 22,32,전북특별자치도,35.9124582874,127.7567356523,http://tong.visitkorea.or.kr/cms/resource/14/2575614_image2_1.jpg,한 여름의 무더위를 식혀주는 덕유산의 상쾌한 바람과 싱그러움. 전국의 크시와 부드 매니아들을 흥분시키는 무주리조트의 짜릿함과 함께 새하얀 눈꽃처럼 포근한 휴식과 편안함을 더하는 무주 눈꽃 여행이 방문객들을 기다린다.,"063-322-3759 , 010-7231-2050","<a href=""http://www.snow-flower.co.kr/""target=""_blank""http://www.snow-flower.co.kr/<a/>",전구역 동반가능,소형견,목줄 착용,,,15:00,,가능
2622230,관광 꿈꾸는숲 펜션,경기도 포천시 소흘읍 죽엽산로 490,32,경기도,37.7907315317,127.164922608,,"꿈꾸는 숲 펜션은 친환경 자제로 지어진 펜션으로 방문객에게 최고의 안식과 휴식공간을 제공한다. 주변에 고모리 호수의 둘레길이 자연과 어우러져있어 가족들과 편안한 하이킹 코스를 제공하며, 날씨에 구애받지 않고 멋진 전망을 제공한다.",010-7204-7604,"<a href=""https://www.dreamyforest.com/""  target=""_blank""> https://www.dreamyforest.com/ </a>",전구역 동반가능,5kg 이하 강아지,목줄 착용,,,15:00,,가능
2607706,곡전재,전라남도 구례군 토지면 곡전재길 15-2,32,전라남도,35.2035703599,127.51390358,,"금환락지 곡전재(穀田齋)는 승주 지역에 살던 ‘7천 석의 부호’ 박승림이 10여 년간 명당을 찾다가 발견한 터에 지은 조선시대 후기 한옥이다. 건축에 함께 참여했던 곡전 이교신(穀田李敎臣)은 당시 건물의 관리를 위임 받았는데, 박승림이 별세한 후 지금의 고택을 인수했다. 이후 이 고택은 성주 이씨(星州 李氏) 문열공파(文烈公派) 가문이 터를 잡고 24대손에 이르는 현재까지 충실히 지켜가고 있다.
단체로 15~20명 정도가 묵어도 비좁지 않은 동행랑채는 곡전재에서 경관이 가장 좋은 방으로 손꼽힌다. 뒤쪽으로 문을 열면 연못이 바로 보이고, 왼쪽 끝에 달린 들문을 올리면 각종 나무로 둘러싸인 누각, 춘해루로 연결된다. 동행랑채 맞은편에 위치한 서행랑채에는 두 개의 객실이 있다. 대나무방은 외국인도 편히 머물 수 있도록 침대 방으로꾸몄고, 국화방은 옛 벽장까지 그대로 남겨 소박하고 한국적으로 꾸몄다.",010-5625-8444,"<a href=""http://www.gokjeonjae.com/""target=""_blank"">http://www.gokjeonjae.com/<a/>",전구역 동반가능,전화문의,,,,15:00,,가능(10대)
2604533,고집불통송가네,전라남도 해남군 북평면 동해길 108-23,32,전라남도,34.4415633214,126.631441776,,산과 가까운 곳에 위치하여 아침엔 산새소리에 눈을 뜨고 상쾌한 바람에 기분 좋게 하루를 시작하는 한옥 숙소이다.,010-5024-5402,,전구역 동반가능,문의요망,,,,14:00,,가능
2571935,단양추억펜션,충청북도 단양군 가곡면 가대1길 55,32,충청북도,37.0428882901,128.409412377,http://tong.visitkorea.or.kr/cms/resource/11/2570911_image2_1.jpg,단양추억펜션은 소백산과 월악산 사이에 자리한 산골의 정겨운 모습을 그대로 느낄 수 있다. 통나무로 직접 수제작하여 아름다운 자연과 하나가 되는 경험을 할 수 있다. 펜션 앞에 흐르는 강물과 산속에서 흘라나오는 새소리로 힐링 여행을 즐길 수 있다. 바비큐장 시설이 있으며 배드민턴 채를 제공한다. 특이하게 웰큼드링크로 막걸리를 마실 수 있다.,010-3789-7322,"<a href=""https://healingpension.modoo.at/""target=""_blank"" title=""새창 : 홈페이지로이동"">https://healingpension.modoo.at/</a>",전구역 동반가능,,,,,15:00,,가능
2692394,GRIDA(그리다 리조트),전라남도 여수시 돌산읍 강남해안로 60,32,전라남도,34.7202425635,127.745459518,,조용한 작은 어촌 마을의 앞 바다 경치를 감상할 수 있고 노을이 지는 것을 감상할 수 있는 펜션이다.,,"<a href=""http://www.gridaresort.com""_blank"">http://www.gridaresort.com</a>",전구역 동반가능,동물보호법상 지정된 맹견 및 해외 기준과 동일한 3종을 제외한 나머지 반려견,,,,15:00,,가능
2628004,에스지빌라앤호텔(미동의),경상북도 경주시 감포읍 동해안로 1819-23,32,경상북도,35.7705924587,129.4917340697,,"SG 빌라 앤 호텔은 바다와 인접해있어서 내다보면 푸르른 동해안이 눈에 가득 들어온다. 뒤로는 울창한 상록숲이 있어서 뷰가 정말 아름다운 펜트하우스이다. 각 펜트하우스마다 100평의 넓은 복층구조로 총 11개의 펜트하우스가 줄지어 모여있다. 100평의 넓은 복층구조로 프라이빗하고 조용하게 놀 수 있으며 각 객실 풀빌라 수영장이 딸려 있어서 물 반 사람 반 걱정하지 않고 놀기 좋다. 야외수영장도 대규모로 준비되어 있기 때문에 대가족 여행 오기에도 좋다. 37도 온천수로 사계절 내내 온천풀 히노끼탕을 경험하실 수가 있어서 더욱 좋은 동해 가볼 만한 곳 SG 빌라 앤 호텔은 전 객실 100% 독일산 구스 침구와 시몬스 뷰티레스트 매트리스를 들여놓아 편안한 잠자리를 선사한다.

넓은 거실과 주방시설이 갖추어져 있어서 간단한 요리도 가능하다.",,,전구역 동반가능,10kg 이하 반려견,"목줄 착용,매너벨트 착용",,애견용 계단,15:00,,가능
3112057,부주산 반려동물놀이터,전라남도 목포시 녹색로 139 (옥암동) 부주산 반려동물 놀이터,12,전라남도,34.8145236688,126.4294783878,,,061-281-3638 / 061-270-3625,,전구역 동반가능,대형견 가능 (25kg이상),"자유이용,목줄 착용",대형견 가능 (25kg이상),"펜스,안전문,운동장,산책로,놀이기구",09:00~18:00,,
3112128,안동시 월령빠지,경상북도 안동시 석주로 202 (상아동),28,경상북도,36.5774565035,128.7585281457,,,010  2529  0888,없음,일부구역 동반가능,,목줄 착용,대형견(25kg이상)까지 가능,운동장,,,
3112059,거진어촌체험휴양마을,강원특별자치도 고성군 거진읍 거진리,12,강원특별자치도,38.4476432361,128.4628176843,,어촌체험 프로그램 개발 및 어촌관광 활성화로 어업 외 소득증대 및 휴식처를 제공할 계획,033)682-2782,http://www.거진어촌체험마을.kr/,일부구역 동반가능,대형견(25kg이상)까지 가능,목줄 착용,대형견(25kg이상)까지 가능,"운동장,산책로",오전9시 ~오후 5시까지 (여름철 해수욕장 기간동안),,
3111839,별빛 반려견놀이터,강원특별자치도 영월군 연당리 1023,12,강원특별자치도,37.1861106486,128.4063306679,,영월 남면 연당리에 위치한 반려견놀이터입니다.,01090582005,,일부구역 동반가능,,목줄 착용,대형견 가능 (25kg이상),"펜스, 안전문, 산책로",연중무휴(매년 10월 중 남면 별빛문화축제기간 이용제한),,
3112056,충주체험관광센터,충청북도 충주시 중앙탑길 150,12,충청북도,37.021536131,127.8627259391,,"반려동물 동반 가능한 게스트하우스, 자전거타기, 셀프사진관, 간식및 용품대여가 가능하다.",043 845 0245,cjro.kr,일부구역 동반가능,소형견가능 (10kg미만),목줄 착용,소형견가능 (10kg미만),"안전문, 샤워실, 산책로, 펫카페",화요일부터 일요일 09:00~18:00,,
3112042,테미근린공원,대전광역시 중구 보문로199번길 37-36,12,대전광역시,36.3192226254,127.4218489142,,테미공원은 대전광역시 중구 대흥동에 위치한 근린공원이다.,042-606-6600,,일부구역 동반가능,기준없음,목줄 착용,기준없음,산책로,상시,,
2913922,세인트존스호텔 파인 인피니티풀,강원특별자치도 강릉시 창해로 307 세인트존스호텔,32,강원특별자치도,37.7911618243,128.9215243801,http://tong.visitkorea.or.kr/cms/resource/58/2922358_image2_1.jpg,"돔이 열리면 끝없는 수평선이 펼쳐진다!푸른 해송숲과 광활한 동해바다의 수평선을 더욱 가깝게 조망할 수 있으며,사계절 오토 천정돔 구축으로 따뜻하게 즐길 수 있고반려견 동반 가능한 세인트 존스 파인풀",,,일부구역 동반가능,,목줄 착용,대형견(25kg이상)까지 가능,"수영장, 산책로, 드라이룸, 도그파크 / 수영장 카바나&자쿠지 이용 가능(메인수조 입장 불가)",,,
3102225,에떼르모 펜션,인천광역시 강화군 화도면 해안남로 2421-202,32,인천광역시,37.6206900708,126.3774327523,,"인천 강화도에 위치한 에떼모르 펜션은 아름다운 바다가 한눈에 펼쳐진 공간으로, 낙조마을 최적의 장소에 위치하여 365일 변함없이 아름다운 황금빛 노을을 감상할 수 있다. 객실마다 개별테라스가 있어 탁 트인 서해전망과 일몰을 감상하면서 바베큐를 할 수 있고, 실내 제트파도 있어 하루의 피로를 풀기에도 좋다. 야외 수영장이 있어 물놀이를 즐길 수 있고, 숙소 바로 앞 갯벌에서는 갯벌체험을, 주변 둘렛길에서는 산책을 즐길 수 있다.",010-7170-4204,"<a href=""http://etermopension.co.kr/"" target=""_blank"" title=""에떼르모 펜션(으)로 이동"">http://etermopension.co.kr//</a>",,불가,,,,15:00,,가능
3044645,프라다모텔,경상남도 거제시 장평로 72 (장평동),32,경상남도,34.8913275791,128.6096047007,http://tong.visitkorea.or.kr/cms/resource/66/3055266_image2_1.jpg,"거제도 중심가 장평동에 위치한 프라다모텔은 주변에 인프라 구축이 잘 되어 있어 관광객과 출장객이 많이 이용한다. 객실은 온실과 침실로 구성되어 취향껏 선택할 수 있고 가격도 합리적이어서 가성비 좋게 이용할 수 있다. 일부 타입에는 PC도 비치되어 있다. 삼성중공업과 거제조선소가 도보 5분 내에 있고, 버스터미널이 도보 15분 거리에 있어 이동이 편리하다. 주변에 학동케이블카, 몽동해수욕장, 거제식물원 등 관광지가 있다.","055-636-7772, 055-636-7773",,일부구역 동반가능,소형견,,,,13:00,,가능
3101963,향교길선우가,전북특별자치도 전주시 완산구 향교길 155-13 (교동) 1층,32,전북특별자치도,35.8128146371,127.1582109154,,"향교길선우가는 전주 한옥마을 내에 위치한 복층식 독채 한옥펜션으로, 서양화 작가 호스트가 스탠드, 컵 등 소품 하나하나에 정성을 기울렸다. 숙소는 포근한 침구류와 파티용품이 있는 안방, 텐트 침대가 있는 다락방, 화장실 2개, 주방, 거실로 구성되어 있다. 세탁기가 있어 세탁도 가능하다. 정원에서는 바베큐가 가능해 맛있는 식사를 할 수 있고, 애견동반도 가능해 반려견과 추억을 쌓기에도 좋다. 근처에 향교와 한벽문화관이 있다.",010-3534-0869,"<a href=""https://blog.naver.com/smilefca1985"" target=""_blank"" title=""향교길선우가(으)로 이동"">https://blog.naver.com/smilefca1985/</a>",,가능,목줄 착용,,,15:00,,가능
3102067,온새미한옥,경상북도 경주시 포석로1050번길 8-6 (황남동),32,경상북도,35.8342438298,129.2101318918,,"경주 황리단길 주택가에 자리한 온새미한옥은 1971년도에 지어진 한옥을 현대적으로 재해석한 독채 한옥스테이다. 실내는 침실 1, 거실, 욕실, 부엌으로 구성되어 있고, 실외는 마당과 야외 자쿠지가 자리하고 있다. 자쿠지는 온/냉수 사용이 가능해 반신욕 또는 족욕으로 하루의 피로를 풀 수 있다. 스탠바이미, 스타일러, 일리커피, 다이슨드라이기 등이 있어 숙박의 편의성을 높였다. 웰컴와인과 조식으로 빵과 과일이 제공된다.",0507-1364-1437,"<a href=""https://www.instagram.com/onsaemi_1971/"" target=""_blank"" title=""온새미한옥(으)로 이동"">https://www.instagram.com/onsaemi_1971//</a>",,불가,,,,15:00,,가능(1대)
3044623,엔제이 풀빌라펜션,강원특별자치도 횡성군 서원면 월송석화로 496,32,강원특별자치도,37.4657121426,127.8358238594,,"엔제이풀빌라는 강원도 횡성에 자리한 복층형 독채 펜션이다. 객실은 총 4개로 2개는 2인용, 2개는 4인용(최대8인)으로 구성되어 있다. 객실 내 1층에는 온수풀 수영장과 스파가 있고 2층에는 침실, 거실, 부엌, 화장실이 있다. 테라스는 밖으로는 푸른 나무가 가득하고 안으로 시원한 바람이 불어와 힐링 그 제체의 공간이며, 바비큐도 가능하다. 튜브 자동펌프가 있고, 사전 문의를 하면 애견 동반도 가능하다.",010-4191-4098,https://njpoolvilla.com/,일부구역 동반가능,10kg 이하 반려동물 가능,"입마개 착용,목줄 착용,이동장(켄넬)사용,매너벨트 착용","애견 패드, 밥그릇 구비",밥 그릇 배치,15:00,,가능
3101972,문화객가 사랑채,경상남도 밀양시 밀양향교2길 4-7 (교동),32,경상남도,35.5046308478,128.7550809844,,"경남 밀양시 교동 한옥마을 입구에 자리한 문화객가 사랑채(손대식 고가)는 경상남도 문화재자료이자 조선 후기 건축 양식을 간직한 전통 한옥 숙소로, 최소한의 리모델링만 진행하여 공간 자체가 가지는 문화적 가치를 보존하고자 노력하였다. 한옥은 대청마루, 큰 방(죽실), 작은방(송실),  다락방, 주방, 화장실,잔디마당으로 이루어져 있다. 숙박 외에 한복, 염색, 원예 및 내림음식 만들기 체험, 역사교육 등 체험프로그램도 제공한다.",010-3883-2939,"<a href=""https://www.instagram.com/sarangchae_miryang"" target=""_blank"" title=""문화객가 사랑채(으)로 이동"">https://www.instagram.com/sarangchae_miryang/</a>",,불가,,,,16:00,,가능
3102106,스테이 원향,대구광역시 남구 이천로28길 27-2 (이천동),32,대구광역시,35.8543079491,128.5995960785,,"대구 남구 이천동에 위치한 스테이원향은 한옥의 구조를 살리면서 멋과 편안함을 추구한 독채 한옥스테이다. 옛스러운 대문을 들어서면 정원 가운데의 큰 나무가 반겨준다. 내부는 침실 3개, 거실, 주방, 욕실로 구성되어 있고 최대 6인까지 묵을 수 있다. 스탠바이미, 닌텐도스위치, 보드게임 등도 구비되어 있어 함께 온 이들과 즐거운 시간을 보내기에도 좋다. 지하철 건들바위 역 3번 출구에서 도보 3분 거리에 있어 교통 접근성이 편리하다.",010-7552-9456,,,"가능(대형견 불가능, 견종 문의필수)",,,,15:00,,가능
3102069,스테이 물결,강원특별자치도 춘천시 백령로75번길 38 (효자동) 1층,32,강원특별자치도,37.8716465019,127.7350571602,,"스테이물결은 강원도 춘천시 효자동 도심 속에 위치한 한옥 스테이로, 오직 하루에 한 팀만을 위한 공간이다. 실내는 시몬스 침대가 있는 방 2개, 화장실 1개, 주방, 거실, 자쿠지로 구성되어 있고, 야외에는 마당과 툇마루가 있다. 햇살 좋은 날 툇마루에 앉아 차를 마시며 여유를 즐길 수 있고, 저녁엔 불멍을 하면서 추억을 쌓는 소중한 시간을 가질 수 있다. 아기 동반 가족을 위해 아기침대, 식기, 분유포트 등 아기용품도 준비되어 있다.",010-8466-6518,"<a href=""https://naver.me/5ewREwHq"" target=""_blank"" title=""스테이 물결(으)로 이동"">https://naver.me/5ewREwHq/</a>",,불가,,,,15:00,,가능
3102219,브리엔츠풀빌라,충청북도 충주시 하종민길 28 (종민동) 브리엔츠풀빌라,32,충청북도,36.9893783382,127.9926790753,,"브리엔츠풀빌라는 충청북도 충주시 충주호 인근에 새로 오픈한 감성 풀빌라다. 객실은 편안한 곡선을 강조한 화이트 스튜디오형룸으로, 호텔식 침구류는 아늑한 잠자리를 제공하고, 큰 통창으로 한눈에 보이는 산과 호수는 평화로움을 선물한다. 프라이빗 온 수영장에서 따뜻한 물놀이를 즐기고 가든감성 바베큐장에서 맛있는 음식을 먹으며 소중한 추억을 만들 수 있다. 조식으로 머핀과 감자샐러드, 파스타, 과일 등을 제공한다.",0507-1318-3550,"<a href=""https://brienz.imweb.me/"" target=""_blank"" title=""브리엔츠풀빌라(으)로 이동"">https://brienz.imweb.me//</a>",,불가,,,,15:00,,가능
3102165,마실한옥,전라남도 목포시 영산로 36-7 (대의동2가),32,전라남도,34.7867399223,126.3828442872,,"전라남도 목포 근대 문화역사 거리에 위치한 마실한옥은 현대식으로 꾸며져 있어, 현대의 편리함과 한옥의 고즈넉한 멋을 동시에 즐길 수 있는 독채 한옥스테이다. 내부는 퀸 사이즈 침대가 있는 안방, 널찍한 거실, 간단한 조리가 가능한 주방, 깔끔하게 관리되는 화장실로 구성되어 있다. 미스터클레버를 이용해 직접 커피를 내린 후 대청마루에 앉아 마시면 힐링 그 자체다. 목포역, 유달산 및 목포해상케이블카가 인근에 있어 여행하기에 편리하다.",0507-1336-6877,"<a href=""https://www.instagram.com/marcil_hanok/"" target=""_blank"" title=""마실한옥(으)로 이동"">https://www.instagram.com/marcil_hanok//</a>",,불가,,,,15:00,,가능
3102167,동의참누리원 영천한의마을한옥체험관,경상북도 영천시 천문로 485 (화룡동),32,경상북도,35.9784693542,128.9233029829,,"동의참누리원 영천한의마을은 우리 몸에 생명을 불어넣고 순환과 소통을 주관하는 오장육부를 형상화한 아름다운 한옥 단지 속 전시체험공간이다. 유의기념관에서는 유의들의 삶과 지혜, 그리고 본초의 역사를 통해 우리나라 한의학의 발전과정을 이해할 수 있다. 한방테마거리는 한약재 유통의 중심지로 자리 잡아온 영천을 소개하며 자가진단을 통해 나의 체질을 알아볼 수 있다. 그밖에 스카이워크 전망대, 산책로, 야외전시물 등이 있다.",054-330-2751,"<a href=""https://www.yc.or.kr/main.do"" target=""_blank"" title=""동의참누리원 영천한의마을한옥체험관(으)로 이동"">https://www.yc.or.kr/main.do/</a>",,불가,,,,15:00,,가능
3101944,옥희와인 게스트하우스,"경기도 안양시 동안구 관양로 279 (관양동, 삼우빌라) 303호",32,경기도,37.3981431886,126.9754927097,,"옥희와인 게스트하우스는 경기도 인덕원 학의천 강변 산책로에 위치한 숙소로, 은은한 음악과 향기, 온기가 반겨주는 공간이다. 객실은 1인실부터 5인실까지 다양하고, 객실에 따라 강변뷰, 숲뷰를 즐길 수 있다. 옥희와인 게스트하우스의 가장 큰 장점은 와인을 컨셉으로 한 홈바 인테리어다. 은행나무 가로수가 파노라마처럼 펼쳐진 학의천을 산책해보고, 인근의 평촌로데오와 범계로데오를 즐기기도 하며 즐거운 시간을 보내기에 좋다.",0507-1338-3925,"<a href=""https://okheewine2.modoo.at/"" target=""_blank"" title=""옥희와인 게스트하우스(으)로 이동"">https://okheewine2.modoo.at//</a>",,가능(강아지),"목줄 착용,반려동물 유모차 탑승,매너벨트 착용",,,16:00,,가능
3102105,고현,강원특별자치도 강릉시 명주로55번길 11 (홍제동),32,강원특별자치도,37.7549264615,128.887395243,,"강릉 구도심 홍제동에 위치한 고현은 층층이 겹쳐진 빛 바랜 기와, 담장 너머 고개를 내민 풀꽃이 다정한 인사를 건네는 독채 한옥스테이다. 80여 년의 시간을 견디며 한껏 단단해진 목재를 정성스러운 손길로 세우고 현대의 미감과 고서와 도자기, 조선시대 고가구, 고려시대 청자, 신라시대 토기 등으로 공간을 완성하였다. 숙소는 거실, 다이닝룸, 침실, 욕실 및 욕조와 마당으로 구성되었다. 웰컴 과일, 안식거리, 컵라면 등을 제공한다.",0507-1331-7469,"<a href=""https://link.inpock.co.kr/kohyun"" target=""_blank"" title=""고현(으)로 이동"">https://link.inpock.co.kr/kohyun/</a>",,불가,,,,16:00,,"가능(공영주차장, 골목주차)"
398055,평창 숲속의아침,강원특별자치도 평창군 용평면 양지길 64,32,강원특별자치도,37.6399737692,128.4908983916,,"강원도 평창에 자리한 평창 숲속의아침은 18,000평 자연 속 별장형 펜션으로, 테라스에서 바라본 풍경과 나무 냄새가 힐링을 선물한다. 자연 속에서 파노라마처럼 펼쳐지는 고급 목조 주택의 단지형 별장으로서 풍수지리학적 최고의 명당자리에 위치하고 있으며, 서울에서 2시간만 달리면 영동고속도로 속사 IC에서 불과 3분거리에 있다. 객실은 16평, 21평, 32평 세 종류로, 온실과 침실로 구성되어 있고, 객실마다 욕조가 있어 피로를 풀기에 좋다. 또한, 자연의 산림욕장, 옥외 SPA, 전망대 및 별자리 관측대, 바비큐 파티, 캠프파이어 등을 즐길 수 있는 4계절 리조트 휴양지이다. 인근에는 오대산국립공원, 대관령목장 등 관광지가 있다.","010-5393-5041, 033-334-5003, 033-334-6003",http://www.4restro.com/,일부구역 동반가능,반려동물 동반 가능,"입마개 착용,목줄 착용,매너벨트 착용",,,15:00,,가능
3102215,경함정,경상북도 안동시 임하면 금소4길 23-4,32,경상북도,36.5074607137,128.8528829179,,"경함정은 안동 임하면에 자리한 한옥 스테이로, 가족, 연인, 친구와 함께 특별한 휴식과 체험을 즐기며 힐링할 수 있는 독채 공간이다. 실내는 방 2칸과 거실, 주방, 화장실로 구성되어 있고, 방마다 온돌 난방이 가능해 따뜻하고 포근하게 머무를 수 있다. 보다 쾌적하고 편안한 환경을 제공하고자 최근 내부 리모델링을 진행하여 협소했던 화장실을 넓히고 실내 자쿠지를 설치하였다. 월영교, 만휴정 등 주요 명소가 15분 거리에 있다.",0507-1466-9887,"<a href=""https://www.instagram.com/stay_kyunghamjeong/"" target=""_blank"" title=""경함정(으)로 이동"">https://www.instagram.com/stay_kyunghamjeong//</a>",,불가,,,,15:00,,가능(넓은 주차장)
3105332,소소담 스테이,경상북도 안동시 용상시장5길 3 (용상동) 소소담 스테이,32,경상북도,36.5577280243,128.7492712062,,"경상북도 안동에 위치한 소소담스테이는 고즈넉한 한옥으로, 시원한 통창과 감성 인테리어가 매력적인 공간이다. 침실과 거실, 주방, 다도 공간, 화장실, 마당으로 구성되어 있고, 빔프로젝터, TV, 음악 감상용 마샬 스피커 등이 비치되어 있어 즐길거리도 풍부했다. 웰컴와인이 제공되고 조식으로는 크루와상 생지가 준비되어 있다. 마당에 불멍과 족욕공간이 있어 볓빛을 벗삼아 물멍, 불멍하며 힐링 시간을 가질 수 있다.",010-4829-4557,"<a href=https://instagram.com/sosodam_stay?igshid=NTc4MTIwNjQ2YQ== target=_blank title=""소소담 스테이(으)로 이동"">소소담 스테이(으)로 이동</a>",,불가,,,,15:00,,가능
3044520,CF모텔,경상남도 남해군 남해읍 화전로122번길 28,32,경상남도,34.8420621126,127.8970570391,http://tong.visitkorea.or.kr/cms/resource/47/3054647_image2_1.jpg,"CF모텔은 경상남도 남해군 남해터미널 3분거리에 위치한 공중위생평가 최우수등급의 청정 숙소다. 1층은 주차장, 2층은 객실 구조로 우수한 방음력과 매일 진행되는 시설점검 및 보수, 정기적 소독으로 시설 사용의 높은 신뢰성을 자랑한다. 객실이 넓고 침대도 크로 안정적이며 객실마다다 욕조가 있어 피로를 풀며 휴식을 취하기에 좋다.",055-864-6678,,일부구역 동반가능,"강아지, 고양이","입마개 착용,목줄 착용","반려동물이 털갈이, 임신, 생리 중일 경우 입실 불가","반려동물 바닥 러그, 식사대",18:00(일반실)/17:30(일반특실)/17:00(월풀실 이상),,가능
3102025,봉봉피아,서울특별시 송파구 위례성대로2길 49 (방이동) 지하 03호,32,서울특별시,37.51288787,127.1114909876,,"서울 송파구에 위치한 봉봉피아는 방이 먹자골목과 송리단길 등 번화가와 가깝지만 주택가에 위치하여 조용한 공간이다. 퀸침대와 소파베드가 있는 큰방과 싱글침대와 책상이 있는 작은방, 취사용품이 갖춰져 있는 주방과 세탁기가 있는 베란다로 구성되어 있다. 마트, 코인세탁소, 편의점도 다 5분내 거리에 있다. 도보 10분 거리에 잠실역, 송파나루역, 몽촌토성역이 있고, 롯데타워, 석촌호수 등 주요 관광지도 차량으로 5분 거리에 있다.",010-4242-1670,,,불가,,,,16:00,,불가
3112141,야크마을,제주특별자치도 서귀포시 색달중앙로 162,32,제주특별자치도,33.2691263446,126.4146822318,,"반려동물 전용 객실은 반려동물용 다양한 어메니티가 준비되어 있어 반려동물과 함께 불편함 없이 제주에서의 하루를 즐길 수 있다. 또한 산책로와 정원이 가꾸어져 있고, 다양한 포토존을 즐길 수 있다.",,http://yakmaeul.com,,,,,,입실 15:00,,
3101926,시간무늬펜션,전북특별자치도 전주시 완산구 천경로 15-16 (동서학동),32,전북특별자치도,35.8084233783,127.1529531646,,"전북 전주에 위치한 시간무늬펜션은 전통악기 아쟁 연주자가 운영하고 있는 숙소로, 문화재 작품과 악기가 전시되어 있고 한복샵도 같이 운영하고 있어 악기 및 한복체험이 가능하다. 침실룸 2, 거실룸, 주방, 욕실, 테라스로 구성되어 있다. 깨끗하고 쾌적한 침구는 편안한 잠자리를 제공하고, 거실 앞의 커다란 감나무와 미니정원은 아늑한 휴식을 선사한다. 무료 조식을 제공하고 애견 동반도 가능하다. 도보로 한옥마을을 방문할 수 있다.",010-3670-7878,"<a href=""https://site.onda.me/136783"" target=""_blank"" title=""시간무늬펜션(으)로 이동"">https://site.onda.me/136783/</a>",,가능(중형견 6kg까지),,"고양이 이용불가, 최대 2마리",,15:00,,가능
3101971,나모:온,전라남도 순천시 호남길 140 (저전동),32,전라남도,34.9514092941,127.481426779,,"전라남도 순천에 위치한 나모:온[NAMO:ON]은 1963년에 지어진 가옥을 리모델링하여 편안한 쉼을 위한 공간으로 재탄생한 독채 한옥공간이다. 실내에는 스테인드글라스가 포인트인 방과 스타일러가 있는 방, 서까래가 매력인 주방과 거실, 화장실 2개, 자쿠지가 있고, 실외에는 수영장과 선베드, 파라솔, 튜브가 준비되어 있다. 주차는 근처 성당 주차장에 하면 된다. 툇마루에서 차를 마시며 잔잔히 흐르는 시간을 만끽하기를 추천한다.",0507-1319-4205,"<a href=""https://blog.naver.com/namo_on"" target=""_blank"" title=""나모:온(으)로 이동"">https://blog.naver.com/namo_on/</a>",,불가,,,,15:00,,가능
3049860,미조탕모텔,경상남도 남해군 미조면 미조로14번길 6 3층,32,경상남도,34.7126208898,128.0467945136,,,"055-867-7737, 010-8741-5002",,일부구역 동반가능,"강아지, 고양이(한 마리 가능, 다수 불가)",목줄 착용,,,,,가능
3103188,리재,서울특별시 중구 퇴계로68길 14 (광희동2가),32,서울특별시,37.5638912266,127.0097710247,,"리재는 서울 동대문역사문화공원역 앞 한양도성이 집 앞에 펼쳐진 곳에 위치한 단독주택이다. 오래된 목조주택을 고치고 또 고쳐 현대 스타일에 맞춰 편리하게 리모델링하였다. 조용하고 편안한 분위기로 머무는 동안 도시의 번잡함은 사라진다. 원목으로 마감된 벽면 덕분에 집 전체적으로 나무향이 은은히 나고, 집 앞의 탁트인 조망과 뷰가 시원함을 자아낸다. 호텔 하우스키핑 매니저가 클리닝을 관리해 매 순간 쾌적하게 머물 수 있다.",010-4972-6903,"<a href=""https://www.leejae.kr/"" target=""_blank"" title=""리재(으)로 이동"">https://www.leejae.kr//</a>",,불가,,,,17:00,,불가
3102214,색동저고리,전북특별자치도 전주시 완산구 전주천동로 64-10 (교동),32,전북특별자치도,35.8114924891,127.1538252293,,"색동저고리는 전주한옥마을 전주천쪽에 자리한 한옥스테이로, 대문을 들어가면 아기자기하게 꾸며진 정원이 정답게 반겨준다. 객실은 2인실부터 최대 6인실까지 총 6개가 있어, 가족단위 여행객도 이용하기에 좋다. 객실마다 개별 화장실이 있어 편리하게 머물 수 있고, TV와 에어컨도 갖췄다. 주방은 공용으로 사용한다. 조식을 제공하지 않는 대신 저렴한 가격에 묵을 수 있어 가성비가 좋고, 한복 대여 서비스도 제공한다.",010-4129-2950,"<a href=""http://guestsaekdong.kr/"" target=""_blank"" title=""색동저고리(으)로 이동"">http://guestsaekdong.kr//</a>",,불가,,,,15:00,,불가
3112142,위클라드 애견 풀빌라,경상북도 경주시 외동읍 죽동길 160-100,32,경상북도,35.7412033678,129.3065788728,,위클라드는 반려견과 함께 즐길 수 있는 풀빌라 독채 펜션입니다.,,www.weclard.com,,,,,,15시입실,,
3102074,알천스테이 한옥커플가족독채펜션,경상북도 경주시 원효로272번길 3 (구황동),32,경상북도,35.8408656933,129.2307465637,,"선덕여왕의 향기가 스며들어 있는 경주 분황사 앞에 위치한 알천스테이는 하루 한팀만 이용하는 신축 한옥 독채 공간이다. 한옥은 최고급 침구가 있는 침실, 거실, 주방 및 포토존, 욕실로 구성되어 있다. 실내에 자쿠지가 있어 고급입욕제를 녹인 물에 들어가 하루의 피로를 풀기에 좋고, 야외데크에서는 자이글을 이용해 바베큐를 할 수 있다. 분황사까지 도보 3분이 걸리고, 황룡사역사문화관과 동굴과월지 등도 도보 15분 이내로 걸린다.",010-8854-7854,"<a href=""http://www.xn--9t4bp2cm6b2wiqvg.kr/"" target=""_blank"" title=""알천스테이 한옥커플가족독채펜션(으)로 이동"">http://www.xn--9t4bp2cm6b2wiqvg.kr//</a>",,불가,,,,15:00,,가능(건물 입구 별도 주차공간)
3101923,코즈플랫,부산광역시 해운대구 우동1로 43 (우동),32,부산광역시,35.1653680384,129.157377427,,"코즈플랫은 해리단길 초입에 위치한, 화이트톤에 컬러 포인트가 돋보이는 숙소로, 모던한 분위기의 가구와 조명, 소품들이 반겨준다. 방 2개, 거실, 주방, 욕실로 구성되어 있고, 안방에는 퀸 소파베드와 싱글 토퍼, 작은방에는 퀸 베드가 비치되어 있어 최대 5인까지 이용이 가능하다. 해운대역 4번 출구에서 도보 3분 거리로 교통 접근성이 뛰어나고 주차는 숙소 앞/주변에 하면 된다. 인근에 먹거리, 게임장, 펍, 다이소 등 편시이설이 많다.",010-6263-9727,,,가능(모든 종),,,,16:00,,가능
3102033,풍경의 아침,전라남도 장성군 북하면 궐전길 97 풍경의 아침,32,전라남도,35.3879442812,126.8849461235,,"전라남도 장성군 북하면에 위치한 풍경의 아침은 산으로 돌러쌓인 독채 한옥 펜션으로, 자연 속 평화로움과 한옥의 아름다움을 동시에 느낄 수 있는 공간이다. 숙소는 침실룸과 온돌룸, 거실, 주방, 화장실로 구성되어 있고, 야외에는 넓은 잔디마당과 예쁜 꽃밭, 장독대, 온실이 있어 구경하는 재미가 쏠쏠하다. 미리 예약을 하면 장작불에 구운 가마솥 토종닭백숙을 먹을 수 있다. 내장산과 백양사가 가까워 단풍놀이를 즐기러 가기에 좋다.",0507-1380-1741,"<a href=""https://naver.me/G2xhtA0z"" target=""_blank"" title=""풍경의 아침(으)로 이동"">https://naver.me/G2xhtA0z/</a>",,불가,,,,15:00,,가능
3044529,더스테이호텔 낭만 태전점,대구광역시 북구 학정로9길 12 (태전동) 호텔더스테이낭만태전점,32,대구광역시,35.9147557036,128.547735078,,"더스테이호텔낭만태전점은 대구광역시 매천역에서 도보 5분 거리에 있는 부띠크호텔이다. 깔끔하고 넓은 객실과 호텔 퀄리티의 침구류로 인기가 좋고, 욕조가 설치되어 있어 피로를 풀기 좋다. 또한 타입에 따라 PC와 안마의자도 구비되어 있고, 애견 동반도 가능하다. 로비에 보드게임, 만화책, 렌즈 세척액, 향수 등이 있고, 2층 스낵바에서는 토스트, 라면, 쿠키, 커피 등 무료 조식을 제공한다. 번화가 근처라 주변에 음식점이 많아 편리하다.",010-4537-9957,,일부구역 동반가능,10kg 이하 반려동물 가능,,,"패드, 계단, 먹이그릇, 방석, 집",18:00,,가능
3102077,닿다 개울가애,경상북도 안동시 평화5길 62-8 (평화동) 닿다 개울가애,32,경상북도,36.567098576,128.7173459914,,"경상북도 안동에 위치한 닿다 개울가에는 1960년대에 지어진 오래된 한옥 다시금 살아숨쉬게 만든 독채 한옥 스테이다. 입구를 들어서면 마당에 흐르는 개울가에서 쪼르르 흐르는 물소리가 손님을 반긴다. 한옥은 침실, 거실, 주방, 욕실, 작은 루프탑 및 실내 자쿠지로 구성되어 있다. 루프탑에서 보는 한옥 기와와 맑은 하늘은 낭만을 선물하고, 마당의 개울을 보며 하는 자쿠지에서의 따뜻한 입욕은 하루의 피로를 말끔히 풀어준다.",010-8490-0894,"<a href=""https://www.hithome.kr/"" target=""_blank"" title=""닿다 개울가애(으)로 이동"">https://www.hithome.kr//</a>",일부구역 동반가능,,,,,15:00,,가능
3044647,헤라모텔,경상남도 고성군 회화면 구만로 1334,32,경상남도,35.0904899842,128.3773196728,http://tong.visitkorea.or.kr/cms/resource/25/3054325_image2_1.jpg,"경상남도 고성군 회화면에 있는 헤라모텔은 무인텔로 시간에 관계없이 편리하게 이용하기에 좋다. 객실은 2인실로 더블베드와 TV, 냉장고, 에어컨 등이 구비되어 있고, 침실과 욕실이 분리되어 있다. 주차장이 있어 주차가 편리하고, 전기차 충전도 가능하다. 가격이 합리적이어서 가성비 있게 이용하기에 좋다.",055-672-9805,,일부구역 동반가능,5kg 미만 소형견,"목줄 착용,이동장(켄넬)사용",,,13:00,,가능
3049866,대산 오션뷰 스파 펜션,경상남도 거제시 거제면 거제남서로 3987 대산 오션뷰 스파 펜션,32,경상남도,34.8342329733,128.5546804358,,"경상남도 거제도 대산 오션뷰 스파 펜션&리조트는 모던한 인테리어와 탁 트인 오션뷰가 일품인 힐링 숙소다. 객실은 일반객실과 제트스파가 있는 스파 객실, 어린아이가 함께 자기 좋은 저상형 침대가 있는 객실로 구성되어 있다. 워터슬라이드가 있는 야외수영장은 아이들에게 인기가 많고, 바베큐는 1층 야외에서 개별적으로 이용할 수 있으며, 폭죽놀이를 하며 추억을 쌓기도 한다. 애견 동반이 가능하고, 실컷 뛰어놀 수 있는 애견운동장도 있다.",010-8247-4994,http://www.xn--vk1bo0k6pg1si9ln.com/index.html,일부구역 동반가능,5kg 미만 소형견,,"애견 추가 비용 : 스파동 1마리당 1박에 2만원, 일반동 1마리당 1박에 1만원 추가",,15:00,,
3044648,헬로우펜션,강원특별자치도 횡성군 둔내면 삽교로 558 헬로우펜션,32,강원특별자치도,37.5561126521,128.2727900391,,"헬로우펜션은 강원도 횡성군 해발 650m에 위치한 독채풀빌라이자 키즈 풀빌라다. 객실은 총 4개로, 원룸형, 투룸형, 복층형으로 구성되어 있고, 침실뿐만 아니라 테라스겸 온돌방도 있다. 객실마다 PC와 커피머신 겸용 정수기가 있고, 객실 내 원적외성 참숯 그릴도 있어 바비큐를 해먹을 수 있다. 24시간 온수로 운영되는 수영장과 제트스파에서는 물놀이와 휴식을 즐길 수 있고, 펜션 앞 계곡과 넓은 잔디정원에서 계절의 정취와 자연풍경을 온전히 즐기며 힐링하기에 좋다.",010-2993-3360,http://hellopension.co.kr/,일부구역 동반가능,반려동물 동반 가능(케이지에 넣은 후 관리실에 별도 보관),,케이지 준비 후 관리실에 별도 보관,,15:00,,가능
3112140,제주정원집,제주특별자치도 서귀포시 남원읍 한신로531번길15,32,제주특별자치도,33.3198870911,126.7443691759,,"제주에서 유일한 300년 이상된 동백숲을 가지고 있는 마을로써, 그 동백숲을 숙소에서 바라볼수 있는 공간이다.",,Garden saty_15,,,,,,오전 10시~20시,,
3101959,리스테이 남원,전북특별자치도 남원시 주천면 상주길 41-6,32,전북특별자치도,35.3768238321,127.4003896756,,"전라북도 남원에 위치한 리스테이 남원은 130년 된 한옥을 감성적인 실내 인테리어로 재생한 한옥 힐링공간이다. 본관과 별관이 있는데, 본관은 침실, 주방 겸 거실, 욕실로 구성되어 있다 욕조가 있어 반신욕을 하며 힐링을 하기에 좋고, 주방 겸 거실 통창으로 보이는 마당은 자연의 여유로움을 가져다준다. 애견 동반이 가능해 반려동물과 힐링하러 오기에 좋다. 일몰 후 조명이 켜진 마당에서 하는 불멍(유료)은 또다른 추억을 쌀아준다.",010-9069-4438,"<a href=""https://www.instagram.com/restay_official/"" target=""_blank"" title=""리스테이 남원(으)로 이동"">https://www.instagram.com/restay_official//</a>",일부구역 동반가능,가능(10kg 미만),,기본 1마리(최대 2마리),"반려동물 놀이터, 펫도어",15:00,,가능
3105331,여인숙 깔마,서울특별시 종로구 자하문로7길 68-3 (누하동) 101호,32,서울특별시,37.5804885676,126.9691325909,,"서울의 작은 동네 서촌에 위치한 여인숙 깔마는 적벽돌색 외관과 입구의 식물들이 인상적인 숙소다. 모던한 인테리어의 내부 공간은 차분함을 제공하고, 개별 공간을 가려주는 가리개에서 호스트의 배려가 엿보인다. 숙소 바래 아래층에 천연발효종 식사빵 맛집 '마사마드레'가 있고, 인근에 산책로, 갤러리, 편집샵 등이 있으며, 경복궁, 광화문, 인황상, 인사동, 북촌과도 가까워 여행을 즐기기에 손색없다.",010-7100-7872,"<a href=https://www.instagram.com/calma.seoul/ target=_blank title=""여인숙 깔마(으)로 이동"">여인숙 깔마(으)로 이동</a>",,불가,,,,14:00,,불가
3101967,전주하숙,전북특별자치도 전주시 완산구 풍남문2길 98-6 (전동3가),32,전북특별자치도,35.8139114999,127.144673203,,"전주하숙은 전주시 원도심 골목안 고즈넉함을 느낄 수 있는 한옥스테이로, 겨울에 후끈함을 느낄 수 있는 온돌방이 이곳의 매력이다. 객실은 총 6개로 각 객실마다 욕실이 있어 편리함을 더하고, 거실과 주방은 공용으로 사용한다. 애견 동반이 가능하고, 숙소 옆 둥근숲마당에서 저녁 6시부터 다음날 오전 10시까지 반려견이 자유롭게 뛰어놀 수 있다. 도보 10분 거리에 한옥마을, 남부시장, 전주시내 등이 있어 여행이 편리하다.",063-283-2100,"<a href=""https://naver.me/FpZHKIPo"" target=""_blank"" title=""전주하숙(으)로 이동"">https://naver.me/FpZHKIPo/</a>",,가능(강아지),,,,16:00,,가능
2583741,서촌영락재,서울특별시 종로구 필운대로5가길 29 (누하동),32,서울특별시,37.5803191143,126.9675494067,,"서울 서촌에 위치한 서촌영락재는 언제나 편안한 집, 음악을 읊는 집, 영원한 즐거움이 있는 집이란 의미를 가진 한옥스테이로, 문화재 한옥을 전문으로 복원 수선하는 대목장의 손길로 정성스럽게 지어졌다. 은은한 등불이 반겨주는 안방, 이곳의 가장 큰 매력인 누마루, 전통 창호와 한지 도배, 아름다운 처마선, 고재로 만든 좌등 등 장인의 정성과 솜씨가 담긴 디테일은 서촌 영락재를 빛내주고, 한옥 아래에 펼처진 화장실과 욕실, 주방은 현대적으로 구성해 편리함을 더해준다.",0504-0904-2001,"<a href=""https://seochonyoungrakjae.com"" target=""_blank"" title=""서촌영락재(으)로 이동"">https://seochonyoungrakjae.com</a>",,가능(대/중/소형 반려견),,"실내반입 불가, 마당에서 방목가능",,16:00,,가능
3102126,필스테이 이화 부띠끄,서울특별시 서대문구 이화여대길 43 (대현동) 4층,32,서울특별시,37.5588934317,126.9454964679,,"필스테이 이화 부띠끄는 서울 신촌 이화여대 정문 앞에 위치한 여성 전용, 외국인 전용 도미토리룸이다. 이대역 2번 출구에서 도보 5분거리에 있어 교통 접근성이 뛰어나다. 객실은 2인부터 8인 도미토리로 구성되어 있고, 화장실은 여러 군데가 있다. 조식으로 계란, 식빵, 우유, 시리얼 등을 제공한다. 티켓 서비스와 투어 데트크 서비스, 수화물보관 무료 서비스를 제공한다.",010-4362-6296,,,불가,,,,15:00,,불가
3102124,정원이예쁜 독채 펜션,전라남도 여수시 학동서4길 39 (학동),32,전라남도,34.7637250705,127.658057726,,"여수 정원이예쁜 독채펜션은 각종 야생화가 예쁘게 피어 있는 정원이 반겨주는 곳이다. 1층은 최대 18인까지 머물 수 있는 공간으로, 거실, 방 3개, 주방, 화장실 2개로 구성되어 있고, 2층은 최대 8인이 머물 수 있는 공간으로 거실, 방 2개, 주방, 화장실 1개로 구성되어 있다. 필요시 1, 2층 전체를 사용할 수 있다. 바베큐는 실내에서 자이글을 이용하면 된다. 여수엑수포, 오동도, 케이블카, 돌산대교 등이 차량 15~20분 거리에 있다.","0507-1375-7527, 010-5691-7527","<a href=""http://xn--6j1bkqz93a4va83lrolmwaw24b.kr/"" target=""_blank"" title=""정원이예쁜 독채 펜션(으)로 이동"">http://xn--6j1bkqz93a4va83lrolmwaw24b.kr//</a>",일부구역 동반가능,가능,목줄 착용,"애견 추가비용 소형견 1마리 15,000/ 중형견 1마리 20,000 현장 현금 결제/ 1박 기준 요금/ 애견 동반시 미리 주인에게 연락 바람",,15:00,,가능
3104366,오늘스테이,서울특별시 영등포구 신풍로 72-5 (신길동),32,서울특별시,37.4998275134,126.9142454258,,"서울 영등포구에 위치한 오늘스테이는 옛날 구옥을 리모델링 해서 감성을 가득 담안 공간으로, 아기자기한 인테리어가 매력적이다. 숙소는 거실, 주방, 화장실, 큰방, 작은방으로 구성되어 있고, 뛰어놀 수 있는 잔디마당과 작은 루프탑, 인생사진 가능한 자쿠지, 포토존 가득한 인테리어, 프라이빗한 공간에서는 특별한 추억을 남길 수 있다. 인근에 편의점이 있어 이용에 편리하고, 애견 동반이 가능해 반려동물과 휴식하러 오기에도 좋다.",010-3981-0251,,일부구역 동반가능,가능(소형견),매너벨트 착용,"최대 7kg, 최대 2마리까지 가능",,15:00,,불가(근처 유료주차장 이용)
3101962,한옥스테이 여백,충청남도 금산군 금성면 큰말길 97-6,32,충청남도,36.1375055061,127.4791431585,,"충청남도 금산에 위치한 한옥스테이 여백은 대지 153평에 있는 프리미엄 독채 한옥 숙소로, 금산군 최초로 금산군청에 정신으로 등록되어 있다. 한옥은 침실, 거실, 주방, 화장실로 구성되어 있고, 앞마당에는 관리동과 바베큐 데크 및 정원이 있다. 돗자리 피크닉, 자전거 타고 동네 한바퀴, 다도, 보드게임, 바베큐 및 불멍을 하며 여유로운 쉼을 누릴 수 있고, 애견동반이 가능해 반려견과 뛰어놀며 추억을 쌓기에도 좋다.",0507-1365-5159,"<a href=""https://www.instagram.com/yeobaek_hanok/"" target=""_blank"" title=""한옥스테이 여백(으)로 이동"">https://www.instagram.com/yeobaek_hanok//</a>",,가능(무게 제한 20KG),,"반려견 1마리당 2만원 추가요금, 최대 4마리",,15:00,,가능
3049822,파라곤모텔,경상남도 거제시 옥포로4길 35 (옥포동) 파라곤모텔,32,경상남도,34.892037402,128.6965526731,http://tong.visitkorea.or.kr/cms/resource/07/3059007_image2_1.jpg,,010-4018-3466,,일부구역 동반가능,"개, 고양이",,,,17:30,,가능
3111842,익산시 반려동물 놀이터,전북특별자치도 익산시 익산대로 1324-21,12,전북특별자치도,36.037449422,126.9557703043,,"3,285㎡ 면적으로 넓게 조성된 반려견 전용 놀이시설로 중소형견/대형견이 울타리로 구분되어있어 크기에 상관없이 반려견이 스트레스를 해소하며 마음껏 뛰어놀 수 있다. 아울러 다송무지개매화마을에서 운영 중인 카페와 체험 활동도 연계하여 즐길 수 있다.",063-859-5769,,전구역 동반가능,맹견 출입불가,자유이용,"- 배변처리 필수 
- 음식물 반입 불가 
- 놀이터 외부 목줄착용","펜스, 안전문, 운동장, 산책로, 펫카페, 놀이기구, 천연잔디, 벤치, 세족시설, 중소형견/대형견 구분",10:00 ~ 18:00 / 6~8월 10:00~20:00,매주 월요일,가능
3112160,풍납백제문화공원,서울특별시 송파구 한가람로 14길 16,12,서울특별시,37.5358630481,127.1152983219,,문화재로 지정된 공원이다,,,,,,,,상시개방,,
3112043,도치돌목장,제주특별자치도 제주시 애월읍 도치돌길 303,12,제주특별자치도,33.4097517134,126.366772133,,제주 애월의 푸른 숲 도치돌목장에는 귀여운 외모와 독특한 행동으로 사랑받는 알파카와 다양한 동물친구들이 살고있다. 자연을 그대로 품고 있는 목장을 산책하며 드넓은 초원에서 자유로이 지내는 동물 친구들에게 먹이를 주는 체험은 잊기 못할 여행의 추억을 선사한다.,"064-799-6690, 010-3382-6909","www.alpacajeju.com/
www.instagram.com/alpacalogpark/",일부구역 동반가능,소형견(10kg미만)까지 가능,"목줄 착용,반려동물 유모차 탑승,이동장(켄넬)사용","5대맹견 및 하이브리드 반려견 입장불가, 알파카 울타리 내 동반 출입 불가,
목줄 착용 시 전 공간 안아서 이용",산책로,"10:00-18:00 (입장마감17:00)
동절기(12월-2월15일) 10:00~17:30
(입장마감17:00)",,
3112159,인천대공원 반려견놀이터,인천광역시 남동구 무네미로 236,12,인천광역시,37.4577461335,126.749303301,,인천대공원 내 위치한 반려견놀이터,,,,,,,,(4~11월) 10:00 ~ 20:00(12~3월) 10:00 ~ 17:30,,
3112158,춘천시 반려동물 놀이터 같이놀개,강원특별자치도 춘천시 신북읍 영서로 3282,12,강원특별자치도,37.9416101578,127.7122821547,,"같이놀개'는 춘천시 동물보호센터 내에 위치한 반려견 놀이터로, 동물등록을 한 반려견과 보호자가 무료로 이용할 수 있다. 질병이 있는 반려견이나 발정이 있는 반려견, 맹견 등은 출입이 제한된다. 반려견 놀이터 내에는 어질리티 기구, 음수전, 배변봉투함 등이 조성되어 있으며, 이용자는 입장 전 출입 명부 작성 후 반려견과 함께 자유롭게 이용할 수 있다.",,https://aps.chuncheon.go.kr/main,,,,,,대형견: 수·금·일요일 10:00~18:00중·소형견: 화·목·토요일 10:00~18:00,,
2685459,갈매기다방,강원특별자치도 강릉시 연곡면 영진길 63,39,강원특별자치도,37.870373343,128.8430040037,http://tong.visitkorea.or.kr/cms/resource/78/2684778_image2_1.jpg,제철과일을 이용한 홍콩와플이 맛있는 바다가 보이는 감성카페다.,010-9110-1874,http://instagram.com/_kkilook,일부구역 동반가능,,목줄 착용,"반려견 동반 시 야외 테라스만 이용 가능합니다. 리드 줄 필수입니다. 마킹/배변은 주의해 주세요. 우천 시에는 동반 불가 합니다.
* 반려견 동반 운영 정책은 현지 사정에 따라 변동 될 수 있습니다.",야외 테라스,11:00 ~ 22:00,연중무휴,가능 (8대)
2793737,바셀로,강원특별자치도 평창군 용평면 느므골길 53,39,강원특별자치도,37.5776353311,128.4278642913,http://tong.visitkorea.or.kr/cms/resource/58/2793658_image2_1.jpg,평창 용평면에 위치한 곳으로 바셀로는 자연과 벗삼아 힐링이 가능한 로스팅 카페이다.,,,일부구역 동반가능,,,"반려견 동반 시 야외 테라스 이용 가능합니다.
* 반려견 동반 운영 정책은 현지 사정에 따라 변동 될 수 있습니다.",넓은 잔디밭,10:30~20:00,없음,있음
2040065,에오스,대구광역시 중구 중앙대로81길 22 (동일동),32,대구광역시,35.8699449351,128.592390723,,"대구광역시 동성로 중심에 자리한 에오스호텔은 대구 시내와 인접하여 여행객과 비즈니스 출장객이 묵기에 좋다. 객실은 넓고 깨끗하고 조용하며, 일부 객실에는 스타일러와 안마의자, 욕조가 비치되어 있어 휴식을 취하기에 좋다. 중앙로역 1번 출구에서 가까워 교통 접근성이 좋고, 근처에 맛집이 많고 도보 5분 거리에 대구 백화점도 있어 편리하게 여행할 수 있다.",053-424-0001,https://hoteleos.modoo.at,,불가,,,,16:00,,가능
